מזהה מוסך,שם מוסך,סוג מוסך,עיר / יישוב,כתובת,טלפון,מיקוד,מספר ח.פ / רשם חברות,כמות מקצועות,מקצועות והתמחויות,מנהלים מקצועיים
16,נירים מוסך הקבוץ,מוסך מורשה,נירים,ד.נ. הנגב,054-7916219,85125,570005926,4,מכונאות רכב בנזין | מכונאות רכב דיזל | טרקטורים ומכונות ניידות | תיקון מלגזות הרמה,אליהו ציון
23,קבוץ רביבים,מוסך מורשה,רביבים,ד.נ. חלוצה,08-6562541,85515,57000358,4,מכונאות רכב בנזין | מכונאות רכב דיזל | טרקטורים ומכונות ניידות | תיקון מלגזות הרמה,בן יוסף יאיר
27,עמליה שרון - מוסך רוממה ירושלים,מוסך מורשה,ירושלים,ג. שאול מרכז ספיר 6,02-6516060,94341,910042,2,מכונאות רכב בנזין | רפידות ותופי בלם,שרון עופר
43,מוסך ויזמות א.ש.חקלאית בע מ,מוסך רישוי לציוד חקלאי,זיקים,ד.נ. חוף אשקלון,08-6746416,79140,570037424,10,מכונאות רכב בנזין | מכונאות רכב דיזל | תיקון אחזקת רכב חשמלי/היברידי | אוטוטק תיקון והחלפת צמיגים | מוסך רישוי לציוד חקלאי | אישור כשירות לצמ ה ומכונה ניידת | תיקון טרקטורונים | אוטוטק טרקטורים ומכונות ניידות | תיקון מלגזות הרמה | שירות תיקון למזגן אויר לרכב,דהרי מנחם
76,אחזקות שובל אגש ח בע מ  - מוסך,מוסך מורשה,שובל,ד.נ. הנגב,08-9916217,85320,570005033,5,מכונאות רכב בנזין | מכונאות רכב דיזל | תיקון אחזקת רכב חשמלי/היברידי | חשמלאות רכב | אוטוטק טרקטורים ומכונות ניידות,עין גדי טל | אילסון שגיא
80,מרכז שרות יד מרדכי אגש ח בע מ,מוסך מורשה,יד מרדכי,ד.נ חוף אשקלון,08-6720513,79145,570038091,4,אוטוטק רכב קל | תיקון אחזקת רכב חשמלי/היברידי | תיקון והחלפת צמיגים | אוטוטק טרקטורים ומכונות ניידות,שטרנברג ערן | שטרנברג דב
81,אחזקות  אורים אגש ח בע מ,מוסך מורשה,אורים,ד.נ הנגב,08-9920233,85530,570032490,6,מכונאות רכב בנזין | מכונאות רכב דיזל | אישור כשירות לצמ ה ומכונה ניידת | טרקטורים ומכונות ניידות | תיקון טרקטורונים | תיקון מלגזות הרמה,אהרון ישראל
84,בארי יזמויות א.ג.שח בע מ,מוסך מורשה,בארי,ד.נ. הנגב בארי,08-9949468,85135,570050005,7,אוטוטק רכב קל | תיקון אחזקת רכב חשמלי/היברידי | תיקון מרכבי רכב | צבעות רכב | אוטוטק תיקון והחלפת צמיגים | אוטוטק אופנועים/קטונעים/טרקטרונים | אוטוטק טרקטורים ומכונות ניידות,שטינברג איתי | איזמאלוב סרגיי | איזמאילוב סרגיי | דבורי יוגב
91,מפעלי ים המלח בע מ סדום,מוסך רישוי לשרות עצמי,באר שבע,ת.ד.75 מוסך רכב קל,08-9977913,84100,520019373,11,מכונאות רכב בנזין | מכונאות רכב דיזל | מכונאות דיזל משאיות ואוטובוסים | חשמלאות רכב | תיקון והחלפת צמיגים | בדיקות עשן ברכב דיזל | מוסך רישוי לשרות עצמי | אישור כשירות לצמ ה ומכונה ניידת | טרקטורים ומכונות ניידות | תיקון מלגזות הרמה | שירות תיקון למזגן אויר לרכב,ויגדורוביץ רוני | שניאור אלי | עמר יניב | לייב איתן | זפרני חנניה
103,פנצרית צומת המהפך,מוסך מורשה,בית שמש,צומת שמשון ד.נ. שמשון,02-9917907,99000,510590896,1,תיקון והחלפת צמיגים,חזן שמעון
121,חברת נמל אילת בע מ,מוסך מורשה,אילת,נמל אילת ת.ד.37,08-6358395,88100,513569764,8,מכונאות רכב בנזין | מכונאות רכב דיזל | מכונאות דיזל משאיות ואוטובוסים | תיקון והחלפת צמיגים | אישור כשירות לצמ ה ומכונה ניידת | טרקטורים ומכונות ניידות | תיקון טרקטורונים | תיקון מלגזות הרמה,כהן אשר
130,מוסך המחדש - אסעדון חנן,מוסך מורשה,באר שבע,הנגרים 10 ת ד 281,08-6234886,84890,55686497,2,תיקון מרכבי רכב | צבעות רכב,ביטון יוסף
144,מוסך מסמיה מ.י בע מ,מוסך מורשה,בני ראם,מסמיה ד.נ שקמים,08-8583568,79835,511076465,9,מכונאות רכב בנזין | מכונאות רכב דיזל | מכונאות רכב גפ מ | תיקון אחזקת רכב חשמלי/היברידי | חשמלאות רכב | תיקון מרכבי רכב | צבעות רכב | תיקון והחלפת צמיגים | שירות תיקון למזגן אויר לרכב,תמיר בנימין | בכור עודד | אלנסאסרה אמין | הרשקוביץ משה שמ
155,מוסך רמ ר (1987)בע מ,מוסך מורשה,אשקלון,המרכבה 15,08-6759995,78359,511188773,3,מכונאות רכב בנזין | מכונאות רכב דיזל | תיקון אחזקת רכב חשמלי/היברידי,קאפח יאיר
156,סול טסט בע מ,מכון רישוי,באר שבע,דליה 8 ת.ד 295,08-6279152,84890,511165102,5,בדיקות עשן ברכב דיזל | בדיקות-רכב )קניה ומכירה) | מכון רישוי-פתוח לשרות הציבור | תיקון וכוון מתלים ברכב | בדיקת רכב לאחר תאונה,אוחיון ראובן
170,מפעלי תובלה בע מ,מוסך מורשה,דימונה,פליקס זנדמן 1 ת.ד 1925,08-6821312,86119,520025479,3,אוטוטק רכב קל | מכונאות דיזל משאיות ואוטובוסים | תיקון וכוון מתלים ברכב,מאייר ירון
177,דורות אחזקות וניהול )ד.א.ן( בע מ,מוסך מורשה,דורות,ד.נ. חוף אשקלון,08-6808094,79175,570040683,9,מכונאות רכב בנזין | מכונאות רכב דיזל | מכונאות דיזל משאיות ואוטובוסים | תיקון אחזקת רכב חשמלי/היברידי | תיקון והחלפת צמיגים | אישור כשירות לצמ ה ומכונה ניידת | טרקטורים ומכונות ניידות | תיקון מלגזות הרמה | שירות תיקון למזגן אויר לרכב,בר צבי ארי
196,מוסך אדיב ארמוזה בע מ,מוסך מורשה,ירושלים,רוממה הריקמה 7,02-5380340,94468,510997109,6,מכונאות רכב בנזין | אוטוטק רכב קל | מכונאות רכב דיזל | תיקון אחזקת רכב חשמלי/היברידי | תיקון מרכבי רכב | צבעות רכב,אירמוזה אליהו | אברהם מנחם | ארמוזה אלי
220,פלמח צובה מוסך הקיבוץ,מוסך מורשה,צובה,דנ הרי יהודה,02-5347705,90870,570007955,8,מכונאות רכב בנזין | מכונאות רכב דיזל | תיקון אחזקת רכב חשמלי/היברידי | תיקון והחלפת צמיגים | אישור כשירות לצמ ה ומכונה ניידת | טרקטורים ומכונות ניידות | תיקון מלגזות הרמה | שירות תיקון למזגן אויר לרכב,הדני יעקב | לוי יעקב | יעקב הדני
230,טרקטורים וציוד )אי.טי.אי( בע מ,מוסך רישוי לציוד חקלאי,אילת,כרמל 7 ת.ד 5398,08-6316906,88100,512994054,6,אוטוטק רכב קל | מכונאות דיזל משאיות ואוטובוסים | מוסך רישוי לציוד חקלאי | אישור כשירות לצמ ה ומכונה ניידת | תיקון טרקטורונים | אוטוטק טרקטורים ומכונות ניידות,סוויסה אושיק-אש
231,אוטו פיקס ש.רכב - הנהלת אחמד,מוסך מורשה,באר שבע,הנגרים 5,050-5395396,84890,28266005,2,מכונאות רכב בנזין | מכונאות רכב דיזל,לוזון מרדכי
237,תעבורה אחזקות בע מ,מוסך מורשה,בני ראם,מסמיה ד.נ שקמים,08-8500107,79835,512562422,6,מכונאות רכב דיזל | מכונאות דיזל משאיות ואוטובוסים | תיקון אחזקת רכב חשמלי/היברידי | חשמלאות רכב | תיקון והחלפת צמיגים | שירות תיקון למזגן אויר לרכב,ביטון שמעון | פינחסוב אלכסנדר | גמליאלי שני יהו
243,חשמל גלים אשדוד (1996) בע מ,מוסך מורשה,אשדוד,פז גלים ת.ד. 12614,08-8521702,77100,512398306,2,חשמלאות רכב | שירות תיקון למזגן אויר לרכב,פרנקל יצחק
251,מוסך השלום- אבוטבול אורי,מוסך מורשה,באר שבע,דרך חברון גבים 4,08-6276451,84890,57118416,2,מכונאות רכב בנזין | מכונאות רכב דיזל,אבוטבול אורי
252,אגד חברה לתחבורה בע מ,מוסך מורשה,אשקלון,מרכז נפתי,08-6750221,78100,516041118,7,מכונאות רכב דיזל | מכונאות דיזל משאיות ואוטובוסים | תיקון אחזקת רכב חשמלי/היברידי | חשמלאות רכב | תחזוקה ובדיקת מערכת כיבוי אש באוטו' | תיקון מחוונים | תיקון וכיול טכוגרפים,ברכה שרון | שמיע יהושע | שמיע יהשוע
268,מוסך האור בהנהלת סוהיב,מוסך מורשה,באר שבע,דרך חברון 8,050-6656891,84102,312584188,2,מכונאות רכב בנזין | מכונאות רכב דיזל,אסור אליהו
274,צרעה מוסך הקיבוץ,מוסך מורשה,צרעה,ד.נ האלה,02-9908242,99803,570007716,5,מכונאות רכב בנזין | מכונאות רכב דיזל | תיקון והחלפת צמיגים | טרקטורים ומכונות ניידות | תיקון מלגזות הרמה,ליברמן פנחס
283,שרות אוטומובילים - וייס אמנון,מוסך מורשה,אשקלון,אורט 1,08-6734303,78100,52823234,1,תיקון והחלפת צמיגים,וייס אמנון
286,האור ס.ע. לחלקי חילוף 2019 בע מ,מוסך מורשה,באר שבע,הנגרים 10,050-7958279,84890,516070893,2,מכונאות רכב בנזין | מכונאות רכב דיזל,דסקלוב קונסטנטי
291,א.ארגמן סוכנות דרום בע מ,מוסך מורשה,באר שבע,המלאכה 18,08-6278184,84890,512746231,4,מכונאות רכב בנזין | מכונאות רכב דיזל | תיקון אחזקת רכב חשמלי/היברידי | שירות תיקון למזגן אויר לרכב,ארגמני גדעון | ארגבני יגאל
292,ראובן אילן - מוסך אר - קר,מוסך מורשה,אשדוד,העבודה 44 ת.ד 12436,08-8524659,77100,68692698,1,שירות תיקון למזגן אויר לרכב,ראובן אילן
295,גלאון מוטורס בע מ,מוסך מורשה,אשקלון,הפנינים 7 ת ד 211,08-6750811,78101,514284975,5,אוטוטק רכב קל | מכונאות רכב דיזל | תיקון אחזקת רכב חשמלי/היברידי | תיקון מרכבי רכב | צבעות רכב,דאבוש אלעד | ארביב ראובן | בסילה מאגד
297,מוסך מלכה יצחק - מלכה עופר,מוסך מורשה,באר שבע,דקל 8 ת.ד.4135,08-6277412,84890,23033681,2,מכונאות רכב בנזין | מכונאות רכב דיזל,מלכה עופר
300,קבוצת הדרך הירוקה אגש ח בע מ,מוסך מורשה,נגבה,דנ לכיש צפון,08-6774891,79408,570062174,4,מכונאות רכב בנזין | מכונאות רכב דיזל | טרקטורים ומכונות ניידות | תיקון מלגזות הרמה,אריאלי גלעד
319,סויסה אריה - מוסך בית הרכב,מוסך מורשה,ירושלים,שד בן צבי בתחנת דלק פז,02-6243066,94555,56461239,1,אוטוטק רכב קל,לוי יוסף
332,קבוץ רוחמה בע מ,מוסך מורשה,רוחמה,ד.נ. חוף אשקלון רוחמה,08-6807716,79180,570003111,6,מכונאות רכב בנזין | מכונאות רכב דיזל | אישור כשירות לצמ ה ומכונה ניידת | טרקטורים ומכונות ניידות | תיקון טרקטורונים | תיקון מלגזות הרמה,איתמרי  אמציה | איתמר אמציה | איתמרי אמציה
335,מישר רכב ותנועה בע מ,מכון רישוי,ירושלים,תלפיות רח' הסדנא 10,02-6782236,93420,511813495,5,בדיקות עשן ברכב דיזל | בדיקות-רכב )קניה ומכירה) | מכון רישוי-פתוח לשרות הציבור | תיקון וכוון מתלים ברכב | בדיקת רכב לאחר תאונה,עותמאן ג'יברין | גובניצקי ליאוני
345,רישוי ישראל - באר טוביה,מכון רישוי,קריית מלאכי,ניר 4 א.ת באר טוביה,08-8582124,70900,30517122,3,בדיקות עשן ברכב דיזל | מכון רישוי-פתוח לשרות הציבור | תיקון וכוון מתלים ברכב,גוילי ישראל
351,חשמל דוד חי בע מ,מוסך מורשה,קריית גת,חשוון 24 ת.ד. 2828,08-6603365,82000,516563939,2,חשמלאות רכב | שירות תיקון למזגן אויר לרכב,הרוש דוד
358,גא'נו צמיגים בע מ,מוסך מורשה,באר שבע,המלאכה 1,08-6232745,84841,51189215,2,תיקון והחלפת צמיגים | תיקון וכוון מתלים ברכב,ברבי ציון
360,ש.שלמה שרותים בענף הרכב בע מ,מוסך מורשה,ירושלים,תלפיות רח' הרכב 50,02-6499000,93420,513456574,2,אוטוטק רכב קל | תיקון אחזקת רכב חשמלי/היברידי,אלפייה מיכאל
361,דוד תיקוני רכב,מוסך מורשה,קריית גת,המסגר 10,054-6329046,82000,,2,מכונאות רכב בנזין | מכונאות רכב דיזל,יטוב ירחמיאל
362,שטרית יעקב - שטרית מוסך למכונאות,מוסך מורשה,בית שמש,יגאל אלון 18,02-9911253,99000,26704916,3,מכונאות רכב בנזין | מכונאות רכב דיזל | מכונאות דיזל משאיות ואוטובוסים,שיטרית שמעון | שיטרית יעקב
363,צמיגי דרך אשקלון בהנהלת שבי,מוסך מורשה,אשקלון,העבודה 20,053-7778561,98594,200560753,2,תיקון והחלפת צמיגים | תיקון וכוון מתלים ברכב,שמלה שבי | שביט יוסף
364,מוסך קיבוץ מגן,מוסך רישוי לציוד חקלאי,מגן,ד.נ. הנגב,08-9983023,85465,570008276,6,אוטוטק רכב קל | תיקון אחזקת רכב חשמלי/היברידי | מוסך רישוי לציוד חקלאי | אישור כשירות לצמ ה ומכונה ניידת | תיקון טרקטורונים | אוטוטק טרקטורים ומכונות ניידות,אגמי נוה
366,מוסך איציק - זאיבלב ולדיסלב,מוסך מורשה,באר שבע,הנגרים 13 ת.ד. 17253,08-6275980,84890,310140868,2,תיקון מרכבי רכב | צבעות רכב,שלום יצחק
368,אגד חברה לתחבורה  בע מ,מוסך מורשה,באר שבע,ד ר פליקס זנדמן 24,03-9143418,84890,516041118,8,מכונאות רכב דיזל | מכונאות דיזל משאיות ואוטובוסים | תיקון אחזקת רכב חשמלי/היברידי | חשמלאות רכב | תחזוקה ובדיקת מערכת כיבוי אש באוטו' | תיקון מחוונים | שירות תיקון למזגן אויר לרכב | תיקון וכיול טכוגרפים,ששי דניאל | פרץ דניאל דו | מרקוביץ אריה | פריאנטה סימון | קזס עמירם
369,מוסך לצי ובניו (1986) בע מ,מוסך מורשה,באר שבע,אליהו נאוי 13 ת.ד 458,08-6272666,84104,511119059,2,אוטוטק רכב קל | תיקון אחזקת רכב חשמלי/היברידי,מאיר בני
371,מוסך אילת -  דדון אלי,מוסך מורשה,אילת,דרך הצלחה 16,08-6378580,88000,56180979,2,מכונאות רכב בנזין | מכונאות רכב דיזל,דדון יוסף
373,מוסך ארתור את יצחק חברה בע מ,מוסך מורשה,ירושלים,תלפיות רח' הסדנא מס' 15,02-6782422,93420,510568934,3,מכונאות רכב בנזין | מכונאות רכב דיזל | תיקון אחזקת רכב חשמלי/היברידי,קלנר רוני
376,מוסך א.נ.ש.רכב- אזברגה אחמד,מוסך מורשה,באר שבע,עמיעז 6ב ת ד 17563,08-6231980,84100,59938563,1,אוטוטק רכב קל,אזברגה אחמד
377,קיבוץ ניר יצחק - מוסך,מוסך מורשה,ניר יצחק,ד.נ. הנגב,08-9983329,85455,570008821,7,מכונאות רכב דיזל | תיקון אחזקת רכב חשמלי/היברידי | תיקון והחלפת צמיגים | אישור כשירות לצמ ה ומכונה ניידת | תיקון טרקטורונים | אוטוטק טרקטורים ומכונות ניידות | שירות תיקון למזגן אויר לרכב,סטמקר דורון דו | עידה דוד
403,מוסך ביליה פחחות- שרלי,מוסך מורשה,באר שבע,אנילביץ' 3,08-6276450,84217,22184683,1,תיקון מרכבי רכב,ביליה שרלי
451,חברת נמל אשדוד בע מ,מוסך מורשה,אשדוד,הנמל ת.ד. 9001,08-8517372,77600,513569772,8,מכונאות רכב בנזין | מכונאות רכב דיזל | מכונאות דיזל משאיות ואוטובוסים | חשמלאות רכב | תיקון והחלפת צמיגים | אישור כשירות לצמ ה ומכונה ניידת | טרקטורים ומכונות ניידות | תיקון מלגזות הרמה,קרייב רפאל | אבן חן יגאל | נעים עמי
453,ניר עוז חקלאות וניהול אגש ח בע מ,מוסך מורשה,ניר עוז,קיבוץ ניר עוז,08-9983722,85122,570068536,4,מכונאות רכב בנזין | מכונאות רכב דיזל | תיקון אחזקת רכב חשמלי/היברידי | אוטוטק טרקטורים ומכונות ניידות,מושייב אדוארד
454,דחבש  המניע - דור לימור,מוסך מורשה,גילת,ד.נ. הנגב צומת גילת,08-9923580,85105,24198160,1,חשמלאות רכב,דחבש זכריה
457,בן חיון מוסך א.ישראל בע מ,מוסך מורשה,אילת,הנגר 1 ת.ד. 5237,08-6378001,88107,512502543,3,מכונאות רכב בנזין | מכונאות רכב דיזל | רפידות ותופי בלם,בן חיון אלי
458,מוסך המבריק דימונה - אלקרם טאהה,מוסך מורשה,דימונה,העמל 55,054-2103757,86000,200259455,1,צבעות רכב,אלקרם טהא
479,אוטו סטרט אילת בע מ,מוסך מורשה,אילת,המלאכה 1 ת.ד. 5185,08-6378278,88000,512746744,1,חשמלאות רכב,נסאר יחיא
498,צמיגי מנשקו - דוד מנשקו,מוסך מורשה,אשקלון,צה ל 26,052-2760229,78593,22785802,1,תיקון והחלפת צמיגים,מנשקו דוד
499,מוסך דני - בוקובזה דניאל,מוסך מורשה,אשקלון,החרט 1,08-6724705,78583,,2,מכונאות רכב בנזין | רפידות ותופי בלם,בוקובזה דניאל
500,מוסך המשק יוטבתה,מוסך רישוי לציוד חקלאי,יטבתה,קיבוץ יוטבתה,08-6357415,88820,570014688,7,מכונאות רכב בנזין | מכונאות רכב דיזל | תיקון אחזקת רכב חשמלי/היברידי | תיקון והחלפת צמיגים | מוסך רישוי לציוד חקלאי | אישור כשירות לצמ ה ומכונה ניידת | טרקטורים ומכונות ניידות,מורג יותם | גורליק אלון
502,פחאם עימד - מוסך אל פחאם,מוסך מורשה,ירושלים,ואדי אגוז 40 ת.ד 22018,052-2892536,97400,81028185,1,אוטוטק מרכבי רכב וצביעתם +מסגרות,פחאם אדם
503,משעשע ואסף- מוסך פחחות וצבע,מוסך מורשה,ירושלים,ת.ד 21603 ואדי אל אגוז,02-6277728,97400,80493463,2,תיקון מרכבי רכב | צבעות רכב,משעשע ואסף
509,גמאל עומר מסרי בע מ מ. פולקסווגן,מוסך מורשה,ירושלים,ואדי אל אגוז ת.ד. 19444,02-6284606,91193,511209785,2,מכונאות רכב בנזין | מכונאות רכב דיזל,אדקידק פתחי
510,מוסך האחים ויקטורי,מוסך מורשה,ירושלים,ואדי אל ג'וז 6,050-5288655,97400,80299050,1,תיקון תיבות הילוכים אוטומטיות,קסאביאן גורג
515,דוויק מגדי  - מוסך דוויק אל דיזל,מוסך מורשה,ירושלים,ואדי אל אגוז,052-2549457,97400,80248792,3,מכונאות רכב בנזין | מכונאות רכב דיזל | מכונאות דיזל משאיות ואוטובוסים,דוויק עדאל
516,מאסו מישל - מוסך אלקודס,מוסך מורשה,ירושלים,ואדי אל אגוז 74,052-4050034,97400,80623887,2,מכונאות רכב בנזין | מכונאות רכב דיזל,דודו רפיק
518,פתיאני אחמד מוסך פתיאני,מוסך מורשה,ירושלים,ואדי ג'וז ת.ד. 22199,02-6280680,97400,80341142,2,מכונאות רכב בנזין | מכונאות רכב דיזל,פתיאני אחמד
520,כורד חסן - מוסך כורד חסן,מוסך מורשה,ירושלים,ואדי אל אגוז ת.ד 67773,052-2286550,97400,29874591,2,מכונאות רכב בנזין | מכונאות רכב דיזל,עבאסי מזיד
521,בהלוואן מוניר - מכונאות רכב,מוסך מורשה,ירושלים,ראס אל עמוד ת ד 20981,050-5386259,97400,80761315,2,מכונאות רכב בנזין | מכונאות רכב דיזל,בהלוואן מוניר
523,חרחש מאהר תיקון צמיגים,מוסך מורשה,ירושלים,ואדי אל אגוז ת.ד. 22255,02-6284040,97400,80291016,1,תיקון והחלפת צמיגים,חרחש מאהר
527,מהלאווס מוסא - מוסך מהלוואס,מוסך מורשה,ירושלים,ואדי אל גוז ת.ד. 19761,052-3862750,97400,80564370,2,מכונאות רכב בנזין | מכונאות רכב דיזל,מהלאווס מוסה | מהלוואס מוסה
532,ברע מ בנגב 1983 בע מ,מוסך מורשה,באר שבע,פנחס החוצב 35 ת.ד.17481,08-6277195,84105,510964257,2,מכונאות רכב בנזין | מכונאות רכב דיזל,לביא משה
534,מ.מ.מ י-ם בדיקות רכב ורישוי בע מ,מכון רישוי,ירושלים,תלפיות התעשיה 14,02-6782898,93420,512137191,5,בדיקות עשן ברכב דיזל | בדיקות-רכב )קניה ומכירה) | מכון רישוי-פתוח לשרות הציבור | תיקון וכוון מתלים ברכב | בדיקת רכב לאחר תאונה,גלעד רוזנברג
536,מוסך יחזקאל ובניו (2000) בע מ,מוסך מורשה,ירושלים,תלפיות מעשה חושב 2,02-6733591,93624,512899113,5,מכונאות רכב בנזין | מכונאות רכב דיזל | תיקון אחזקת רכב חשמלי/היברידי | תיקון מרכבי רכב | צבעות רכב,זבולון עזרא | אהרם פואד | אדקיקד נביל
538,אוטו פח - י.א. בע מ,מוסך מורשה,ירושלים,הסדנא 15 ת.ד. 52109,02-6782472,93420,51361509,2,תיקון מרכבי רכב | צבעות רכב,יחזקאלי אלון
544,אלקורד מחמוד חשמל רכב,מוסך מורשה,ירושלים,ואדי אל אגוז,02-6280850,97400,66580994,1,חשמלאות רכב,קורד מחמוד
553,צדיק צמיגים 1998 בע מ,מוסך מורשה,קריית גת,המלאכה 4,08-6814002,82000,512577115,1,תיקון והחלפת צמיגים,צדיק רוני
555,חשמל רכב חיים - סולומון מלכה,מוסך מורשה,קריית גת,המסגר 8 ת.ד 8027,08-6882326,82000,69448868,4,מכונאות רכב בנזין | מכונאות רכב דיזל | חשמלאות רכב | שירות תיקון למזגן אויר לרכב,אונטריכט שמעון | מלכה סלומון
560,הכוכב ב.נדב בע מ,מוסך מורשה,אילת,חטיבת גולני 34 ת.ד. 9206,08-6378937,88000,514503499,2,מכונאות רכב בנזין | מכונאות רכב דיזל,מלכה מאיר
584,גועבי ראג'ח-מוסך אלגעבה,מוסך מורשה,ירושלים,ואדי ג'וז ת.ד 55377,02-6264139,97400,80450927,2,מכונאות רכב בנזין | מכונאות רכב דיזל,גועבי ראג'ח
587,רכב אטמור בע מ,מוסך רישוי לרכב חדש,אשדוד,ההדרים  40,08-6706050,77613,510595408,7,מכונאות רכב בנזין | אוטוטק רכב קל | מכונאות רכב דיזל | תיקון אחזקת רכב חשמלי/היברידי | תיקון מרכבי רכב | צבעות רכב | רישום ראשוני לרכב חדש,אטיאס רפאל | קידר אילן | סונקין יעקב | אטיאס אריאל
598,מוסך רפי עמירה ובניו בע מ,מוסך מורשה,אשקלון,הפנינים 5 ת.ד 164,08-6750304,78101,513326538,5,מכונאות רכב בנזין | מכונאות רכב דיזל | תיקון אחזקת רכב חשמלי/היברידי | תיקון מרכבי רכב | צבעות רכב,עמירה דרור | פסחוביץ' אולג
606,אגד חברה לתחבורה בע מ,מוסך מורשה,אילת,כרמל 20,03-9143701,88000,516041118,7,מכונאות רכב דיזל | מכונאות דיזל משאיות ואוטובוסים | תיקון אחזקת רכב חשמלי/היברידי | חשמלאות רכב | תחזוקה ובדיקת מערכת כיבוי אש באוטו' | שירות תיקון למזגן אויר לרכב | תיקון וכיול טכוגרפים,לוי דוד | פרץ יוסף
607,שהין חאלד צבעות רכב,מוסך מורשה,ירושלים,ואדי אל גוז ת.ד 54191,052-2407570,97400,80327471,1,צבעות רכב,שהין חאלד
634,קוואסמי נעמן פחחות רכב,מוסך מורשה,ירושלים,דואר שועפט ת.ד. 25132,02-5812715,97966,80280001,3,תיקון מרכבי רכב | מסגרות רכב )תיקון ארגזים) | צבעות רכב,קוואסמה נעמאן
652,צמיגי נחמן בע מ,מוסך מורשה,ירושלים,רוממה רחוב תובל 1,02-5381035,95306,516670833,1,תיקון והחלפת צמיגים,חסקי מרדכי
655,מיכה את יואב שרותי רכב בע מ,מוסך מורשה,ירושלים,תלפיות רח' הרכב 18,02-6780851,93420,512115072,2,מכונאות רכב בנזין | מכונאות רכב דיזל,מזרחי יואב
666,אחזקות וניהול בית ניר אגשח בעמ,מוסך מורשה,בית ניר,דנ שדה גת,08-6874314,79560,570043869,5,מכונאות רכב בנזין | מכונאות רכב דיזל | תיקון והחלפת צמיגים | טרקטורים ומכונות ניידות | תיקון מלגזות הרמה,חן מייק
667,מנשקו גיא - מנשקו אשדוד,מוסך מורשה,אשדוד,הנחושת 33 ת.ד. 12001,08-8531082,77607,32361198,2,תיקון והחלפת צמיגים | תיקון וכוון מתלים ברכב,מנשקו גיא | לוי עובדיה
669,א.צ טכנולוגיות לרכב ט.נ 2000 בעמ,מוסך מורשה,אילת,הנפח 4 ת.ד.5184,08-6378073,88108,512917428,5,מכונאות רכב בנזין | אוטוטק רכב קל | מכונאות רכב דיזל | מכונאות דיזל משאיות ואוטובוסים | תחזוקה ובדיקת מערכת כיבוי אש באוטו',נחמיאס אברהם | אסאייג יורם | נחמיאס  אברהם
673,ביג צ'ייס אופנועים בע מ,מוסך מורשה,ירושלים,תלפיות בעלי מלאכה 1,02-6794488,93420,514941269,2,מכונאות אופנועים וקטנועים | תיקון טרקטורונים,גילה יובל
676,מוסך יעדים בהנהלת חוסם,מוסך מורשה,באר שבע,פנחס החוצב 83,052-4345754,84103,315920934,2,מכונאות רכב בנזין | מכונאות רכב דיזל,אזרן מרדכי
677,אלירז שרותי רכב בע מ,מוסך מורשה,אשקלון,עזרא יסודי 1 ת.ד. 204,08-6722253,95263,511423592,7,מכונאות רכב בנזין | מכונאות רכב דיזל | תיקון אחזקת רכב חשמלי/היברידי | חשמלאות רכב | תיקון מרכבי רכב | צבעות רכב | שירות תיקון למזגן אויר לרכב,רזון מרדכי | ריפולד אליעזר | רפולד אליעזר | קרוגליאק יבגני
679,תרתיר ריאד-מוסך דיזל האומן 2015,מוסך מורשה,ירושלים,תלפיות רח' הרכב 26,02-6791101,93420,81033078,3,מכונאות רכב בנזין | מכונאות רכב דיזל | שירות תיקון למזגן אויר לרכב,תרתיר ריאד
688,עין גדי בע מ,מוסך מורשה,עין גדי,ד.נ. ים המלח,08-6594606,86980,570013755,7,מכונאות רכב בנזין | מכונאות רכב דיזל | תיקון אחזקת רכב חשמלי/היברידי | תיקון והחלפת צמיגים | אישור כשירות לצמ ה ומכונה ניידת | טרקטורים ומכונות ניידות | תיקון מלגזות הרמה,צברי חגי
691,מוסך אקסלוסיב (1997)  בע מ,מוסך מורשה,באר שבע,פנחס החוצב 37,08-6234139,84890,512559147,3,תיקון אחזקת רכב חשמלי/היברידי | תיקון מרכבי רכב | צבעות רכב,כהן שלמה
699,יעקב דרעי - מוסך אל-אייקר,מוסך מורשה,ירושלים,תלפיות רח' הרכב 13,02-6480602,93420,56055742,2,מכונאות רכב בנזין | מכונאות רכב דיזל,דרעי קובי
713,בלאל אללבאן-צמיגי אורשלים,מוסך מורשה,ירושלים,פז קרית מנחם פינת ברזיל,02-6501700,96784,37179330,1,תיקון והחלפת צמיגים,אללבאן בלאל
732,מוסך ושרותי רכב מרכז העיר,מוסך מורשה,ירושלים,ואדי אל אגוז 22118,054-5637387,97400,305575961,1,תיקון מרכבי רכב,אבו אלדבעאת מוח
733,קאווסמי נעים מוסך באן-פחחות צבע,מוסך מורשה,ירושלים,ואדי אל גוז ת.ד. 67329,054-4504005,97400,80086085,2,תיקון מרכבי רכב | צבעות רכב,קאווסמי נעים
735,מוסך התקווה -בהנהלת לואי,מוסך מורשה,באר שבע,המלאכה 6,050-9750203,84890,326027125,2,מכונאות רכב בנזין | מכונאות רכב דיזל,אלנעאמי גאזי
743,מרכז הפרונט,מוסך מורשה,אשדוד,העבודה 46,050-4455331,77600,513145854,4,מכונאות רכב בנזין | מכונאות רכב דיזל | בדיקות-רכב )קניה ומכירה) | תיקון וכוון מתלים ברכב,זראי חיים
755,עוזי ובנו שרותי חשמל בע מ,מוסך מורשה,באר טוביה,א התעשיה,08-8581868,70996,512546631,6,מכונאות רכב בנזין | מכונאות רכב דיזל | תיקון אחזקת רכב חשמלי/היברידי | חשמלאות רכב | תיקון קרבורטורים | שירות תיקון למזגן אויר לרכב,בונגק איל | בונגק אייל | בונגק עוזי
762,מוסך צמרת - רנו אשדוד בע מ,מוסך מורשה,אשדוד,א התעשיה הצפוני ת.ד. 861,08-8521713,77107,511515348,7,מכונאות רכב בנזין | אוטוטק רכב קל | מכונאות רכב דיזל | תיקון אחזקת רכב חשמלי/היברידי | תיקון והחלפת צמיגים | תיקון וכוון מתלים ברכב | שירות תיקון למזגן אויר לרכב,מרק מאיר | בן דוד משה | שקורי ניראל
773,כלח אחזקות בע מ - מ. קיבוץ להב,מוסך מורשה,להב,ד.נ הנגב,08-9913308,85335,570045104,5,אוטוטק רכב קל | תיקון אחזקת רכב חשמלי/היברידי | תיקון והחלפת צמיגים | טרקטורים ומכונות ניידות | תיקון מלגזות הרמה,רביד תומר
779,שאול יוניסי חשמלאות רכב בע מ,מוסך מורשה,ירושלים,תלפ'בעלי מלאכה 11,02-6783622,93420,511403909,1,אוטוטק רכב קל,יוניסי איתי
781,האחים נחמיה י.ג.ע.א.ן.בע מ,מוסך מורשה,ירושלים,תלפיות רח' צרת 7,02-6783550,94544,511273476,2,תיקון מרכבי רכב | צבעות רכב,נחמיה איתן
792,אילת ציון פחחות וצבע בע מ,מוסך מורשה,אילת,התושיה 15 ת.ד. 1525,08-6318477,88116,513176461,2,תיקון מרכבי רכב | צבעות רכב,אזולאי ציון
796,ל.מ.ש.מ נכסים בע מ,מוסך מורשה,אשדוד,עורף הנמל תחנת דלק,08-8520202,77100,515722635,1,תיקון והחלפת צמיגים,זיו ליאור
797,שהאב באסם - תיקון תקרים,מוסך מורשה,ירושלים,ואדי אגוז ת.ד 51245,02-6287478,97400,80215361,1,תיקון וכוון מתלים ברכב,שהאב בסאם
819,פנצרית ערד מצדה בע מ,מוסך מורשה,ערד,שמיר 6  ת ד 599,08-9971274,80700,513105445,1,תיקון והחלפת צמיגים,אלקרעין עיד
833,אורי עומרן-צמיגי אביב הלוי,מוסך מורשה,אשדוד,העבודה 17,08-8523384,77600,57837965,1,תיקון והחלפת צמיגים,עומרן אורי
852,עמנואל ציון חשמלאות רכב,מוסך מורשה,אשקלון,צה ל 26,08-6753146,78593,73865560,2,חשמלאות רכב | שירות תיקון למזגן אויר לרכב,עמנואל ציון
854,מוסך נאמן יורם ויחייה בע מ,מוסך מורשה,באר טוביה,א תעשיה ת.ד. 639,08-8582454,70996,510924723,3,אוטוטק רכב קל | מכונאות דיזל משאיות ואוטובוסים | תיקון אחזקת רכב חשמלי/היברידי,נאמן ברק
868,מוסך ראנדן בע מ,מוסך מורשה,ירושלים,בעלי המלאכה 2 א.ת תלפיות,02-6780790,93420,516907946,4,מכונאות רכב בנזין | מכונאות רכב דיזל | תיקון אחזקת רכב חשמלי/היברידי | שירות תיקון למזגן אויר לרכב,שמע דניאל | שמאע דניאל
877,ממן שמעון צבעות רכב,מוסך מורשה,ירושלים,ת. הרכב 14 ת.ד. 52203,02-6783174,93420,78790417,2,תיקון מרכבי רכב | צבעות רכב,ממן שמעון
882,מוסך קיבוץ רעים,מוסך מורשה,רעים,קיבוץ רעים,08-9940421,85132,570008623,5,חשמלאות רכב | תיקון והחלפת צמיגים | טרקטורים ומכונות ניידות | תיקון מלגזות הרמה | שירות תיקון למזגן אויר לרכב,גלעדי ברוך | רפאלוב יעקב
915,מוסך זמיר בקל  בע מ,מוסך מורשה,ירושלים,ג.שאול רח' כנפי נשרים 62,02-6580900,94469,511059099,6,מכונאות רכב בנזין | אוטוטק רכב קל | מכונאות רכב דיזל | תיקון אחזקת רכב חשמלי/היברידי | תיקון מרכבי רכב | צבעות רכב,אורי בקל | הללי בן חברון צ | פרשר יניב | סלימה טארק | בקל זמיר
918,מוסך לינר בהנהלת גריגורי,מוסך מורשה,קריית גת,ישראל פולק 53,08-6811729,82000,303904783,2,תיקון מרכבי רכב | צבעות רכב,שנדרוביץ גריגור | לינר יוסף
935,מוסך קאר צ'ק בהנהלת שי רביב,מוסך מורשה,קריית גת,ישראל פולק 47,052-2294393,82103,32265837,4,מכונאות רכב בנזין | מכונאות רכב דיזל | תיקון אחזקת רכב חשמלי/היברידי | תיקון וכוון מתלים ברכב,רביב שי שמעון
938,י.ג המכוון (95) בע מ,מוסך מורשה,ירושלים,תלפיות בעלי מלאכה 3,02-6783555,93420,512187030,2,תיקון והחלפת צמיגים | תיקון וכוון מתלים ברכב,גבאי יונה
939,מוסך המחדש בע מ,מוסך מורשה,ירושלים,תלפיות רחוב הרכב 15,02-6783375,93420,511255937,2,תיקון מרכבי רכב | צבעות רכב,אבו חצירה יצחק
943,מוסך אליק ובניו בע מ,מוסך מורשה,ירושלים,תלפיות בעלי מלאכה 11,02-6783248,93420,514854660,2,תיקון מרכבי רכב | צבעות רכב,מזרחי אברהם
946,ש.ח.ל ומנעולנות - וידאל אסרף,מוסך מורשה,ערד,פלדה 5 ת ד 187,08-9956439,80700,40177305,2,אוטוטק רכב קל | חשמלאות רכב,לסרי שלום שי | אבו נגיא סאלח
950,מוסך ראלי - בורוכוב אברהם,מוסך מורשה,אופקים,אפיקים בנגב 2,054-5861061,80300,310690425,3,מכונאות רכב בנזין | מכונאות רכב דיזל | תיקון וכוון מתלים ברכב,ברששת יצחק
962,צח יובל - מוסך לביא,מוסך מורשה,ירושלים,תלפיות רח' בעלי מלאכה 5,02-6785280,93420,25635269,3,מכונאות רכב בנזין | מכונאות רכב דיזל | תיקון אחזקת רכב חשמלי/היברידי,צח יובל
1006,צמיגי יוסי זוארץ (1994) בע מ,מוסך מורשה,תל אביב -יפו,ראם 11,050-3776119,67019,512011271,1,תיקון והחלפת צמיגים,זוארץ יוסף
1015,קבוץ מעברות,מוסך מורשה,המעפיל,קיבוץ המעפיל,04-6367015,38857,570001461,3,מכונאות רכב בנזין | מכונאות רכב דיזל | תיקון טרקטורונים,שניידר פליקס
1021,מוסך מועדים לשמחה מיכאל בע מ,מוסך מורשה,תל אביב -יפו,שפע טל 7,03-5627722,67013,513141614,3,מכונאות רכב בנזין | מכונאות רכב דיזל | תיקון אחזקת רכב חשמלי/היברידי,מועדים לשמחה ני | מועדים ניר
1046,פליקס בע מ,מוסך מורשה,תל אביב -יפו,טברסקי 5,03-6278000,67210,510443286,5,מכונאות רכב בנזין | מכונאות רכב דיזל | תיקון אחזקת רכב חשמלי/היברידי | חשמלאות רכב | שירות תיקון למזגן אויר לרכב,טורנר עמיר | שוורצמן אולג
1049,ב.ב יד חרוצים 89 בע מ,מוסך מורשה,תל אביב -יפו,יד חרוצים 8,03-6879729,67778,511428971,2,מכונאות רכב בנזין | מכונאות רכב דיזל,יוסופוב פינחס
1067,מוסך מאירמן,מוסך מורשה,פתח תקווה,סגולה 2,052-7203263,49277,22603369,3,מכונאות רכב בנזין | מכונאות רכב דיזל | חשמלאות רכב,טורגמן אוריאל ר | מאירמן מרדכי | טורגמן אוריאל
1115,שמואלוב אליעזר - מוסך אהרון,מוסך מורשה,תל אביב -יפו,העליה 54,050-7252260,66062,7194541,1,מכונאות אופנועים וקטנועים,שמואלוב אליעזר
1119,הילוך שישי ראשל צ בע מ,מוסך מורשה,תל אביב -יפו,קיבוץ גלויות 50,073-2369915,66555,511974800,2,תיקון מרכבי רכב | צבעות רכב,פתיה דודו
1135,מוסך בר יוחאי - לואי חטאב,מוסך מורשה,תל אביב -יפו,בר יוחאי 18,050-2288416,66533,32951709,2,מכונאות רכב בנזין | מכונאות רכב דיזל,אסמר צלאח
1150,אסף מוסך אקספרס אסף הלוי,מוסך מורשה,פתח תקווה,בר כוכבא 59,03-9312439,44220,33408824,2,מכונאות רכב בנזין | מכונאות רכב דיזל,הלוי אסף
1171,מוסך העוגן - סגל הנרי,מוסך מורשה,הוד השרון,דרך השרון 52,050-4672283,45323,26766808,2,מכונאות רכב בנזין | מכונאות רכב דיזל,סגל הנרי
1179,ש. קלעי ובנו בע מ,מוסך מורשה,תל אביב -יפו,טברסקי 7,03-5620345,67210,510965973,6,מכונאות רכב בנזין | מכונאות רכב דיזל | תיקון אחזקת רכב חשמלי/היברידי | חשמלאות רכב | תיקון מרכבי רכב | שירות תיקון למזגן אויר לרכב,רושני דני | סזנייב אברהם | וכילה סטיב | אברהם סזנייב
1183,מוסך קרל בע מ,מוסך מורשה,רמת גן,היצירה 23,03-7515451,52521,511774945,5,מכונאות רכב בנזין | מכונאות רכב דיזל | תיקון אחזקת רכב חשמלי/היברידי | תיקון מרכבי רכב | שירות תיקון למזגן אויר לרכב,ירמיצקי גיל | רחמים ציון | גרבי עזרא
1195,המוסך של איציק קטיפה,מוסך מורשה,פתח תקווה,דוד מרכוס 10,054-7599649,49261,55729586,2,מכונאות רכב בנזין | מכונאות רכב דיזל,מלמד צבי
1285,שואף אריה צמיגים,מוסך מורשה,רמת גן,זבוטינסקי 37,03-7515089,52511,52319258,1,תיקון והחלפת צמיגים,שואף יוסי
1307,ח.ר. חי מוטורס בע מ,מוסך מורשה,נס ציונה,החרש 14,08-9409898,70400,514302595,6,מכונאות רכב בנזין | מכונאות רכב דיזל | תיקון אחזקת רכב חשמלי/היברידי | תיקון מרכבי רכב | צבעות רכב | תיקון והחלפת צמיגים,כוכבי ניר | כחלון עמוס | אפרים גיא | הלוי אביב
1335,מוסך אפ ק - בהנהלת ליאור כהן,מוסך מורשה,תל אביב -יפו,אפק 5,054-3040715,68116,35970623,2,מכונאות רכב בנזין | מכונאות רכב דיזל,לוי ירמיהו
1344,חי לוי קור בע מ,מוסך מורשה,תל אביב -יפו,ישראל בק 22,03-5614471,57437,512570284,1,שירות תיקון למזגן אויר לרכב,לוי ששון
1353,מאיר מרכזי שירות שותפות מוגבלת,מוסך רישוי לרכב בטיפול המוסך,מעברות,דואר נע מעברות,09-8986563,40230,550278154,12,מכונאות רכב בנזין | מכונאות רכב דיזל | מכונאות דיזל משאיות ואוטובוסים | תיקון אחזקת רכב חשמלי/היברידי | חשמלאות רכב | תחזוקה ובדיקת מערכת כיבוי אש באוטו' | אישור כשירות לצמ ה ומכונה ניידת | רישוי לרכב בטיפול המוסך בלבד | טרקטורים ומכונות ניידות | תיקון מלגזות הרמה | מוסך נייד לחילוץ ולתיקוני חירום | שירות תיקון למזגן אויר לרכב,שתרובי עוביידה | מחמוד ניסים | פאסי ניסן
1363,חנאניא ויקטור צמיגי אנטו חנניה,מוסך מורשה,תל אביב -יפו,יפת 88,050-5603036,68171,23111578,1,תיקון והחלפת צמיגים,חנאניא ויקטור
1373,א.י.מ שרותי רכב - מיסא שואמרה,מוסך מורשה,תל אביב -יפו,וסרמן 7,054-3657776,68113,32675530,2,תיקון מרכבי רכב | צבעות רכב,אלקובי אמנון | מנחם איתן
1374,מוסך מוטי יעל ליסינג בע מ,מוסך מורשה,תל אביב -יפו,אילת 9,053-7578338,68118,514668862,2,מכונאות רכב בנזין | מכונאות רכב דיזל,שלו מרדכי
1394,מוסך י.פ. העוגן בע מ,מוסך מורשה,העוגן,קבוץ העוגן,09-8982163,42880,51409514,3,אוטוטק רכב קל | תיקון אחזקת רכב חשמלי/היברידי | תיקון והחלפת צמיגים,ליבשיץ רומן | כצנשטין אמנון ש
1401,מוסך הגורן בע מ,מוסך מורשה,נתניה,ת.ד 13443 האורג 5,09-8624655,42377,511531378,6,מכונאות רכב בנזין | מכונאות רכב דיזל | תיקון אחזקת רכב חשמלי/היברידי | חשמלאות רכב | אוטוטק מרכבי רכב וצביעתם | שירות תיקון למזגן אויר לרכב,אוחיון רפאל | אוחיון יניב
1414,סבח אבישי צמיגי אורון,מוסך מורשה,נתניה,ת.ד. 13212 הכדר 9,09-8822457,42377,36350734,2,תיקון והחלפת צמיגים | תיקון וכוון מתלים ברכב,בלטר אילן | פרץ נתנאל
1416,מקורות חברת מים בעמ,מוסך מורשה,אזור,הפלד 1 תד 556,050-7734237,58810,520010869,6,מכונאות רכב בנזין | מכונאות רכב דיזל | מכונאות דיזל משאיות ואוטובוסים | אישור כשירות לצמ ה ומכונה ניידת | טרקטורים ומכונות ניידות | תיקון מלגזות הרמה,שהרבני אריה
1438,דאוד אבו דאוד מוסך סיטרואן,מוסך מורשה,תל אביב -יפו,עולי ציון 15,03-6812082,68025,59867036,2,מכונאות רכב בנזין | מכונאות רכב דיזל,מחאמיד אחמד
1450,מוהר נתן - מוסך עין החורש,מוסך מורשה,עין החורש,קבוץ עין החורש,04-6127300,38980,9730524,2,מכונאות רכב בנזין | מכונאות רכב דיזל,שמש צבי
1452,א רוט בעמ,מוסך מורשה,תל אביב -יפו,וסרמן 7,03-6818141,68113,512342320,1,תיקון וכוון מתלים ברכב,חלפון ברוך
1462,מ.מ.מ רישוי - בני ברק,מכון רישוי,בני ברק,הירקון 13 ת.ד 127,03-5791615,51201,510931066,5,בדיקות עשן ברכב דיזל | בדיקות-רכב )קניה ומכירה) | מכון רישוי-פתוח לשרות הציבור | תיקון וכוון מתלים ברכב | בדיקת רכב לאחר תאונה,סעדיה אלי | מולה שאול | שמעוני רון
1464,בית הצמיג חברת צמיגים בע מ,מוסך מורשה,תל אביב -יפו,הרכבת 4,053-7684494,65116,510136328,1,תיקון והחלפת צמיגים,בן ארי שמואל
1465,צמיגי דחף בע מ,מוסך מורשה,לוד,"נמל תעופה תד 34, תחנת דלק",08-9712567,70100,512410473,1,תיקון והחלפת צמיגים,בוסיס ראובן
1472,גו פרו מוטורס בע מ,מוסך מורשה,נתניה,פנקס 39,052-5541754,42377,516781598,4,מכונאות רכב בנזין | מכונאות רכב דיזל | חשמלאות רכב | תיקון וכוון מתלים ברכב,לוריא אריאל
1478,אהרון אפרים מוסך עלית,מוסך מורשה,תל אביב -יפו,רח וסרמן 5,03-6822288,68113,54989876,4,מכונאות רכב בנזין | מכונאות רכב דיזל | תיקון מרכבי רכב | שירות תיקון למזגן אויר לרכב,אהרון אפרים | פלאס קוסטה
1491,מוסך א. אהרון 2010 בע מ,מוסך מורשה,ראשון לציון,איזקסון 3,052-2734071,75287,514464254,3,מכונאות רכב בנזין | מכונאות רכב דיזל | חשמלאות רכב,בן משה יעקב
1524,ג. ארנון בע מ,מוסך מורשה,תל אביב -יפו,בן שמן 5,03-6963323,67442,511144016,1,מכונאות אופנועים וקטנועים,ארנון גדליהו
1531,שרותי רכב הדרום - חיים מזרחי,מוסך מורשה,רחובות,היצירה 24,054-8166622,76540,65633679,4,מכונאות רכב בנזין | מכונאות רכב דיזל | תיקון מרכבי רכב | צבעות רכב,חיים מיזרחי | מיזרחי חיים | אלפסי שלום שלמ
1602,מוסך כהן דוד אלברט,מוסך מורשה,פתח תקווה,בר כוכבא 53,050-3206546,49220,,4,מכונאות רכב בנזין | מכונאות רכב דיזל | מכונאות דיזל משאיות ואוטובוסים | רפידות ותופי בלם,כהן דוד
1607,משאלוב צפריר אופנועי הקריה,מוסך מורשה,תל אביב -יפו,יצחק שדה 40,03-5621578,67012,54599378,1,מכונאות אופנועים וקטנועים,משאלוב צפריר
1645,מוסך פריצל דוד,מוסך מורשה,רחובות,הרצל 138,08-9452074,76263,5128194,1,מכונאות אופנועים וקטנועים,פריצל דוד
1668,לוי בינימין מוסך בני,מוסך מורשה,בית חירות,סוף רחוב האורן,09-8666634,40291,51322451,2,מכונאות רכב בנזין | מכונאות רכב דיזל,לוי בנימין
1671,פרנסיס אריה מוסך חיים,מוסך מורשה,תל אביב -יפו,יצחק שדה 33,03-5622165,67213,56554975,1,תיקון מרכבי רכב,פרנסיס אריה
1675,מוסך חדוב - חדוב דאהוד,מוסך מורשה,תל אביב -יפו,וסרמן 4,054-7975295,68113,23112592,2,מכונאות רכב בנזין | מכונאות רכב דיזל,חדוב דאהוד
1694,שותפות אריה נע,מוסך מורשה,פתח תקווה,בר כוכבא 64,052-2245106,49220,22615421,3,מכונאות רכב בנזין | מכונאות רכב דיזל | תיקון אחזקת רכב חשמלי/היברידי,פרחי אריה
1698,שריג עמית - מוסך גבעת ברנר,מוסך מורשה,גבעת ברנר,קבוץ גבעת ברנר,050-7872359,60948,22479125,2,מכונאות רכב בנזין | מכונאות רכב דיזל,שריג עמית
1724,משאלוב אלי אבי גל אופנועים,מוסך מורשה,תל אביב -יפו,יד חרוצים 14,054-5667781,66184,51941771,1,מכונאות אופנועים וקטנועים,מישאלוף רמי רן
1731,מוסך ליה בע מ,מוסך מורשה,חולון,הפלד 40,03-7267307,67442,514649730,2,תיקון מרכבי רכב | צבעות רכב,קבלו דקל
1734,סקסיק הני מוסך יפו למכונאות,מוסך מורשה,תל אביב -יפו,שלמה 12,050-7474428,68111,26267351,2,מכונאות רכב בנזין | מכונאות רכב דיזל,סקסיק האני
1746,מוסך הידרוסטופ נפתלי בע מ,מוסך מורשה,חולון,הבנאי 26,03-5506814,58852,511881898,1,מסגרות רכב )תיקון ארגזים),רובל זאב
1751,דן חברה לתחבורה ציבורית בע מ,מוסך מורשה,תל אביב -יפו,שכון דן עשר תחנות,03-6933534,69719,513183046,5,מכונאות רכב דיזל | מכונאות דיזל משאיות ואוטובוסים | תיקון אחזקת רכב חשמלי/היברידי | תיקון מרכבי רכב | שירות תיקון למזגן אויר לרכב,ביטנסקי רונן מש | ביטנסקי משה רונ | יחזקאל נסים אמנ | היימן עופר פסח
1773,עזר ענבי - מוסך ענבי,מוסך מורשה,רחובות,אפרים זקס 40,08-9413183,76533,24945693,1,חשמלאות רכב,ענבי אייל
1775,יצחק טייץ מוסך חולון,מוסך מורשה,חולון,הפלד 32 א תעשיה,03-5501980,58816,53896890,2,מכונאות רכב בנזין | מכונאות רכב דיזל,יצחק טייץ
1797,שרותי כיוון פרונט התחייה בע מ,מוסך מורשה,תל אביב -יפו,התחיה 22,03-6826858,68169,513813055,1,תיקון וכוון מתלים ברכב,כהן אורי
1802,קבוצת שגריר שירותי רכב בע מ,מוסך מורשה,תל אביב -יפו,המקצוע 3,03-6872908,67772,515158665,3,תיקון אחזקת רכב חשמלי/היברידי | תיקון מרכבי רכב | צבעות רכב,כחלון דוד | בר יעקב
1808,2 אלכס מוטו בע מ,מוסך מורשה,חולון,הסדנא 8 חולון יחידה 12,03-6093959,67443,515002764,2,תיקון והחלפת צמיגים | מכונאות אופנועים וקטנועים,דוביצקי אלכסנדר
1814,קרן משאבות בע מ,מוסך מורשה,חולון,הבנאי 4,03-5588070,58850,510682438,3,מכונאות רכב בנזין | מכונאות רכב דיזל | מכונאות דיזל משאיות ואוטובוסים,מזוז כליפה
1830,מייק בן יוסף - שרות לצמיגים,מוסך מורשה,תל אביב -יפו,הרצל 101,050-6969626,66555,305109753,1,תיקון והחלפת צמיגים,בן יוסף מייק
1837,קבוצת יבנה בע מ )מוסך(,מוסך מורשה,יבנה,דאר נע אבטח,08-8548309,79233,570001297,7,מכונאות רכב בנזין | מכונאות רכב דיזל | תיקון אחזקת רכב חשמלי/היברידי | אישור כשירות לצמ ה ומכונה ניידת | טרקטורים ומכונות ניידות | תיקון מלגזות הרמה | שירות תיקון למזגן אויר לרכב,מעיין גלעד | מעין גלעד | מעין גילעד
1840,קיבוץ בארות יצחק מוסך,מוסך מורשה,בארות יצחק,קיבוץ בארות יצחק,054-3141051,60905,570003038,4,מכונאות רכב בנזין | מכונאות רכב דיזל | טרקטורים ומכונות ניידות | תיקון מלגזות הרמה,צונץ דוד
1857,ניסים חדד מוסך המרכז,מוסך מורשה,רמלה,יהודה הלוי 2,08-9229298,72429,77139939,2,מכונאות רכב בנזין | מכונאות רכב דיזל,פרנק משה
1862,נחשונים בע מ,מוסך מורשה,נחשונים,דנ מרכז,052-3686934,73190,57000606,3,תיקון והחלפת צמיגים | טרקטורים ומכונות ניידות | תיקון מלגזות הרמה,מרימס יורם
1866,אל על נתיבי אויר לישראל בע מ,מוסך רישוי לשרות עצמי,לוד,נ ת ב ג תד 41,054-4584567,70100,520017146,7,מכונאות רכב בנזין | מכונאות רכב דיזל | מכונאות דיזל משאיות ואוטובוסים | חשמלאות רכב | בדיקות עשן ברכב דיזל | מוסך רישוי לשרות עצמי | שירות תיקון למזגן אויר לרכב,סעוני יוסף | גבאי אייל
1869,חמרה יחזקאל,מוסך מורשה,לוד,סוקולוב 7,08-9241862,71227,71416358,1,תיקון והחלפת צמיגים,חמרה יחזקאל
1870,ימין דוד כל צמיג דוד,מוסך מורשה,תל אביב -יפו,ת.ד 51512 טברסקי 4,053-3730055,67210,58078510,1,תיקון והחלפת צמיגים,ימין דוד
1873,הילוך שישי קרסו בע מ,מוסך מורשה,תל אביב -יפו,ריבל 24,03-6381100,67778,516613551,7,מכונאות רכב בנזין | מכונאות רכב דיזל | תיקון אחזקת רכב חשמלי/היברידי | חשמלאות רכב | תיקון מרכבי רכב | צבעות רכב | שירות תיקון למזגן אויר לרכב,יחזקאל עובד | פינק דרור | אברץ מרדכי
1875,ויקטור שרותי רכב בע מ,מוסך מורשה,פתח תקווה,בר כוכבא 49,03-9300152,49220,513056663,3,מכונאות רכב בנזין | מכונאות רכב דיזל | חשמלאות רכב,חפץ אברהם
1883,טופ גאן שיווק,מוסך מורשה,תל אביב -יפו,יגאל אלון 122,03-6918674,67726,28708428,2,מכונאות אופנועים וקטנועים | תיקון טרקטורונים,דובדבני חגי
1884,טייר סנטר רשת צמיגים בע מ,מוסך מורשה,תל אביב -יפו,דרך נמיר 170 ת.דלק,052-8040814,62507,514583558,1,תיקון והחלפת צמיגים,בראהמה מחמוד
1893,מוסך האצטדיון ניסים בע מ,מוסך מורשה,בני ברק,ברוך הירש 17,03-6182003,51207,510977655,8,מכונאות רכב בנזין | מכונאות רכב דיזל | תיקון אחזקת רכב חשמלי/היברידי | חשמלאות רכב | מוסך  מומחה | תיקון מרכבי רכב | צבעות רכב | שירות תיקון למזגן אויר לרכב,שקד ניסים | ענסי יורם | סעאדה יוסף | אגבאריה יוסף | בוקראי אורי | מסראוה מוהנד
1920,מוסך חורשים יהודה בע מ,מוסך מורשה,חורשים,ת.ד.136 חורשים,03-9034441,45865,513848499,2,מכונאות רכב בנזין | מכונאות רכב דיזל,שנבאי שי
1935,שפירא דוד מוסך,מוסך מורשה,פתח תקווה,אלוף דוד מרכוס 4,052-2721553,49227,54098876,2,מכונאות רכב בנזין | מכונאות רכב דיזל,אלכסנדר איגור
1936,יאיר קרישפין טרקטורים וצ.מ.ה,מוסך רישוי לציוד חקלאי,רחובות,קב שילר דנ עמק שו,08-9372910,76802,5154406,5,בדיקות עשן ברכב דיזל | מוסך רישוי לציוד חקלאי | אישור כשירות לצמ ה ומכונה ניידת | טרקטורים ומכונות ניידות | תיקון מלגזות הרמה,קריספין יאיר
1948,מוסך יש סגנון בע מ,מוסך מורשה,רחובות,דרך יבנה,08-9462444,76341,512350950,2,תיקון מרכבי רכב | צבעות רכב,אל- חיאטר איהאב | סויסה יוסי
1957,גבריאל פינחסוב  מוסך  מוטוקלינקה,מוסך מורשה,פתח תקווה,המכבים 31,03-9302003,49220,309468692,2,תיקון אחזקת רכב חשמלי/היברידי | מכונאות אופנועים וקטנועים,פנחסוב גבריאל
1962,ח. חויו ובניו בע מ,מוסך מורשה,חולון,שד.לוי אשכול 1,058-6654300,58251,511277253,1,תיקון והחלפת צמיגים,כהן אברהם
1973,צמיגי המהיר - קובי פלד,מוסך מורשה,לוד,הרצל 119,050-5359074,71335,21924030,2,תיקון והחלפת צמיגים | תיקון וכוון מתלים ברכב,אדמון יעקב | אדמון מאיר
1976,אליהו יהושע מוסך מיכון 93,מוסך מורשה,תל אביב -יפו,"חומה ומגדל 28 ת ,ד 9073",03-5376557,61573,57419558,2,מכונאות רכב בנזין | מכונאות רכב דיזל,אליהו יהושע
1986,מרכז שרות אמיר ת א - אסקרוב תומר,מוסך מורשה,תל אביב -יפו,גולומב 46,03-6825634,68111,27240191,2,אוטוטק רכב קל | תיקון אחזקת רכב חשמלי/היברידי,גנזיה שלמה
1991,מוסך פאר נתניה ל.מ - יאן אלחננוב,מוסך מורשה,נתניה,שכטרמן 4,050-3926211,42379,306540139,5,מכונאות רכב בנזין | מכונאות רכב דיזל | תיקון אחזקת רכב חשמלי/היברידי | חשמלאות רכב | שירות תיקון למזגן אויר לרכב,אלחננוב יאן
1992,מטאור -קורן אהוד,מוסך מורשה,נס ציונה,המלאכה 1 נס ציונה,08-9407089,70400,22578918,2,חשמלאות רכב | שירות תיקון למזגן אויר לרכב,קורן אהוד
2010,מרכז שרות אם קלאס בע מ,מוסך מורשה,נתניה,ת.ד 13270 המסגר 19,09-8824202,42378,513916783,8,מכונאות רכב בנזין | מכונאות רכב דיזל | מכונאות דיזל משאיות ואוטובוסים | תיקון אחזקת רכב חשמלי/היברידי | חשמלאות רכב | תיקון מרכבי רכב | צבעות רכב | שירות תיקון למזגן אויר לרכב,סלארי שלום | סמיר מרעי | מרעי סמיר | בלעום עבד אל ר | בלעום עבד אלרחי
2023,מרכז שירות מוביל כפר סבא בע מ,מוסך מורשה,כפר סבא,ת.ד 2087 המוביל 1,054-4433370,,517108049,5,מכונאות רכב בנזין | מכונאות רכב דיזל | חשמלאות רכב | תיקון מרכבי רכב | צבעות רכב,ברזנדה ליאור | בובליל דוד
2027,מעודה ארז - סיטימן,מוסך מורשה,רמת גן,רמת יצחק עוזיאל 47,03-6768019,52372,36372134,1,מכונאות אופנועים וקטנועים,שר שרון
2039,אלקלעי שבתאי מרכז האגזוז,מוסך מורשה,נתניה,ת.ד 13366 פנקס 16 פינת שכטרמן,09-8824359,42377,58241001,1,תיקון צנורות פליטה ודודי עמם,אלקלעי שבתאי
2040,נחום שמואל קל נע,מוסך מורשה,תל אביב -יפו,דרך מנחם בגין 27,050-5963142,66184,48247167,1,מכונאות אופנועים וקטנועים,נחום יניב
2056,חבר איציק כיווני פרונט,מוסך מורשה,תל אביב -יפו,גרשון 31,053-7269609,67017,53444733,2,תיקון וכוון מתלים ברכב | בדיקת רכב לאחר תאונה,חבר איציק | כהן יצחק
2060,סרנגה ישראל מוסך מעוז,מוסך מורשה,תל אביב -יפו,הנציב 4,03-5616657,67010,10255172,1,תיקון מרכבי רכב,סרנגה ישראל
2073,צמיגי עוזנת בע מ,מוסך מורשה,נתניה,הרצל 102,09-8622565,42391,512408493,1,תיקון והחלפת צמיגים,ארז יעקב
2076,אבי רסקין מוסק רסקין אופק,מוסך מורשה,פתח תקווה,בר כוכבא 70,03-9314160,49220,54035027,1,מכונאות אופנועים וקטנועים,רסקין אבי
2079,ג'ט סטאר ישראל בע מ,מוסך רישוי לרכב חדש,תל אביב -יפו,הסדנא 12,052-8909939,42380,513747915,1,רישום ורישוי לרכב חדש,נלבנדיאן נובאר
2088,מוסך דעבול אייל,מוסך מורשה,פתח תקווה,אפעל 7,054-3551153,49511,22217780,1,אוטוטק רכב קל,דעבול אייל
2093,אבי זרח ובניו בע מ,מוסך מורשה,בני ברק,מבצע קדש 51,03-5792323,51205,514400118,3,תיקון אחזקת רכב חשמלי/היברידי | תיקון מרכבי רכב | צבעות רכב,זירח בן-יוסף | זירח אברהם | זירח עמית
2109,הילוך שישי יפו בע מ,מוסך מורשה,תל אביב -יפו,דרך בן צבי 7,03-6823898,68162,510571078,9,מכונאות רכב בנזין | מכונאות רכב דיזל | תיקון אחזקת רכב חשמלי/היברידי | חשמלאות רכב | תיקון מרכבי רכב | צבעות רכב | תיקון והחלפת צמיגים | תיקון וכוון מתלים ברכב | שירות תיקון למזגן אויר לרכב,בורג שלמה | שטבינסקי עופר | רחמניאן יורם | אילוז יצחק | עיסאוי עאסם
2119,מכון אלשייך יחיא בע מ,מוסך מורשה,רמלה,הרצל 6,08-5396087,72201,515859312,2,תיקון וכוון מתלים ברכב | בדיקת רכב לאחר תאונה,אלשיך יחיא אחמד | קרקר חליל
2125,צומת מוסך בעמ,מוסך מורשה,פתח תקווה,הירקונים 33,03-9312465,49271,510427883,3,מכונאות רכב בנזין | מכונאות רכב דיזל | תיקון אחזקת רכב חשמלי/היברידי,סצמסקי אריה | סצמסקי אריה יצח
2126,משולם עוזיאל מוסך עוזי בייק,מוסך מורשה,תל אביב -יפו,ההגנה 27,054-8021804,67721,200319143,1,מכונאות אופנועים וקטנועים,מעברי ליאור
2133,דן חברה לתחבורה ציבורית בע מ,מוסך רישוי לשרות עצמי ורכב חדש,חולון,תימנע 2,03-6933340,51201,513183046,3,בדיקות עשן ברכב דיזל | מוסך רישוי לשרות עצמי | רישום ורישוי לרכב חדש,פרץ משה
2134,עזריה אריה מוסך טיל,מוסך מורשה,תל אביב -יפו,שונצינו 21,03-5621388,67217,55444418,3,תיקון אחזקת רכב חשמלי/היברידי | תיקון מרכבי רכב | צבעות רכב,גומעה מוחמד | עזריה נדב
2136,המדביק בע מ,מוסך מורשה,תל אביב -יפו,בית אלפא 16,053-7207440,67219,510493596,2,שיפוץ מכללי בלמים | רפידות ותופי בלם,עמרה רפאל
2142,סעד יצחק מוסך שמשון,מוסך מורשה,תל אביב -יפו,שדרות המעפילים 2,03-5373033,,22644942,4,מכונאות רכב בנזין | מכונאות רכב דיזל | צבעות רכב | תיקון והחלפת צמיגים,צפאני צבי | ג'רסי ויקטור | סעד יצחק
2148,מוסך קובי את איציק,מוסך מורשה,גדרה,ת.ד.316,08-8596224,70700,29542768,3,מכונאות רכב בנזין | מכונאות רכב דיזל | תיקון אחזקת רכב חשמלי/היברידי,ארביב יעקב | ארביב קובי
2152,ניסים את שלמה בע מ,מוסך מורשה,תל אביב -יפו,אמץ 1,050-5204452,68165,513356840,1,תיקון מרכבי רכב,סלמאן דוד
2154,אפטידור בע מ,מוסך מורשה,בן שמן (מושב),בן שמן בית הספר,052-2585612,73120,512313883,4,מכונאות רכב בנזין | מכונאות רכב דיזל | טרקטורים ומכונות ניידות | תיקון מלגזות הרמה,בראון מנחם
2156,פ.שלום בע מ,מוסך מורשה,רמלה,קלאוזנר 15,08-9205357,72432,511070492,6,מכונאות רכב בנזין | מכונאות רכב דיזל | חשמלאות רכב | תיקון מרכבי רכב | צבעות רכב | שירות תיקון למזגן אויר לרכב,שלום נגי-יניב | פרץ מאיר | שלום פואד
2163,ניצנים מוסך בעמ,מוסך מורשה,פתח תקווה,גונן 7 ת.ד 6870,03-9225310,49348,510446594,3,מכונאות רכב בנזין | מכונאות רכב דיזל | מכונאות דיזל משאיות ואוטובוסים,רובין יואב
2173,פחחות הצפון רושה בע מ,מוסך מורשה,תל אביב -יפו,הנציב 4,054-2542004,67010,515251163,2,תיקון אחזקת רכב חשמלי/היברידי | תיקון מרכבי רכב,חסונה עיסא | רושה משה
2187,צפאני יחזקאל - שרות יחזקאל,מוסך מורשה,תל אביב -יפו,הקישון 64,03-6826260,66072,49379050,1,מכונאות אופנועים וקטנועים,צאפני יחזקאל
2192,קפיצים לרכב חמילבסקי בע מ,מוסך מורשה,חולון,תמנע 17,03-5500731,58813,513945527,1,תיקון קפיצים ברכב מנועי,מסארוה ראיד
2196,פולץ שרותי רכב 1996 בע מ,מוסך מורשה,תל אביב -יפו,שפע טל 2,03-5627907,67012,512403296,4,מכונאות רכב בנזין | מכונאות רכב דיזל | תיקון אחזקת רכב חשמלי/היברידי | תיקון מרכבי רכב,קוכנר רועי | רועי קוכנר | עטיה אשר
2216,סימנטוב דניאל מוסך פאר,מוסך מורשה,תל אביב -יפו,עציון גבר 15,050-2992063,68164,53672820,2,מכונאות רכב בנזין | מכונאות רכב דיזל,קוסובר גיל
2220,מוסך רעים בע מ,מוסך מורשה,תל אביב -יפו,אנלביץ מרדכי 40,03-6877160,67060,511085706,3,תיקון אחזקת רכב חשמלי/היברידי | תיקון מרכבי רכב | צבעות רכב,כפיר רועי | עמרן אריה
2223,מוסך צבאג יצחק בן אברהם צבאג,מוסך מורשה,בני ברק,זבוטינסקי 63,052-4581616,51290,42073700,1,מכונאות אופנועים וקטנועים,צבאג יצחק
2239,שרה  מוסך דני - שפיר רונן,מוסך מורשה,הוד השרון,דרך רמתיים 98 ת.ד  93,09-7401097,45100,59571836,1,תיקון מרכבי רכב,שריזיאן אורי
2240,מוסך האח הגדול - תומר לוי,מוסך מורשה,תל אביב -יפו,גרשון 42,03-5620333,67017,31685134,2,מכונאות רכב בנזין | מכונאות רכב דיזל,תומר לוי
2263,אהרון דבי שירותי רכב (2010) בע מ,מוסך מורשה,כפר סבא,לוי 6,09-8988139,40300,514416601,4,מכונאות רכב בנזין | מכונאות רכב דיזל | מכונאות דיזל משאיות ואוטובוסים | תיקון מרכבי רכב,פיומי אבשלום | מכלוף יוסף
2271,שמואל סומך ובניו בע מ,מוסך מורשה,בני ברק,עזרא דנגור 41,03-6180294,51332,513023200,2,מכונאות רכב בנזין | מכונאות רכב דיזל,סומך משה
2276,סורני צדוק מוטו טי אל וי בעמ,מוסך מורשה,תל אביב -יפו,לבנדה 36,03-5377626,66020,515981454,1,מכונאות אופנועים וקטנועים,סורני אלי
2285,טחן אפרים מוסך אפרים,מוסך מורשה,בני ברק,הקישון 15,03-5706115,51203,72784184,2,מכונאות רכב בנזין | מכונאות רכב דיזל,אצבעוני יצחק
2297,מוסך המהיר טל צופי בע מ,מוסך מורשה,תל אביב -יפו,דרך בן צבי 11,053-5553071,68162,517099883,3,מכונאות רכב בנזין | מכונאות רכב דיזל | תיקון אחזקת רכב חשמלי/היברידי,טל צופי | צופי טל
2299,תומר מלול פנצריית הבילוים,מוסך מורשה,גדרה,הרצל 4,054-7692944,70700,305343055,1,תיקון והחלפת צמיגים,מלול תומר
2300,מפעלי דינמומטר בדיקת רכב 1965 בע,מכון רישוי,תל אביב -יפו,החרוץ 2,03-5370574,67060,510459860,4,בדיקות עשן ברכב דיזל | בדיקות-רכב )קניה ומכירה) | מכון רישוי-פתוח לשרות הציבור | תיקון וכוון מתלים ברכב,כיאשמרה אורי | כהן עמי
2302,מרכז שרות מרום הרצליה בע מ,מוסך מורשה,הרצלייה,מדינת היהודים 66,03-9581355,46100,514930338,4,מכונאות רכב בנזין | מכונאות רכב דיזל | תיקון מרכבי רכב | תיקון תיבות הילוכים אוטומטיות,טצת דוד | נאסר סמיר
2306,מזרחי משה,מוסך מורשה,תל אביב -יפו,פוריה 4,052-6250999,68114,22878714,1,תיקון מרכבי רכב,מזרחי משה
2307,ברנרד מרדכי מוסך גיר און,מוסך מורשה,תל אביב -יפו,בן אביגדור 3,03-5625035,67218,4558045,1,תיקון תיבות הילוכים אוטומטיות,ברנרד מרדכי
2313,ארגמן אוטו מאסטר,מוסך מורשה,ראשון לציון,מבנה 207 אברהם בומה שביט 1,054-4707502,76341,36898690,1,אוטוטק רכב קל,ארגמן דוד
2323,מוסך שעיבי שמואל,מוסך מורשה,גבעת חיים (איחוד),גבעת חיים איחוד )מוסך(,04-6369789,38935,51425833,1,אוטוטק רכב קל,שעיבי תומר
2328,מוסך פז אליעזר יחיא,מוסך מורשה,רחובות,דרך הים 12,08-9465803,76341,5006135,2,מכונאות רכב בנזין | מכונאות רכב דיזל,יחיא אליעזר | דגן מנחם
2343,מוסך שרפי בע מ,מוסך מורשה,יהוד-מונוסון,התעשיה 42,052-6218006,56000,516333903,4,אוטוטק רכב קל | מכונאות דיזל משאיות ואוטובוסים | מסגרות רכב )תיקון ארגזים) | תיקון וכוון מתלים ברכב,שרפי מיכאל | מיכאל שרפי | שרפי שלמה
2351,תעשיה אוירית -מח-8243,מוסך מורשה,לוד,שדה תעופה,052-6126897,70100,520027194,7,מכונאות רכב בנזין | מכונאות רכב דיזל | חשמלאות רכב | תיקון והחלפת צמיגים | אישור כשירות לצמ ה ומכונה ניידת | טרקטורים ומכונות ניידות | תיקון מלגזות הרמה,קובלבסקי איגור | רושני אברהם | אלקיס מרדכי
2352,מוסך כדורי רובין חיים,מוסך מורשה,תל אביב -יפו,שניצלר 4,052-2522400,68113,51554210,2,מכונאות רכב בנזין | מכונאות רכב דיזל,ירמיהו סימן טוב
2372,מוסך עמל בעמ,מוסך מורשה,תל אביב -יפו,ישראל בק 26,050-230320,67019,51109452,7,מכונאות רכב בנזין | מכונאות רכב דיזל | תיקון אחזקת רכב חשמלי/היברידי | חשמלאות רכב | מוסך  מומחה | תיקון מרכבי רכב | שירות תיקון למזגן אויר לרכב,גליה דורון | מיכוב ויקטור | אפרים שאול
2397,פיזק נח - מוסך תיבת נח,מוסך מורשה,תל אביב -יפו,יקנעם 13,03-6817475,67443,37547999,3,מכונאות רכב בנזין | מכונאות רכב דיזל | תיקון אחזקת רכב חשמלי/היברידי,פיזק נח
2418,המוסך הירוק בע מ,מוסך מורשה,פתח תקווה,בר כוכבא 69,03-9231948,49220,513784173,5,מכונאות רכב בנזין | מכונאות רכב דיזל | חשמלאות רכב | תיקון מרכבי רכב | שירות תיקון למזגן אויר לרכב,אשכנזי אמיר
2434,מוסך ונטורה בע מ,מוסך מורשה,תל אביב -יפו,טברסקי 16,053-7700272,67210,514534270,3,מכונאות רכב בנזין | מכונאות רכב דיזל | תיקון וכוון מתלים ברכב,בנאי יורם
2435,שמעון זנקו מוסך צוות לעניין,מוסך מורשה,חולון,הבנאי 10,03-5502242,68850,55314280,2,תיקון מרכבי רכב | צבעות רכב,שמעון זנקו
2436,שודרי רונן מוסך פיג'ודו,מוסך מורשה,תל אביב -יפו,אחים מסלויטה 9,052-4580930,67010,58490178,2,מכונאות רכב בנזין | מכונאות רכב דיזל,שודרי רונן
2441,מוסך אלי כהן בע מ,מוסך מורשה,תל אביב -יפו,פוריה 25,03-6828298,68114,513102343,2,תיקון מרכבי רכב | צבעות רכב,כהן אליהו
2455,יצחקוב מוטי מוסך מוטי,מוסך מורשה,בני ברק,הירקון 8,03-5709866,51261,75356808,2,מכונאות רכב בנזין | מכונאות רכב דיזל,יצחקוב מרדכי
2458,א.ד. שרותי רכב בע מ,מוסך מורשה,נתניה,ת.ד 13467 השיש 26,053-3672267,42133,515562502,2,מכונאות רכב בנזין | מכונאות רכב דיזל,דוד אוהד
2459,שמשון משה מוסך הזוהר,מוסך מורשה,פתח תקווה,חיים גרינברג 1,03-9315253,49277,55971790,2,תיקון מרכבי רכב | צבעות רכב,משה שמשון | משה רוני
2473,מוסך ז'בנר מאיר בע מ,מוסך מורשה,תל אביב -יפו,לבנדה 51,03-6872813,66020,511286056,1,תיקון מרכבי רכב,צורי דוד
2480,מוסך בכר - דרור בכר,מוסך מורשה,פתח תקווה,המכבים 25,03-9315167,49220,23968209,2,מכונאות רכב בנזין | מכונאות רכב דיזל,בוארון שמעון
2489,יעקב קונצ'ק - מוסך מגן,מוסך מורשה,תל אביב -יפו,תושיה 20,054-49997667,67218,310042262,2,מכונאות רכב בנזין | מכונאות רכב דיזל,קונצ'ק יעקב
2491,בן בכר יגאל מוסך רפי ובניו,מוסך מורשה,נתניה,הכדר 17 ת.ד 13149,09-8870642,42377,22558191,3,תיקון אחזקת רכב חשמלי/היברידי | תיקון מרכבי רכב | צבעות רכב,בן בכר יגאל
2492,מוסך הצבי (2007) בע מ,מוסך מורשה,רמת השרון,החרש 8 א.ת נוה מגן,03-5495728,,51404994,6,מכונאות רכב בנזין | מכונאות רכב דיזל | תיקון אחזקת רכב חשמלי/היברידי | חשמלאות רכב | תיקון מרכבי רכב | שירות תיקון למזגן אויר לרכב,אדיב אורי | גזית נחום | נחום ציון
2493,אלעיסאוי נאר אלדין-פנצריית האור,מוסך מורשה,גבעתיים,אלוף שדה 15,03-5730055,53583,305776502,1,תיקון והחלפת צמיגים,אלעיסווי נאר אל
2494,סבג אברהם מוסך הנציב,מוסך מורשה,תל אביב -יפו,"רבניצקי 10, ת.ד. 9052",03-5616774,67210,54931936,2,מכונאות רכב בנזין | מכונאות רכב דיזל,סבג אברהם
2507,מרכז שירות הגה בע מ,מוסך מורשה,תל אביב -יפו,שפע טל 3,03-5626001,67013,512754441,5,מכונאות רכב בנזין | מכונאות רכב דיזל | תיקון אחזקת רכב חשמלי/היברידי | חשמלאות רכב | שירות תיקון למזגן אויר לרכב,מנה חנן
2513,זוהר הרצל מוסך זוהר,מוסך מורשה,תל אביב -יפו,בן אביגדור 15,052-5617155,67013,45941879,2,מכונאות רכב בנזין | מכונאות רכב דיזל,זוהר הרצל
2514,כהן שרון ד ר לאופנועים,מוסך מורשה,תל אביב -יפו,ידידיה פרנקל 55,03-6824337,66069,35897206,1,מכונאות אופנועים וקטנועים,שרון כהן
2516,משרד בטחון תחבורה,מוסך מורשה,תל אביב -יפו,תד 39550,03-6468534,61393,530000000,9,מכונאות רכב בנזין | מכונאות רכב דיזל | מכונאות דיזל משאיות ואוטובוסים | תיקון אחזקת רכב חשמלי/היברידי | חשמלאות רכב | מכונאות אופנועים וקטנועים | בדיקות-רכב )קניה ומכירה) | תיקון וכוון מתלים ברכב | שירות תיקון למזגן אויר לרכב,זאורוב סרגיי | סדן עופר | גורל ברי | בר דקל
2524,פולקסוגן חולון בע מ,מוסך מורשה,חולון,המכתש 1,03-5564566,58813,514362391,2,מכונאות רכב בנזין | מכונאות רכב דיזל,וזה אבנר
2525,בר דוד שלומי- מוסך משמר השרון,מוסך מורשה,משמר השרון,"ת.ד. 40270,",053-5117304,40270,31693336,2,מכונאות רכב בנזין | מכונאות רכב דיזל,שטרן צבי
2533,מוסך חינאוי בשארה,מוסך מורשה,תל אביב -יפו,בן אחיטוב 20,03-6820979,68032,57573677,4,מכונאות רכב בנזין | מכונאות רכב דיזל | חשמלאות רכב | שירות תיקון למזגן אויר לרכב,חינאוי גו' | חנאוי גו
2537,בדש ציון מוסך הדלק,מוסך מורשה,בת ים,האורגים 15,03-5520742,59595,54084686,2,חשמלאות רכב | שירות תיקון למזגן אויר לרכב,בדש ציון
2541,יובל מזוז שירותי רכב,מוסך מורשה,נתניה,עמל 3,09-8917050,,22558951,2,מכונאות רכב בנזין | מכונאות רכב דיזל,גבאי זק
2542,מ. אמיתי בע מ,מכון רישוי,נתניה,ת.ד 21 ת.סונול כ. נתניה,09-8355778,42100,510514268,3,בדיקות עשן ברכב דיזל | בדיקות-רכב )קניה ומכירה) | מכון רישוי-פתוח לשרות הציבור,נאטור מוחמד
2549,אלכס חשמל רכב - דורון ויאיר,מוסך מורשה,הרצלייה,משכית 15,052-4849080,46733,28572790,3,מכונאות רכב בנזין | מכונאות רכב דיזל | חשמלאות רכב,לוזון רחמים | מתתיה דורון
2555,חאמי גילי צמיגי מוריס,מוסך מורשה,הוד השרון,דרך השרון 98 תחנת פז,09-7401961,46325,33991704,1,תיקון והחלפת צמיגים,חאמי שי
2576,גולדשטיין שרותי תברואה בעמ,מוסך מורשה,ניר צבי,ניר צבי,08-9242988,72905,511171480,4,מכונאות רכב בנזין | מכונאות רכב דיזל | מכונאות דיזל משאיות ואוטובוסים | מסגרות רכב )תיקון ארגזים),נסים ברוך ברק | ניסים ברוך | פריש יצחק
2583,מכון הדרום להרצת ובדיקת רכב בע מ,מכון רישוי,תל אביב -יפו,דרך בן צבי 41,03-6826844,68103,510531262,3,בדיקות עשן ברכב דיזל | בדיקות-רכב )קניה ומכירה) | מכון רישוי-פתוח לשרות הציבור,סמיר יעקב
2584,משאלוב אבי - הונדה אופנועים,מוסך מורשה,תל אביב -יפו,דרך פתח תקוה 35,03-5603879,67137,4740239,2,תיקון אחזקת רכב חשמלי/היברידי | מכונאות אופנועים וקטנועים,מישאלוב רן | משאלוב אבינועם
2593,ברכת יוסף פחחות בע מ,מוסך מורשה,חולון,היתד 3,052-4330095,68162,516846193,6,מכונאות רכב בנזין | מכונאות רכב דיזל | תיקון אחזקת רכב חשמלי/היברידי | חשמלאות רכב | תיקון מרכבי רכב | שירות תיקון למזגן אויר לרכב,חן רותם משה | שעשוע שלמה | חסון מנשה
2601,חולון מוסך פינוק הרכב 2022 בע מ,מוסך מורשה,חולון,שד ירושלים 150,050-7707263,58827,516520996,2,מכונאות רכב בנזין | מכונאות רכב דיזל,אנואר אברהם
2605,מוסך אלכס סנדר ובניו בע מ,מוסך מורשה,תל אביב -יפו,וסרמן 3 ת.ד8476,03-6824663,68113,511242000,1,תיקון מרכבי רכב,זיגלבוים אילן
2609,שלמה לוי מוסך המלאכה,מוסך מורשה,חולון,המלאכה 17,03-5595004,58812,51938389,2,מכונאות רכב בנזין | מכונאות רכב דיזל,לוי שלמה
2615,חי צורי בע מ,מוסך מורשה,רחובות,היצירה 14 א.תעשיה,08-9363194,76341,512803610,6,מכונאות רכב בנזין | מכונאות רכב דיזל | תיקון אחזקת רכב חשמלי/היברידי | תיקון מרכבי רכב | צבעות רכב | שירות תיקון למזגן אויר לרכב,כחלון יעקב | אושה אדוארד
2624,מוסך גבי מיארה ושות בע מ,מוסך מורשה,תל אביב -יפו,נחלת יצחק 26,03-6954571,67456,511355067,2,מכונאות רכב בנזין | מכונאות רכב דיזל,מיארה גבריאל
2625,ח.מ. מוסך ניסן יוסף בע מ,מוסך מורשה,אור יהודה,ד לוד 5,054-6571551,60200,514892694,2,מכונאות רכב בנזין | מכונאות רכב דיזל,משה עידו
2630,יעקב שוקר י.ש  המיתחדש,מוסך מורשה,ראשון לציון,קוזושניר אברהם 4,03-9670613,75963,57438699,2,תיקון מרכבי רכב | צבעות רכב,יעקב שוקר | שוקר יעקב
2648,מוסך המרכז בהנהלת גיל,מוסך מורשה,רחובות,נחושתן 1,08-9464115,76341,59295410,3,מכונאות רכב בנזין | מכונאות רכב דיזל | אוטוטק מרכבי רכב וצביעתם,טואיטו גיל
2653,מוסך צמיגי דובל,מוסך מורשה,רמלה,גן חקל / תל חי 9,08-9228290,72429,47831037,6,מכונאות רכב בנזין | מכונאות רכב דיזל | תיקון אחזקת רכב חשמלי/היברידי | תיקון והחלפת צמיגים | תיקון וכוון מתלים ברכב | שירות תיקון למזגן אויר לרכב,שמואל סהר רחמים | שמואל סהר | שמואל אביטל | שמואל סהר-רחמי
2660,גרשון שרותי פחחות בע מ,מוסך מורשה,רעננה,החרושת 17 ת.ד 65,09-7449910,43100,511162216,2,תיקון מרכבי רכב | צבעות רכב,גולדשטיין גרשון | אלקודסי ראיד
2665,ב.ג מוסכים 2000 בע מ,מוסך מורשה,תל אביב -יפו,בית אלפא 6,03-5374011,67219,513023234,6,מכונאות רכב בנזין | מכונאות רכב דיזל | תיקון אחזקת רכב חשמלי/היברידי | חשמלאות רכב | תיקון מרכבי רכב | שירות תיקון למזגן אויר לרכב,שוורץ אבי | איצקוביץ סמי | איצקוביץ סורין | אל גמל סייד
2673,המחוון ספידומטרים בעמ,מוסך מורשה,חולון,הפלד 25,052-5699260,58815,512849183,3,תיקון וכיול טכוגרפים דגיטלי | תיקון מחוונים | תיקון וכיול טכוגרפים,מונטביליסקי פני | מונטבילסקי פני
2679,מוסך די.אנד.וי.מוטורס 2013 בע מ,מוסך מורשה,בני ברק,הירקון 37 א.ת,03-6193363,51261,514857416,2,מכונאות רכב בנזין | מכונאות רכב דיזל,בליי ולנטין
2684,רביע מיקא ושות,מוסך מורשה,תל אביב -יפו,בן אביגדור 15,050-5288339,67218,4178224,2,תיקון מרכבי רכב | צבעות רכב,מיקא יעקב | רביע פואד
2686,שמשום אנטון מוסך יפו אור,מוסך מורשה,תל אביב -יפו,רח היתד 8,052-2595562,68169,58202920,1,חשמלאות רכב,שמשום אנטון
2687,האחים אלגרבאלי מוסך 10 בעמ,מוסך מורשה,תל אביב -יפו,עציון גבר 11,050-5338775,68164,511346629,2,מכונאות רכב בנזין | מכונאות רכב דיזל,תורק שריף
2691,מנוף חב לשרותים בעמ,מוסך מורשה,חולון,המרכבה 5,054-5959999,58851,510459431,3,מכונאות רכב בנזין | מכונאות רכב דיזל | מכונאות דיזל משאיות ואוטובוסים,אלהובאני עוסמאן | אלהטבאני עוסמאן
2694,ברנס שמחה מוסך ויקטור,מוסך מורשה,נתניה,ת.ד. 13199 הכדר 11,09-8870735,42377,41894544,1,צבעות רכב,ברנס משה
2702,אלימלך מרדכי,מוסך מורשה,תל אביב -יפו,שונצינו 12 ת.ד 52430,054-9448802,67216,69230852,1,צבעות רכב,אלימלך מרדכי
2716,מרכז שירות תושיה  בע מ,מוסך מורשה,תל אביב -יפו,אחים מסלויטה 10,03-5616825,67010,513562918,3,מכונאות רכב בנזין | מכונאות רכב דיזל | שירות תיקון למזגן אויר לרכב,טבח יניב משה
2746,ריפלקס פחחות וצבע - אחמד סיכסכ,מוסך מורשה,תל אביב -יפו,חיי אדם 8,054-8389998,67449,300856242,2,תיקון מרכבי רכב | צבעות רכב,יעקובסון איגור
2752,מלכה משה מוסך כפיר,מוסך מורשה,תל אביב -יפו,נחלת יצחק 4,053-5579384,65162,62405253,3,מכונאות רכב בנזין | מכונאות רכב דיזל | תיקון מרכבי רכב,מזרחי אברהם | מלכה משה
2762,מוסך ליטל 2008 בע מ,מוסך מורשה,תל אביב -יפו,אחים מסלויטה 7,03-5622072,67010,514090505,2,תיקון מרכבי רכב | צבעות רכב,רחמים עזרא
2775,ריינהורן את הופמן מוסך שמעון,מוסך מורשה,תל אביב -יפו,עלית הנוער 46,03-6953355,67450,586709670,2,מכונאות רכב בנזין | מכונאות רכב דיזל,נחום עמוס
2781,מוסך בראשית בע מ,מוסך מורשה,ראשון לציון,שמוטקין 21,03-9333990,75363,513492710,2,מכונאות רכב בנזין | מכונאות רכב דיזל,חסון גבריאל
2784,לילו ברדה מוסך בלומפלד,מוסך מורשה,תל אביב -יפו,עציון גבר 14,050-7693738,68164,30631659,2,תיקון מרכבי רכב | צבעות רכב,ברדה אברהם
2786,אלקריף מרים צמיגי יפו מוסך השע,מוסך מורשה,תל אביב -יפו,נחום גולדמן 9,050-5686808,,68008952,3,מכונאות רכב בנזין | מכונאות רכב דיזל | תיקון והחלפת צמיגים,שמש אלי | אלקריף גבי
2805,אחים לוי סוכנות גבעתיים (92)בע מ,מוסך מורשה,גבעתיים,תפוצות ישראל 7,03-5712255,53583,511638983,4,מכונאות רכב בנזין | מכונאות רכב דיזל | תיקון מרכבי רכב | צבעות רכב,לוי טומי | המאירי שמואל | חיימוב אדוארד
2808,מוסך ודים מזגנים לרכב,מוסך מורשה,בני ברק,החשמונאים 5,054-4548872,51262,321399164,1,שירות תיקון למזגן אויר לרכב,ורלטי ודים
2809,זכריה משה מוסך נאמן,מוסך מורשה,בני ברק,הירדן 28,03-5780090,51325,50546563,2,תיקון מרכבי רכב | צבעות רכב,זכריה משה | קסטנטיני ציון
2813,מוסך יוסף ושמעון דהן,מוסך מורשה,בני ברק,הירקון 37,053-6692692,51204,26832519,2,תיקון מרכבי רכב | צבעות רכב,דהן שמעון | דהן יוסף
2834,יוסף יהושע - מוסך ש.ר.,מוסך מורשה,פתח תקווה,חלוצת הפרדסנות 25,03-9316494,49221,59760801,2,מכונאות רכב בנזין | מכונאות רכב דיזל,יוסף יהושע
2859,בסמן רודי - מוסך אלכס,מוסך מורשה,חולון,רח היוצר 16,054-7603131,58853,303961163,2,אוטוטק רכב קל | תיקון אחזקת רכב חשמלי/היברידי,בסמן רודי
2865,מובילים וייט קומינס בערבון מוגבל,מוסך מורשה,חולון,החופר 28,073-2286104,58858,510090277,6,מכונאות רכב בנזין | מכונאות רכב דיזל | מכונאות דיזל משאיות ואוטובוסים | אישור כשירות לצמ ה ומכונה ניידת | טרקטורים ומכונות ניידות | תיקון מלגזות הרמה,גולדנשטין איליה | מאור יצחק
2874,גרובמן את אברמוביץ מוסך אקספרס,מוסך מורשה,לוד,א ת רחוב מודיעין 4,08-9222979,71201,308831353,2,מכונאות רכב בנזין | מכונאות רכב דיזל,גרובמן איגור
2886,יוסף אלעוברה מוסך לב העיר,מוסך מורשה,רמלה,אצל 17,054-9750115,72426,303015044,2,תיקון מרכבי רכב | צבעות רכב,אל עוקבי סמיח
2888,השלושה בית מלאכה מיכני בע מ,מוסך מורשה,רמלה,קלאוזנר 17,08-9210138,72440,514210079,1,רפידות ותופי בלם,זקות נאסר
2903,אל על נתיבי אוויר לישראל בע מ,מוסך מורשה,לוד נמל תעופה,לוד שדה תעופה ת.ד 41,08-9716746,70100,520017146,8,מכונאות רכב בנזין | מכונאות רכב דיזל | מכונאות דיזל משאיות ואוטובוסים | תיקון אחזקת רכב חשמלי/היברידי | חשמלאות רכב | אישור כשירות לצמ ה ומכונה ניידת | טרקטורים ומכונות ניידות | שירות תיקון למזגן אויר לרכב,קראוזר דב | חרוש אסף | חיסקיאייב יונו
2905,דני סמרלי הוד השרון (1997) בע מ,מוסך מורשה,הוד השרון,המסגר 9 ת.ד 7225 א.ת נוה נאמן,09-7402140,45247,512561820,6,מכונאות רכב בנזין | מכונאות רכב דיזל | תיקון אחזקת רכב חשמלי/היברידי | תיקון מרכבי רכב | תיקון וכוון מתלים ברכב | שירות תיקון למזגן אויר לרכב,סמרלי דוד | בנהרוש רוברט | שמילוביץ רונן
2932,ב.נ. מוסכים בע מ,מוסך מורשה,ראשון לציון,הרצל 2,03-9673294,75287,513899880,5,מכונאות רכב בנזין | מכונאות רכב דיזל | תיקון מרכבי רכב | צבעות רכב | שירות תיקון למזגן אויר לרכב,בכר יצחק | יזדי עמוס
2938,יפת חרבי מוסך כפיר,מוסך מורשה,נס ציונה,א התעשיה ב,050-5351141,70400,54320767,2,מכונאות רכב בנזין | מכונאות רכב דיזל,שבח עובדיה
2954,מוסך איציק היללי,מוסך מורשה,רחובות,היצירה 21,050-7808902,76341,32346199,2,מכונאות רכב בנזין | מכונאות רכב דיזל,מכלוף נדב
2957,ג.אנד.ג גלגלי העיר בע מ,מוסך מורשה,בני ברק,ברוך הירש 21,053-7228959,51202,513476655,1,תיקון והחלפת צמיגים,קמק גיא
2962,מוסך מוטקה בעמ,מוסך מורשה,תל אביב -יפו,קבוץ גלויות 6,03-6828845,68116,511975005,2,תיקון מרכבי רכב | צבעות רכב,ליס חיים
2971,מוסך י.ג חי נתניה בע מ,מוסך מורשה,נתניה,פנקס 19,09-8870223,42377,511746224,7,מכונאות רכב בנזין | מכונאות רכב דיזל | תיקון אחזקת רכב חשמלי/היברידי | תיקון מרכבי רכב | צבעות רכב | רפידות ותופי בלם | שירות תיקון למזגן אויר לרכב,ג'נח אלי | ג'נח יעקב | גנאח אבי | גנאח אלי | גנח יעקב
2980,מוסך שרותון בעמ,מוסך מורשה,ראשון לציון,פלוטצקי 20,03-9664995,75100,511904427,5,מכונאות רכב בנזין | מכונאות רכב דיזל | תיקון אחזקת רכב חשמלי/היברידי | חשמלאות רכב | שירות תיקון למזגן אויר לרכב,ורניק מרדכי | אוזן דוד
2986,מוסכי אלי - בר בע מ,מוסך מורשה,בני ברק,ברוך הירש 2,03-5781931,51202,511745424,2,מכונאות רכב בנזין | מכונאות רכב דיזל,יפרח אלי | צעירי זוהר
3018,איתן מרכז שירותי רכב הדייקנים בע,מוסך מורשה,בני ברק,כהנמן 98,03-6761495,51553,514944123,4,מכונאות רכב בנזין | מכונאות רכב דיזל | תיקון מרכבי רכב | צבעות רכב,פדלון רפאל | איתן חיים
3028,טנוס חילו פנצ'ריית אחים חילו,מוסך מורשה,תל אביב -יפו,דרך בן צבי 39,054-5378617,68103,57573875,1,תיקון והחלפת צמיגים,חילו טנוס
3039,עבוד ג'ורג' מוסך עבוד,מוסך מורשה,תל אביב -יפו,רח נתן פנץ 4,053-2475089,68083,20500484,2,מכונאות רכב בנזין | מכונאות רכב דיזל,עבוד תאמר
3044,עודד רייכמן בע מ,מוסך רישוי לרכב בטיפול המוסך,בני ברק,ברוך הירש 10,03-7333555,69710,511553752,10,מכונאות רכב בנזין | מכונאות רכב דיזל | תיקון אחזקת רכב חשמלי/היברידי | חשמלאות רכב | תיקון מרכבי רכב | צבעות רכב | תיקון והחלפת צמיגים | בדיקות עשן ברכב דיזל | רישוי לרכב בטיפול המוסך בלבד | שירות תיקון למזגן אויר לרכב,אלסייד נאג'י | שמואל לוין | לוין שמואל | אבנר זרבי | זרבי אבנר | גורג' מני | בועז דני
3076,מויס נאדר את פדלון מוסך האחים,מוסך מורשה,רמלה,אצל 19,053-7528226,72426,54423041,2,מכונאות רכב בנזין | מכונאות רכב דיזל,מויס פדלו
3087,מוסך ורד בע מ,מוסך רישוי לציוד חקלאי,עין ורד,דרך ראשונים,09-7961692,40696,512256850,5,מכונאות רכב בנזין | מכונאות רכב דיזל | מוסך רישוי לציוד חקלאי | אישור כשירות לצמ ה ומכונה ניידת | טרקטורים ומכונות ניידות,פרץ חיים
3091,מוסך האופק - מלכה דוד,מוסך מורשה,נתניה,הנגר 6 ת.ד 13547,053-5528376,42378,67280123,2,מכונאות רכב בנזין | מכונאות רכב דיזל,בן חיים חיים
3108,כהנא אברהם מוסך מרום חן,מוסך מורשה,תל אביב -יפו,המסגר 15,03-6871021,67774,50733260,2,מכונאות רכב בנזין | מכונאות רכב דיזל,כהנא אבי
3118,אסרף ליאור מוסך הסלע,מוסך מורשה,בת ים,אהוד קינמון 6,03-5511904,59592,66107376,2,מכונאות רכב בנזין | מכונאות רכב דיזל,איזמירלי שמואל
3122,חיפושית רכב בעמ,מוסך מורשה,תל אביב -יפו,דרך בן צבי 37,03-6823573,68103,511143034,2,מכונאות רכב בנזין | מכונאות רכב דיזל,טליטמן שרון
3132,טרקטורים וציוד אי.טי.אי.בעמ,מוסך מורשה,חולון,המנור 8 ת.ד 214,050-9909104,58101,512994054,10,מכונאות רכב בנזין | מכונאות רכב דיזל | מכונאות דיזל משאיות ואוטובוסים | חשמלאות רכב | תיקון משאבות ומתזים לדיזל | אישור כשירות לצמ ה ומכונה ניידת | טרקטורים ומכונות ניידות | תיקון מלגזות הרמה | מוסך נייד לחילוץ ולתיקוני חירום | שירות תיקון למזגן אויר לרכב,מויאל אלי מאיר | שיר נחום | מיארוב דניאל | ביטון שלום
3134,מוסך דודו חיון,מוסך מורשה,שעלבים,קבוץ שעלבים,08-6585677,73225,22987424,3,מכונאות רכב בנזין | מכונאות רכב דיזל | שירות תיקון למזגן אויר לרכב,דוד חיון
3158,מכשירי תנועה ומכוניות 2004)) בעמ,מוסך מורשה,פתח תקווה,אינשטין 1 ק. מטלון,03-9192333,49250,513619601,7,מכונאות רכב בנזין | מכונאות רכב דיזל | תיקון אחזקת רכב חשמלי/היברידי | חשמלאות רכב | תיקון מרכבי רכב | צבעות רכב | תיקון והחלפת צמיגים,וושדי ירון | נגר יעקב | יפת יוסף | יפת מרדכי | בן-אמו יצחק
3169,מוסך סבנה בע מ,מוסך מורשה,אור יהודה,היוזמים 12,03-6829252,68169,516143526,7,מכונאות רכב בנזין | מכונאות רכב דיזל | תיקון אחזקת רכב חשמלי/היברידי | חשמלאות רכב | צבעות רכב | תיקון וכוון מתלים ברכב | שירות תיקון למזגן אויר לרכב,חן דוד | בוזגלו מרדכי | דוד חן
3175,ע נ מוסך ראשון שרותי רכב בע מ,מוסך מורשה,ראשון לציון,שמוטקין  23,053-2202455,75383,511261422,6,מכונאות רכב בנזין | מכונאות רכב דיזל | מכונאות דיזל משאיות ואוטובוסים | תיקון אחזקת רכב חשמלי/היברידי | חשמלאות רכב | שירות תיקון למזגן אויר לרכב,נחום רונן | עובד דויד | דוד עובד | עזרי אלון
3176,קשר רנט א-קאר בע מ,מוסך מורשה,פתח תקווה,מגשימים 10,03-9182111,,520039876,3,תיקון אחזקת רכב חשמלי/היברידי | תיקון מרכבי רכב | צבעות רכב,אלג'ם מאיר | פוזננסקי צביקה
3186,דוד לובינסקי בע מ,מוסך רישוי לרכב בטיפול המוסך,ראשון לציון,מרק משביץ 3,09-6710316,51553,510515752,13,מכונאות רכב בנזין | מכונאות רכב דיזל | תיקון אחזקת רכב חשמלי/היברידי | חשמלאות רכב | תיקון מרכבי רכב | צבעות רכב | תיקון והחלפת צמיגים | מכונאות אופנועים וקטנועים | רישוי לרכב בטיפול המוסך בלבד | רישום ורישוי לרכב חדש | טרקטורים ומכונות ניידות | תיקון טרקטורונים | שירות תיקון למזגן אויר לרכב,דרור עזרא | רוטשילד ירון | ברידה יוסף | כהן אברהם | אבן אבי | שאלתיאל לוי | מדר יוחנן | שורץ גיל
3191,מוסך ש. חיבה בע מ,מוסך מורשה,תל אביב -יפו,ישראל בק 22,03-5616868,67019,514606912,3,מכונאות רכב בנזין | מכונאות רכב דיזל | אוטוטק מרכבי רכב וצביעתם +מסגרות,שרון חיבה | חיבה שרון
3195,לירון בעמ,מוסך מורשה,יהוד-מונוסון,החרושת 30 ת.ד 34,053-4981427,56000,511111064,4,מכונאות רכב בנזין | מכונאות רכב דיזל | תיקון מרכבי רכב | צבעות רכב,רוסינסקיצבי | רוסינסקי צבי | פחימה אלי
3205,מוסך זיבק אלי,מוסך מורשה,תל אביב -יפו,הרב מבכרך 11,053-7002560,66849,206037764,2,מכונאות רכב בנזין | מכונאות רכב דיזל,חנימוב זהר זוקן
3207,צמיגי בני 2001  גאבר נדאל,מוסך מורשה,רמת השרון,דרך משה סנה 210,03-6476693,47800,24770240,1,תיקון והחלפת צמיגים,גאבר נדאל
3208,חמני ברוך חשמל רכב,מוסך מורשה,הרצלייה,הס 29,03-9584808,46280,55362388,4,מכונאות רכב בנזין | מכונאות רכב דיזל | תיקון אחזקת רכב חשמלי/היברידי | שירות תיקון למזגן אויר לרכב,חמני ברוך
3223,אופנועי סרוסי בע מ,מוסך מורשה,רחובות,"משה יתום 22, א.ת.",08-9315585,76380,513619627,2,מכונאות אופנועים וקטנועים | תיקון טרקטורונים,סרוסי יעקב
3233,מוסך רדיאטור רחובות בע מ,מוסך מורשה,רחובות,משה יתום 6,08-9461911,76343,514708288,3,מכונאות רכב בנזין | מכונאות רכב דיזל | תיקון רדיאטורים )מצננים),מכלוף יצחק | בורנשטיין אריה
3234,תמם רחמים מוסך רחמים,מוסך מורשה,בני ברק,ברוך הירש 26,03-5703497,51202,51402261,4,מכונאות רכב בנזין | מכונאות רכב דיזל | חשמלאות רכב | שירות תיקון למזגן אויר לרכב,תמם רחמים | מנחם עדי
3239,מכון הדרום - רחובות,מכון רישוי,רחובות,נחושתן 9,08-9467444,76344,510531262,3,בדיקות עשן ברכב דיזל | בדיקות-רכב )קניה ומכירה) | מכון רישוי-פתוח לשרות הציבור,זיגי אברהם
3243,מוסך פול גז - לוי מני,מוסך מורשה,רחובות,משה יתום 30,050-7177776,76341,300703006,1,אוטוטק רכב קל,כדורי בר
3252,יוסי ספטון סוכנות רכב בע מ,מוסך מורשה,פתח תקווה,הירקונים 35,03-9342713,49271,513598474,5,אוטוטק רכב קל | מכונאות רכב דיזל | תיקון אחזקת רכב חשמלי/היברידי | חשמלאות רכב | שירות תיקון למזגן אויר לרכב,ספטון יוסי
3259,חלק ברוך מוסך איטליה,מוסך מורשה,בני ברק,ברוך הירש 32,03-5701633,51202,22539779,2,מכונאות רכב בנזין | מכונאות רכב דיזל,חלק ברוך
3260,מוסך כנרת בהנהלת אהרון אריה,מוסך מורשה,בני ברק,כנרת 16,054-4585900,51201,70032149,1,תיקון מרכבי רכב,אהרן אריה
3269,מוסך מירזקנדוב אדוארד,מוסך מורשה,פתח תקווה,ת.ד. 3777 קרית אריה שחם 4,03-5170984,49517,310965496,1,אוטוטק מרכבי רכב וצביעתם +מסגרות,מטייב אמנון
3273,מוסך פאנוס א.מ. בע מ,מוסך מורשה,רמלה,אזור תעשיה ישן,08-9223587,72215,513483602,4,מכונאות רכב בנזין | מכונאות רכב דיזל | מכונאות דיזל משאיות ואוטובוסים | תיקון מרכבי רכב,פאנוס מישל | מוסא הברא
3278,צמיגי טופ דרייב עיסאוי נאדר,מוסך מורשה,תל אביב -יפו,יגאל אלון 129,054-3268244,67443,25832536,1,תיקון והחלפת צמיגים,עיסאוי נאדר
3281,מוסך אשר בע מ,מוסך מורשה,רחובות,היצירה 31 רחובות,08-9468264,76341,511433393,4,אוטוטק רכב קל | תיקון אחזקת רכב חשמלי/היברידי | תיקון מרכבי רכב | צבעות רכב,סברלו תם אשר | סברלו דורון | נרוב אלון
3296,אריה טרקטורים בע מ,מוסך רישוי לציוד חקלאי,כפר ויתקין,ת.ד. 573,09-8666804,40200,511256968,7,מכונאות רכב בנזין | מכונאות רכב דיזל | מוסך רישוי לציוד חקלאי | אישור כשירות לצמ ה ומכונה ניידת | טרקטורים ומכונות ניידות | תיקון טרקטורונים | תיקון מלגזות הרמה,פרי יהונתן
3306,ד.מ שרותי חשמל 1986 בעמ,מוסך מורשה,רמת השרון,דרך משה סנה 210,03-6490734,47800,511109522,2,חשמלאות רכב | שירות תיקון למזגן אויר לרכב,קודמן יצחק
3307,מוסך אמ הדרך ו.ו. 2002 בע מ,מוסך מורשה,תל אביב -יפו,ישראל בק 30,03-5373534,67019,513248740,2,אוטוטק רכב קל | תיקון אחזקת רכב חשמלי/היברידי,וייצמן ויטלי | ויצמן ויטלי
3310,מ.ב. גבע שרותי רכב בע מ,מוסך מורשה,תל אביב -יפו,תושיה 24,052-4449163,67218,515005759,3,מכונאות רכב בנזין | מכונאות רכב דיזל | תיקון אחזקת רכב חשמלי/היברידי,ברון יוסף
3323,זריהן את מרציאנו מוסך בני ברק,מוסך מורשה,בני ברק,ברוך הירש 2,03-5707020,51201,57978124,2,תיקון מרכבי רכב | צבעות רכב,מרציאנו עזרא | זריהן מנשה איל
3335,מוסך שמש,מוסך מורשה,פתח תקווה,דוד מרכוס 54,03-9316336,49227,74753344,2,חשמלאות רכב | שירות תיקון למזגן אויר לרכב,שמש יוסף
3336,מוסך אלמוג אלי,מוסך מורשה,תל אביב -יפו,עציון גבר 8,050-7630950,68164,22967707,2,מכונאות רכב בנזין | מכונאות רכב דיזל,אלמוג אלי
3339,מוסך דוד מלכי,מוסך מורשה,תל אביב -יפו,שניצלר 23,03-6837398,68165,28609238,2,מכונאות רכב בנזין | מכונאות רכב דיזל,מלכי דוד
3343,ח.ת אוטומוטורס בע מ,מוסך מורשה,רחובות,נחושתן 2 דרך יבנה,08-9365252,76380,515853414,4,מכונאות רכב בנזין | מכונאות רכב דיזל | חשמלאות רכב | שירות תיקון למזגן אויר לרכב,אליהו מאיר | כהן אילן
3346,פרמון דני מוסך מרקו,מוסך מורשה,לוד,יפתח 5,08-9247961,,17130766,2,מכונאות רכב בנזין | מכונאות רכב דיזל,פרמון דני
3355,כהן גיא מוסך גיא,מוסך מורשה,רעננה,החרושת 9,09-7432714,43000,38311999,2,מכונאות רכב בנזין | מכונאות רכב דיזל,ג'מי יצחק
3364,מוסך ג'נרל מכונאות כללית בע מ,מוסך מורשה,תל אביב -יפו,נתן פנץ 14,050-7586010,68083,514632348,2,אוטוטק רכב קל | תיקון אחזקת רכב חשמלי/היברידי,בשארה זכאכ
3376,מוסך מ.מ ירקוני בע מ,מוסך מורשה,חולון,הכישור 12,03-5506480,58867,511640922,2,מכונאות רכב בנזין | מכונאות רכב דיזל,אלגזר מרדכי
3380,טרקטורים ב.ש.ן בע מ,מוסך מורשה,פתח תקווה,ת ד4565 אליכסנדר ינאי 27,03-9311958,49277,510728892,3,אישור כשירות לצמ ה ומכונה ניידת | טרקטורים ומכונות ניידות | תיקון מלגזות הרמה,אשכנזי מאיר
3383,חדד צביקה מכונאות רכב,מוסך מורשה,נתניה,רמבם 11,052-3333536,42418,54918651,2,מכונאות רכב בנזין | מכונאות רכב דיזל,חדד הרצל
3389,דיזל רמלה - בהנהלת זערור באסם,מוסך מורשה,רמלה,קלאוזנר 7,08-9240783,72432,20304382,1,תיקון משאבות ומתזים לדיזל,זערור באסם
3398,מוסך  ע טוויל עבדאללה פחחות וצבע,מוסך מורשה,תל אביב -יפו,טברסקי 13,054-7949773,67019,26495531,2,תיקון מרכבי רכב | צבעות רכב,אשכנזי דוד | טויל עבדלה
3405,שרון עוזי - צמיגי רעננה,מוסך מורשה,רעננה,החרושת 2 פ' ויצמן בנין וילרמה,09-7453342,43000,23092471,1,תיקון והחלפת צמיגים,שרון עוזי
3406,רובין שלומי רובין רונן מוסך קוקי,מוסך מורשה,ראשון לציון,גרופי 5 א.ת חדש,03-9611894,,37467263,1,אוטוטק מרכבי רכב וצביעתם +מסגרות,רובין רונן חיים
3419,מוסך פיתוח ל.נ. בע מ,מוסך מורשה,הרצלייה,ת.ד 12267 גלגלי הפלדה 10,03-9556641,66722,512065525,5,מכונאות רכב בנזין | מכונאות רכב דיזל | תיקון אחזקת רכב חשמלי/היברידי | חשמלאות רכב | שירות תיקון למזגן אויר לרכב,אוחיון הרי גברי | לוי שי
3429,דודי אור בע מ,מוסך מורשה,ראשון לציון,מרקוביץ 5 א ת,03-9502040,75106,513913772,2,מכונאות רכב בנזין | מכונאות רכב דיזל,עמר יוסף
3433,או בי פר (1979) בע מ,מוסך מורשה,תל אביב -יפו,הצפירה 15תד 28164,03-6872376,61281,510801855,1,תיקון צנורות פליטה ודודי עמם,ויסקופף חנוך
3436,מוסך מאיש יצחק,מוסך מורשה,יהוד-מונוסון,"חתוכה 1,",050-8690592,56000,9725649,2,מכונאות רכב בנזין | מכונאות רכב דיזל,מאיש יצחק
3438,שירותי רכב בריטי בהנהלת איתי,מוסך מורשה,הוד השרון,דרך השרון 98 תחנת פז,054-4791299,45325,209225267,5,מכונאות רכב בנזין | מכונאות רכב דיזל | תיקון אחזקת רכב חשמלי/היברידי | חשמלאות רכב | שירות תיקון למזגן אויר לרכב,טופן אלכסנדר
3439,לוי משה מוסך דוד,מוסך מורשה,בת ים,הבונים 9,052-8625833,59592,42219469,2,מכונאות רכב בנזין | מכונאות רכב דיזל,משה לוי
3443,אמסלם שלמה חשמל הגינגי',מוסך מורשה,בת ים,העבודה 30,03-5514147,59597,59291344,2,חשמלאות רכב | שירות תיקון למזגן אויר לרכב,אמסלם שלמה
3444,מכון אלן לבדיקת רכב בע מ,מכון רישוי,חולון,פליקס זנדמן 6,03-5502684,58814,511074247,2,בדיקות עשן ברכב דיזל | מכון רישוי-פתוח לשרות הציבור,וזנה ברוך
3455,קסם של צבעים יבוא ושיווק בע מ,מוסך מורשה,לוד,אליעזר בן הורקונס במתחם אלדן,053-5603957,71915,514876051,2,מכונאות רכב בנזין | מכונאות רכב דיזל,אמת פרס יצחק
3464,מוסך אופיר,מוסך מורשה,נס ציונה,הפטיש 8 אזה ת ב' נס ציונה,08-9400126,70400,50329085,2,תיקון מרכבי רכב | צבעות רכב,אטיאס אברהם
3465,לוי ניב מוסך אור הבזק 2010,מוסך מורשה,פתח תקווה,האלוף דוד מרכוס 25,03-9313439,49277,303093330,5,מכונאות רכב בנזין | מכונאות רכב דיזל | תיקון מרכבי רכב | צבעות רכב | שירות תיקון למזגן אויר לרכב,לוי יחזקאל
3466,מוסך גרינפלד מוטורס בע מ,מוסך מורשה,ראשון לציון,בן לולו 5 א.ת ישן,054-3888888,75363,511219206,4,מכונאות רכב בנזין | מכונאות רכב דיזל | חשמלאות רכב | שירות תיקון למזגן אויר לרכב,גרינפלד יורה | שבירו אפרים
3469,ח. חויו ובניו בע מ,מוסך מורשה,חולון,האורגים 6,054-9555565,58855,511277253,1,תיקון והחלפת צמיגים,אל עיסאוי מוחסי
3485,פרידמן עדי חשמל רכב,מוסך מורשה,הוד השרון,דרך השרון 52,09-7420669,45325,57908501,1,חשמלאות רכב,פרידמן עדי
3489,אהוד נגר שרותי רכב,מוסך מורשה,רעננה,החרושת 8/1 ת.ד 2022 א.ת,09-7422113,43000,47565833,2,מכונאות רכב בנזין | מכונאות רכב דיזל,סאסי ציון
3493,מוסך טופז בע מ,מוסך מורשה,ראשון לציון,שלמה בן דוד 12,058-6976556,,512411927,5,מכונאות רכב בנזין | מכונאות רכב דיזל | תיקון אחזקת רכב חשמלי/היברידי | חשמלאות רכב | שירות תיקון למזגן אויר לרכב,עקרבי אבנר
3495,מרכז שירות גיל סיידון בע מ,מוסך מורשה,רעננה,החרושת 15/13 א.תעשייה רעננה,09-7424270,43000,513898874,9,מכונאות רכב בנזין | מכונאות רכב דיזל | תיקון אחזקת רכב חשמלי/היברידי | חשמלאות רכב | תיקון מרכבי רכב | צבעות רכב | תיקון והחלפת צמיגים | תיקון וכוון מתלים ברכב | שירות תיקון למזגן אויר לרכב,סיידון גיל | סיידון יעקב | חכם מנחם | מצארוה עמאד | בן עמי שלום
3496,מוסך ראשונים בהנהלת א-יהודה בע מ,מוסך מורשה,ראשון לציון,"שמוטקין בנימין 5 , ת.ד. 15224",03-9699944,75295,514352491,2,תיקון מרכבי רכב | צבעות רכב,אליה יהודה
3497,מוטורוני  לפיד בע ם,מוסך מורשה,תל אביב -יפו,ראם 6,03-5621104,67010,514344308,3,מכונאות רכב בנזין | מכונאות רכב דיזל | תיקון אחזקת רכב חשמלי/היברידי,סמן טוב יהודה | סימן טוב אודי
3509,מוסך רינת בע מ,מוסך מורשה,נתניה,הנגר 12 ת.ד 13044,053-2252510,42378,513386854,2,תיקון מרכבי רכב | צבעות רכב,בן טורה ציון | תשובה צורי
3516,יוניברסל משאיות ישראל בע מ,מוסך מורשה,פתח תקווה,הרכבת 9,03-9120020,49145,512004235,9,מכונאות רכב בנזין | מכונאות רכב דיזל | מכונאות דיזל משאיות ואוטובוסים | תיקון אחזקת רכב חשמלי/היברידי | חשמלאות רכב | תיקון מרכבי רכב | מסגרות רכב )תיקון ארגזים) | צבעות רכב | שירות תיקון למזגן אויר לרכב,ראובן איתן | סיביה שמואל | מוואסי מוחמד | הולינדר יצחק | כשאי חיים רונ
3525,מוסך פרסול בע מ )מוסך רם(,מוסך מורשה,רעננה,היצירה 15 א.ת ת.ד 2586,09-7448080,43000,511753758,2,אוטוטק רכב קל | תיקון אחזקת רכב חשמלי/היברידי,מדר אילון
3535,אופיר המכונאי האקדמאי בע מ,מוסך מורשה,תל אביב -יפו,הרכב 12,050-8345200,67771,516466117,2,מכונאות רכב בנזין | מכונאות רכב דיזל,רודניצקי אופיר
3552,עיסאוי בקר - בית הצמיג והרכב,מוסך מורשה,רמלה,הרצל 135,050-3600622,72430,302750856,1,תיקון והחלפת צמיגים,עוני עיסאוי
3555,מרכז שרות אוטו שי בע מ,מוסך מורשה,ראשון לציון,האצל 21,03-6335193,75706,514841071,2,מכונאות רכב בנזין | מכונאות רכב דיזל,לוי יעקב
3561,מוסך ח ח יפו בעמ,מוסך מורשה,תל אביב -יפו,דרך בן צבי 45,03-6832268,68103,511063695,3,מכונאות רכב בנזין | מכונאות רכב דיזל | תיקון אחזקת רכב חשמלי/היברידי,חיימי דוד | חמי דוד
3563,ישועה את אטון מגד אור,מוסך מורשה,בני ברק,החשמונאים 5,03-5700464,51262,54692413,2,חשמלאות רכב | שירות תיקון למזגן אויר לרכב,ישועה אביחי
3564,חכמה  יוסף מרכז שירות חכמה,מוסך מורשה,רמת השרון,הנביאים 41,03-5492997,47279,49435845,4,מכונאות רכב בנזין | מכונאות רכב דיזל | חשמלאות רכב | שירות תיקון למזגן אויר לרכב,חכמה יוסף
3565,תובל שניר טל בע מ,מוסך מורשה,רעננה,ויצמן ת.ד 2006 בנין וילרמה א.ת,09-7427980,43000,516517125,2,חשמלאות רכב | שירות תיקון למזגן אויר לרכב,מחפודה יצחק
3568,מוסך אחים קצב בע מ,מוסך מורשה,חולון,הבנאי 24,03-5508621,58852,512254046,5,מכונאות רכב בנזין | מכונאות רכב דיזל | תיקון אחזקת רכב חשמלי/היברידי | תיקון מרכבי רכב | צבעות רכב,אשכנזי גיל | קצב יוסף
3571,מוסך צמרת שלי בע מ,מוסך מורשה,נתניה,פינקס 36 ת.ד 13017,09-8871191,42379,511049884,3,מכונאות רכב בנזין | מכונאות רכב דיזל | תיקון אחזקת רכב חשמלי/היברידי,חכימי ליאור
3572,אמפאר סוכנויות רכב בע מ,מוסך מורשה,נתניה,פנקס 9 ת .ד 13193,09-8873225,42378,513314849,8,מכונאות רכב בנזין | מכונאות רכב דיזל | תיקון אחזקת רכב חשמלי/היברידי | חשמלאות רכב | תיקון מרכבי רכב | צבעות רכב | מכונאות אופנועים וקטנועים | שירות תיקון למזגן אויר לרכב,עובדיה מנחם | עובדיה אלברט
3582,נאפרו אחזקות בע מ,מוסך מורשה,תל אביב -יפו,שניצלר 23,052-8304566,68165,516017902,2,תיקון מרכבי רכב | צבעות רכב,כהן שלמה | ססין סעיד מיש
3584,מוסך רון אוחנה בע מ,מוסך מורשה,תל אביב -יפו,ישראל בק 18,03-5373204,67019,513910505,3,מכונאות רכב בנזין | מכונאות רכב דיזל | תיקון אחזקת רכב חשמלי/היברידי,אוחנה רון
3585,מ.ד.מוסך אמיתי בע מ,מוסך מורשה,פתח תקווה,זבוטינסקי 81 ת.ד 7011,03-9233428,49170,511270936,2,תיקון מרכבי רכב | צבעות רכב,אמיתי מרדכי | אמיתי מורדכי
3587,מוסך הרצליה צמרת בע מ,מוסך מורשה,הרצלייה,מדינת היהודים 95,03-9554436,46766,512037219,2,תיקון מרכבי רכב | צבעות רכב,מוסלי יעקב
3600,קומפיוטסט הנדסת ציוד לרכב בע מ,מכון רישוי,רמלה,הרצל 135,053-3033339,72430,511112120,4,בדיקות עשן ברכב דיזל | בדיקות-רכב )קניה ומכירה) | מכון רישוי-פתוח לשרות הציבור | תיקון וכוון מתלים ברכב,אבו ערארה אמין | אסא מרדכי
3601,מרכז שירות אביב א.י. בע מ,מוסך מורשה,רחובות,ד יבנה א תעשיה,053-7252157,76341,514059849,5,מכונאות רכב בנזין | מכונאות רכב דיזל | תיקון אחזקת רכב חשמלי/היברידי | חשמלאות רכב | שירות תיקון למזגן אויר לרכב,גליק ירון
3603,גלעדוב טלמן - לאקי בייקס,מוסך מורשה,תל אביב -יפו,בן שמן 6,03-6096956,65161,308648674,1,מכונאות אופנועים וקטנועים,גלעדוב טלמן
3610,מוסך רקפת בת ים בע מ,מוסך מורשה,בת ים,אורט ישראל52,03-5531376,59598,512247035,3,מכונאות רכב בנזין | מכונאות רכב דיזל | שירות תיקון למזגן אויר לרכב,רקפת יעקב
3613,אטיאס סנטר בע מ,מוסך מורשה,בת ים,אורט ישראל 52,054-4736868,59598,515862712,2,תיקון מרכבי רכב | צבעות רכב,בראל תמיר
3645,חלילי איסמעיל מוסך האומנים,מוסך מורשה,תל אביב -יפו,עציון גבר 10,03-6810892,68164,53840880,4,מכונאות רכב בנזין | מכונאות רכב דיזל | תיקון אחזקת רכב חשמלי/היברידי | שירות תיקון למזגן אויר לרכב,חלילי מוחמד
3646,מוסך כפיר שבתאי מזל בעמ,מוסך מורשה,יהוד-מונוסון,אבן גבירול 5,03-5364004,56000,,4,מכונאות רכב בנזין | מכונאות רכב דיזל | תיקון מרכבי רכב | שירות תיקון למזגן אויר לרכב,מזל שבתאי | זגור מרדכי
3649,מוסך נידאל ונפאד - מוסך מוטקה,מוסך מורשה,רמת השרון,משה סנה 210 תחנת דלק הכפר הירוק,054-4423378,47800,40281503,2,תיקון מרכבי רכב | צבעות רכב,קאסם נפאד
3652,ברכיל סאני חשמל רם,מוסך מורשה,ראשון לציון,משה שרת 14,03-9614157,75704,25103540,1,חשמלאות רכב,ברכיל סאני
3692,מרכז הבלם בליויס בעמ,מוסך מורשה,תל אביב -יפו,דרך בן צבי 42,03-6825013,68103,510694755,1,שיפוץ מכללי בלמים,בלויס דב
3694,א. רונגד רכב בע מ,מוסך מורשה,ראשון לציון,בן צבי 36 ת.ד.4475,054-5202150,75143,514387786,3,תיקון אחזקת רכב חשמלי/היברידי | חשמלאות רכב | שירות תיקון למזגן אויר לרכב,מזרחי מאיר | הנקין גדי
3701,עמר שלמה,מוסך מורשה,רמלה,תל חי 8,052-3521665,72429,1790088,3,תיקון אחזקת רכב חשמלי/היברידי | תיקון מרכבי רכב | צבעות רכב,עמר אייל | עמר שלמה | עמר ארז
3702,צמיגי מושון בע מ,מוסך מורשה,תל אביב -יפו,בן צבי 46,052-8765196,68103,511020406,1,תיקון והחלפת צמיגים,סולימן מתן
3715,קורן אדיר - מוסך גלגלים,מוסך מורשה,נתניה,ת.ד 13839 הכדר 11,09-8617222,42377,40737207,3,מכונאות רכב בנזין | מכונאות רכב דיזל | תיקון וכוון מתלים ברכב,צ'רנין מקסים | קורן אדיר
3717,רבי מרדכי  מוסכי אור הברק,מוסך מורשה,פתח תקווה,גיסין 106,03-9226060,49001,1322916,2,תיקון מרכבי רכב | צבעות רכב,רבי אלירן | רבי מוטי
3724,אבי פדידה - אבי אודיו קאר,מוסך מורשה,רעננה,החרושת 13 ת.ד 2069,053-7597215,43000,59762096,2,מכונאות רכב בנזין | מכונאות רכב דיזל,אלבז שמואל
3725,מרי יוסף מוסך רם,מוסך מורשה,תל אביב -יפו,שונצינו 25,052-5614040,67217,8806093,2,מכונאות רכב בנזין | מכונאות רכב דיזל,שער אהרון
3732,סיירה גדליה אגזוזי גדליה,מוסך מורשה,נתניה,הרכב 10 ת.ד 13333,09-8619158,42379,42425082,1,תיקון צנורות פליטה ודודי עמם,סיירה גדי
3734,עמירם רייזברג מוסך סער,מוסך מורשה,תל אביב -יפו,שוקן 17,03-6822916,67216,51305795,2,מכונאות רכב בנזין | מכונאות רכב דיזל,כץ אילן
3740,מוסך דיזל ראשלצ בעמ,מוסך מורשה,ראשון לציון,משה שרת 8,050-2550177,75704,512647710,3,מכונאות רכב בנזין | מכונאות רכב דיזל | מכונאות דיזל משאיות ואוטובוסים,סגמן רוני
3742,סטמתי יפה - צמיגי סטמתי,מוסך מורשה,הרצלייה,שכונת שביב דרך ירושלים,054-6333642,46449,68022649,1,תיקון והחלפת צמיגים,חילו מרקו
3745,א.א. ברנס בע מ )מוסך השלום(,מוסך מורשה,נתניה,"ת.ד. 8007 אריה רגב 15,",050-5348460,,514039163,3,מכונאות רכב בנזין | מכונאות רכב דיזל | מכונאות דיזל משאיות ואוטובוסים,עטיה אליהו
3750,מכון רישוי אלישע 1999 בע מ,מכון רישוי,נתניה,יד חרוצים 6,09-8355444,42108,512761347,5,בדיקות עשן ברכב דיזל | בדיקות-רכב )קניה ומכירה) | מכון רישוי-פתוח לשרות הציבור | תיקון וכוון מתלים ברכב | בדיקת רכב לאחר תאונה,חמודה פתחלה
3754,מוסך מטלון - עידו רוקח,מוסך מורשה,פתח תקווה,השילוח 5תד 7043,050-6308230,49514,301258240,2,מכונאות רכב בנזין | מכונאות רכב דיזל,רוקח עמוס
3755,כלמוביל בערבון מוגבל,מוסך מורשה,ראשון לציון,יצחק בן-צבי 19 ת ד4061,03-9424242,75140,510242670,7,מכונאות רכב בנזין | מכונאות רכב דיזל | מכונאות דיזל משאיות ואוטובוסים | תיקון אחזקת רכב חשמלי/היברידי | חשמלאות רכב | אוטוטק מרכבי רכב וצביעתם | שירות תיקון למזגן אויר לרכב,רפאלי זאור | פיש גריגורי
3760,מוסך עירית ר ג,מוסך מורשה,רמת גן,"ביאליק 35, עבור מוסך העיריה",03-6758410,,500286000,4,אוטוטק רכב קל | מכונאות דיזל משאיות ואוטובוסים | טרקטורים ומכונות ניידות | תיקון מלגזות הרמה,כתב צבי
3762,חוסן את גורג מוסך האחים,מוסך מורשה,תל אביב -יפו,שרירא גאון 30,03-6829686,68192,53846184,1,תיקון תיבות הילוכים אוטומטיות,גורג שורי
3764,אייקאר מ.ש.ט בע מ,מוסך מורשה,יהוד-מונוסון,אלטלף 23,053-2319157,56000,515138659,2,תיקון מרכבי רכב | צבעות רכב,עבוד ואיל
3766,מוסך ג.ג.ג רעננה בע מ,מוסך מורשה,רעננה,הסדנא 9 ת.ד 65,09-7435706,43611,510566896,3,אוטוטק רכב קל | תיקון אחזקת רכב חשמלי/היברידי | תיקון והחלפת צמיגים,היקרי נעם | אשכנזי שי
3767,ליאור מוסך מרכזי תומקר - תומגו,מוסך מורשה,פתח תקווה,"עמל 58, ת.ד. 3837",050-6559774,49513,24473993,2,מכונאות אופנועים וקטנועים | תיקון טרקטורונים,גולדברג ליאור | גולדנברג ליאור
3768,טארנטו חיה - מוסך יום טוב,מוסך מורשה,רמת השרון,החרושת 17,054-7584762,47279,53504833,1,אוטוטק רכב קל,טארנטו אפרים
3776,פליקס בע מ,מוסך מורשה,תל אביב -יפו,שאר ישוב 9,053-6666033,67219,510443567,1,תיקון מרכבי רכב,גפן אברהם
3780,לוי חיים מוסך ראלינג,מוסך מורשה,תל אביב -יפו,שניצלר 21,03-6833184,68165,23095037,4,מכונאות רכב בנזין | מכונאות רכב דיזל | טרקטורים ומכונות ניידות | תיקון טרקטורונים,לוי חיים
3789,מלכה רפאל צבעות רכב מלכה,מוסך מורשה,רמת השרון,תחנת דלק בכפר הירוק,03-6480002,,69395309,1,צבעות רכב,מלכה רפאל
3790,מוטוריידר אוריאל ולירן,מוסך מורשה,בני ברק,הירקון 45,03-5755215,51205,312782659,1,מכונאות אופנועים וקטנועים,אלמוג לירן
3792,רם -קור בע מ,מוסך מורשה,תל אביב -יפו,דרך בן צבי 98,03-5617551,68104,511241192,1,אוטוטק רכב קל,כהן שחר יצחק
3798,עבדאלחי יוסף מרכז צמיגי המשולש,מוסך מורשה,טירה,טירה ת.ד 2702,053-4233706,44915,54455480,1,תיקון והחלפת צמיגים,עבד אלחי אחמד
3800,אוטו בנץ בע מ,מוסך מורשה,תל אביב -יפו,הסוללים 6,03-5617044,67897,511639650,6,מכונאות רכב בנזין | מכונאות רכב דיזל | תיקון אחזקת רכב חשמלי/היברידי | חשמלאות רכב | תיקון מרכבי רכב | שירות תיקון למזגן אויר לרכב,דיין יעקב | דיין משה | יעקב יצחק
3801,מוסך מתי,מוסך מורשה,בני ברק,הירקון 27,03-5706564,51204,30149132,3,תיקון אחזקת רכב חשמלי/היברידי | תיקון מרכבי רכב | צבעות רכב,מויאל בנימין י | פטל משה
3808,ימיני אמנון מוסך אמנון,מוסך מורשה,נתניה,ת.ד. 13320 אורט 17,052-2203577,42378,52219334,2,מכונאות רכב בנזין | מכונאות רכב דיזל,ימיני אמנון
3813,דרור סנקביץ שרותי מוסכים בע מ,מוסך מורשה,ראשון לציון,"האצל 12, ת.ד. 5063, א.ת. חדש",03-9612838,,510970486,3,תיקון מרכבי רכב | מסגרות רכב )תיקון ארגזים) | צבעות רכב,דרור סנקביץ | סנקביץ דרור | סנקביץ אורן סטי
3819,פנחס שי מוסך מירז,מוסך מורשה,נתניה,אחד העם 7,09-8612236,42410,28718831,1,מכונאות אופנועים וקטנועים,פנחס שי
3820,מוסך אברהם קפטה,מוסך מורשה,נס ציונה,זרובבל 10,08-9409931,70400,973149,2,תיקון מרכבי רכב | צבעות רכב,אברהם קפטה | קפטה אברהם
3821,מוסך אברהם,מוסך מורשה,פתח תקווה,בן ציון גליס 27,03-9300930,49277,55795066,2,מכונאות רכב בנזין | מכונאות רכב דיזל,מנסור סובחי
3822,מכון הדרום )פ  ת( א.ד.ש שרותי רכ,מכון רישוי,פתח תקווה,גליס 51,03-9302602,49277,510862634,3,בדיקות עשן ברכב דיזל | בדיקות-רכב )קניה ומכירה) | מכון רישוי-פתוח לשרות הציבור,צאלח שי
3825,אופיר אבירן שרותי רכב,מוסך מורשה,ראשון לציון,איזיקסון 3,03-9646713,,25356809,2,מכונאות רכב בנזין | מכונאות רכב דיזל,אופיר אבירן
3827,א.א.א ברק 2007 בע מ,מוסך מורשה,פתח תקווה,הירקונים 45,054-6500500,49271,513922575,2,תיקון מרכבי רכב | צבעות רכב,ג'לג'ולי מוטאנה
3830,ממן-מסופי מטען וניטול בע מ,מוסך מורשה,לוד,תד 58 נתבג,054-4900023,70100,520036435,5,מכונאות רכב בנזין | מכונאות רכב דיזל | אישור כשירות לצמ ה ומכונה ניידת | טרקטורים ומכונות ניידות | תיקון מלגזות הרמה,אסקין נס שביט
3832,עשהאל תמר עשאל אגזוזים,מוסך מורשה,תל אביב -יפו,היתד 8,050-5979893,68169,56635212,1,תיקון צנורות פליטה ודודי עמם,תמר עשהאל
3837,מוסך תאבת אקעיק בע מ,מוסך מורשה,טייבה,ת.ד 5588,09-7993390,40400,513921312,2,מכונאות רכב דיזל | מכונאות דיזל משאיות ואוטובוסים,יוסף אקעיק
3840,פנצרית הגל - נגר שושנה,מוסך מורשה,ראשון לציון,דרך המכבים 54,050-5430324,75361,51743284,1,תיקון והחלפת צמיגים,נגר אורן
3842,אבי עשור צמיגי פז,מוסך מורשה,בת ים,הקינמון 6,03-5518475,59592,53712253,1,תיקון והחלפת צמיגים,עשור אבי
3845,נמרודי משה דודג רובר מכונאות,מוסך מורשה,תל אביב -יפו,סמטת שלוש 19,052-3170490,66845,4512331,2,מכונאות רכב בנזין | מכונאות רכב דיזל,נמרודי משה
3847,רשות שד תעופה בן גוריון מ.צ.ק,מוסך מורשה,לוד נמל תעופה,נתבג תד 7,054-2532575,70100,500102868,9,מכונאות רכב בנזין | אוטוטק רכב קל | מכונאות רכב דיזל | מכונאות דיזל משאיות ואוטובוסים | חשמלאות רכב | צבעות רכב | אישור כשירות לצמ ה ומכונה ניידת | טרקטורים ומכונות ניידות | תיקון מלגזות הרמה,ארואסטי מור | צברי רועי | טולדנו יהודה | אייזיק קלי | לוי שמעון
3850,מוסך ט.ד. דכה 2011 בע מ,מוסך מורשה,תל אביב -יפו,קיבוץ גלויות 4,03-5181396,68166,514694124,2,מכונאות רכב בנזין | מכונאות רכב דיזל,רובין אלדו
3854,מרכז שירות ח.ת.ך בע מ,מוסך מורשה,רמלה,הרצל 135,053-7515517,72430,516850492,2,אוטוטק רכב קל | תיקון אחזקת רכב חשמלי/היברידי,ברנס יצחק
3855,סהר יצחק מוסך פאר,מוסך מורשה,פתח תקווה,מרכוס 27 סגולה,03-9309579,49277,41856071,2,מכונאות רכב בנזין | מכונאות רכב דיזל,משה אריאל
3857,ריגל אופנועים וקטנועים 2004 בע מ,מוסך מורשה,ראשון לציון,דרך המכבים 54,03-9509666,,513562678,1,מכונאות אופנועים וקטנועים,סולומונוב ניקי
3858,מוסך עדי ווייס,מוסך מורשה,יהוד-מונוסון,העצמאות 24,03-6322699,56000,14264006,2,מכונאות רכב בנזין | מכונאות רכב דיזל,ווייס עדי
3861,מוסך סגנון )איציק ומוטי( בע מ,מוסך מורשה,רמת השרון,המסגר 1 א.ת נוה מגן,03-5496655,47262,511887390,3,מכונאות רכב בנזין | מכונאות רכב דיזל | תיקון אחזקת רכב חשמלי/היברידי,ברק יצחק
3863,מוסך ישראל טורס בעמ,מוסך מורשה,רחובות,היצירה 37,08-9461886,76343,511118127,2,מכונאות רכב בנזין | מכונאות רכב דיזל,טורס ישראל
3872,מוסך יוסף את עוזי,מוסך מורשה,תל אביב -יפו,אחים מסלויטה 4,052-2517922,67010,2923720,1,תיקון מרכבי רכב,רחמן עוזי
3887,אמנון ינאי רדייטורים ואגזוזים,מוסך מורשה,פתח תקווה,הסדנא 2,03-9248978,49001,58805664,2,תיקון רדיאטורים )מצננים) | תיקון צנורות פליטה ודודי עמם,אמנון ינאי
3898,מוסך עיראקי - מסארוה נור אל דין,מוסך מורשה,טייבה,ת.ד 7046,052-3383390,40400,203266630,3,תיקון אחזקת רכב חשמלי/היברידי | תיקון מרכבי רכב | צבעות רכב,עאזם איאד | מצראווה מחמוד
3900,צמיגי עבד בהנהלת אוסאמה,מוסך מורשה,אזור,ת ד 11336השבעה19,054-6325165,58001,25830472,1,תיקון והחלפת צמיגים,אלגעפרי אוסמא
3905,נחום את גילי חשמל קרבורטורים,מוסך מורשה,חולון,רח המלאכה 52,03-5502923,58855,74802174,3,חשמלאות רכב | תיקון קרבורטורים | שירות תיקון למזגן אויר לרכב,אשר נחום | גילי סלע | אשר עזרא
3906,י.א.מ.י שרותי רכב בע מ,מוסך מורשה,תל אביב -יפו,עציון גבר 6,03-6828411,68111,512399023,3,מכונאות רכב בנזין | מכונאות רכב דיזל | שירות תיקון למזגן אויר לרכב,מלמד יוסף
3914,רסמני ציון מוסך יוגב,מוסך מורשה,הרצלייה,ברקת 13 א. תעשיה,03-9556975,46733,68986496,1,תיקון מרכבי רכב,רסמני ציון
3917,יוסי פולקסווגן מוסך,מוסך מורשה,יהוד-מונוסון,אבן גבירול 3,050-8876040,56000,60233962,2,מכונאות רכב בנזין | מכונאות רכב דיזל,יוסי חגי
3919,הילוך שישי באר יעקב בע מ,מוסך מורשה,באר יעקב,דרך צהל ת.ד.227,054-5736465,70300,511341315,8,מכונאות רכב בנזין | מכונאות רכב דיזל | תיקון אחזקת רכב חשמלי/היברידי | חשמלאות רכב | תיקון מרכבי רכב | צבעות רכב | תיקון והחלפת צמיגים | שירות תיקון למזגן אויר לרכב,אמינוב דוד | זיתונה ג'ורג' | זיתונה גורג | אדמון יעקב
3920,סרן תיקון מתלים בהנהלת רומן,מוסך מורשה,רחובות,נחושתן 17,054-6813928,76344,309829406,1,תיקון וכוון מתלים ברכב,חיימוב שלום
3927,צמיגי נעים את יחזקאל בעמ,מוסך מורשה,רחובות,דרך יבנה א תעשיה,08-9462345,76343,511757189,1,תיקון והחלפת צמיגים,יחזקאל אשמור
3930,גל רון מוסך מורשה הונדה בע מ,מוסך מורשה,תל אביב -יפו,ישראל בק 36,03-5621633,67019,511215196,5,מכונאות רכב בנזין | מכונאות רכב דיזל | תיקון אחזקת רכב חשמלי/היברידי | חשמלאות רכב | שירות תיקון למזגן אויר לרכב,בן מאיר מאיר | בן מאיר  מאיר | ירושלמי עודד
3931,ירון מוסך שירות שיא בע מ,מוסך מורשה,רעננה,החרושת 15 א.ת ת.ד 2076,09-7448833,43656,510924400,2,מכונאות רכב בנזין | מכונאות רכב דיזל,כהן שלמה
3941,מוסך שחם ובניו בעמ,מוסך מורשה,אור יהודה,היוזמים 3,04-5330193,60200,512351263,3,תיקון אחזקת רכב חשמלי/היברידי | תיקון מרכבי רכב | צבעות רכב,שחם אלי | שמוחה שלמה
3942,מוסך חלילי מוחמד,מוסך מורשה,תל אביב -יפו,דרך בן צבי 39,03-5188445,68103,23443997,2,מכונאות רכב בנזין | מכונאות רכב דיזל,חלילי מוחמד
3943,מוסך גלי בע מ,מוסך מורשה,ראשון לציון,האצל 7,050-5460242,75706,511575680,2,מכונאות רכב בנזין | מכונאות רכב דיזל,כהן יעקב
3951,מוסך שבי אשכנזי,מוסך מורשה,ראשון לציון,פרשקובסקי 1,050-6454137,,36868420,4,מכונאות רכב בנזין | מכונאות רכב דיזל | חשמלאות רכב | שירות תיקון למזגן אויר לרכב,מזרחי יואל
3953,אליאב מרכז שירות לרכב בע מ,מוסך מורשה,ראשון לציון,איזקסון 12,050-9845511,,517264065,4,אוטוטק רכב קל | תיקון אחזקת רכב חשמלי/היברידי | תיקון והחלפת צמיגים | בדיקת רכב לאחר תאונה,עמירה מיטל | נתנוב אליאור
3955,אגד חברה לתחבורה בע מ,מוסך מורשה,נתניה,עי תחנת רכבת,03-9143247,,516041118,7,מכונאות רכב דיזל | מכונאות דיזל משאיות ואוטובוסים | תיקון אחזקת רכב חשמלי/היברידי | חשמלאות רכב | תחזוקה ובדיקת מערכת כיבוי אש באוטו' | שירות תיקון למזגן אויר לרכב | תיקון וכיול טכוגרפים,קפלן אליהו | דרכי שלמה | פוקסמן איגור | לידובסקי נעם | ספקטור שאול
3956,קוזמה שרון - מוסך המרכז,מוסך מורשה,כפר סבא,ת.ד 2065  יוחנן הסנדלר 13,09-7654877,44426,38422135,2,מכונאות רכב בנזין | מכונאות רכב דיזל,בליצבלאו ירון
3971,ברהום עודד מוסך כפיר,מוסך מורשה,ראשון לציון,פרימן 12,03-9640806,75358,22164958,2,מכונאות רכב בנזין | מכונאות רכב דיזל,ברהום עודד
3972,הלסן חב ליצור ושווק בעמ,מוסך מורשה,יהוד-מונוסון,העצמאות 42,03-5366077,56000,510774623,1,תיקון והחלפת צמיגים,סנדץ יוסי
3973,שקורי את יהודה מוסך המרכז,מוסך מורשה,פתח תקווה,ת ד 3138  עמל 5,03-9233116,49513,7346158,1,תיקון מרכבי רכב,שקורי שמעון
3975,עופר שרותי רכב,מוסך מורשה,בני ברק,בר יוחאי 12,03-6779799,51553,22515712,2,מכונאות רכב בנזין | מכונאות רכב דיזל,עובדיה עופר
3994,ר.שינוע ושירותים בע מ,מוסך מורשה,פתח תקווה,בן ציון גאליס 51,050-7402712,49277,515364453,3,מכונאות רכב בנזין | מכונאות רכב דיזל | תיקון וכוון מתלים ברכב,עבדה יצחק
3997,זאן אברהם מוסך האומן,מוסך מורשה,חולון,המלאכה 27 חולון,03-5560659,58852,4618286,2,תיקון מרכבי רכב | צבעות רכב,זאן אברהם | אזולאי דניאל
3998,קרני אור רחובות בעמ,מוסך מורשה,רחובות,א.תעשיה דרך יבנה,08-9468498,76344,511038630,5,מכונאות רכב בנזין | מכונאות רכב דיזל | תיקון אחזקת רכב חשמלי/היברידי | תיקון והחלפת צמיגים | תיקון וכוון מתלים ברכב,סלומון מנחם | פיליפ מיכאי
4004,ש.א.ל. פחחות וצבע בע מ,מוסך מורשה,תל אביב -יפו,פראנצויז 11,03-6810229,68113,512916347,2,תיקון מרכבי רכב | צבעות רכב,קיוסו שלתיאל | דקידק נאדר
4006,אלרם חב' לשינוע בע מ,מוסך מורשה,רמלה,התקוה 6,054-3330756,,511623332,3,אישור כשירות לצמ ה ומכונה ניידת | טרקטורים ומכונות ניידות | תיקון מלגזות הרמה,פרס רמי
4007,מוסך בלס בע מ,מוסך מורשה,פתח תקווה,השחם 2 ת ד 4060,03-9219669,49517,516752045,3,מכונאות רכב בנזין | מכונאות רכב דיזל | תיקון אחזקת רכב חשמלי/היברידי,אביב שלמה
4012,מוסך הכפר הירוק בע מ,מוסך מורשה,רמת השרון,ד. משה סנה 210 ת. דלק כ. הירוק,054-4290190,47232,515121325,2,מכונאות רכב בנזין | מכונאות רכב דיזל,נעמן יעקב
4015,צמיגי הירש רחובות בע מ,מוסך מורשה,רחובות,א תעשיה גבריאלוב41,08-9462453,76382,511059842,1,תיקון והחלפת צמיגים,סעדון עמוס
4016,שרותי תעופה בעמ,מוסך מורשה,לוד נמל תעופה,תד 23 נ ת ב ג,08-9774000,70100,510521123,3,מכונאות רכב בנזין | מכונאות רכב דיזל | מכונאות דיזל משאיות ואוטובוסים,ריסין אלכסיי
4019,פליקס אביטל -פליקס אגזוזים וממיר,מוסך מורשה,בני ברק,הירקון 17,03-5700835,51262,30675516,2,תיקון רדיאטורים )מצננים) | תיקון צנורות פליטה ודודי עמם,פליקס אביטל
4025,מ.ש כחול לבן בע מ,מוסך מורשה,פתח תקווה,הרכב 11 סגולה,03-9314286,49277,515906329,4,מכונאות רכב בנזין | מכונאות רכב דיזל | חשמלאות רכב | תיקון מרכבי רכב,גרבי עמית | טיטלבום זאב | פדילה ראסם
4029,שם טוב יניב - מוסך שם טוב,מוסך מורשה,תל אביב -יפו,"חומה ומגדל 28  ת,ד 9437",03-5372979,67771,37340684,2,תיקון רדיאטורים )מצננים) | תיקון צנורות פליטה ודודי עמם,שם טוב יניב
4035,אילן מדר אילן אופנועים,מוסך מורשה,בני ברק,בן יעקב 21,03-6777699,51553,40801193,1,מכונאות אופנועים וקטנועים,אילן מדר
4036,מפתן ארזים,מוסך מורשה,יבנה,גבעתי 1 תד 393,08-9431145,70600,,3,מכונאות רכב בנזין | מכונאות רכב דיזל | תיקון אחזקת רכב חשמלי/היברידי,רובין אריאל
4037,מוסך איציק פלדמן בעמ,מוסך מורשה,ראשון לציון,פרימן 14 א.ת ישן,054-3191405,75258,512054933,2,מכונאות רכב בנזין | מכונאות רכב דיזל,פלדמן יצחק
4042,מוסך אחים אסולין (1993) בע מ,מוסך מורשה,כפר סבא,ת.ד 2097 המסגר 5,050-3751961,44427,511893026,2,תיקון מרכבי רכב | צבעות רכב,היקרי יהודה | אסולין יצחק
4048,כהן יואב צמיגי נס ציונה,מוסך מורשה,נס ציונה,האיזמל 3,08-9405025,70400,59010264,1,תיקון והחלפת צמיגים,כהן יואב
4051,אם.וי אס מוטור בע מ,מוסך מורשה,חולון,תמנע 21,052-2957692,58813,514278480,3,אוטוטק רכב קל | תיקון אחזקת רכב חשמלי/היברידי | אוטוטק מרכבי רכב וצביעתם,אלון אלי | שמיע עידן
4052,מוסך סייר - מאיר ביטה,מוסך מורשה,תל אביב -יפו,בית עובד 12,054-4623685,67771,31863988,1,תיקון מרכבי רכב,ביטה מאיר
4054,כחלון יצחק מוסך מיכה לפחחות,מוסך מורשה,הרצלייה,ת.ד. 12221 גלגלי הפלדה 8,03-9555113,46722,51878353,2,תיקון מרכבי רכב | צבעות רכב,כחלון יצחק
4055,לוי חנן מוסך חנן,מוסך מורשה,נתניה,הרכב 14,09-8619146,42379,73001935,2,מכונאות רכב בנזין | מכונאות רכב דיזל,לוי חנן
4059,ספאני אליהו פחחות רכב,מוסך מורשה,כפר סבא,יוחנן הסנדלר 11 א.ת מזרחי,09-7654308,44426,69377414,2,תיקון מרכבי רכב | צבעות רכב,ספאני אליהו
4060,קומפיוטסט הנדסת ציוד לרכב בע מ,מוסך מורשה,תל אביב -יפו,החרוץ 3,03-5376418,67060,511112120,1,בדיקות-רכב )קניה ומכירה),אלוחואח עזיז
4066,מוסך יהודה ויאיר בע מ,מוסך מורשה,תל אביב -יפו,שטיבל 5,03-5621778,67210,512567421,2,תיקון מרכבי רכב | צבעות רכב,רביע סבח יאיר | גליצקי לאוניד
4077,מוסך מכלוף - יהודה ואברהם,מוסך מורשה,תל אביב -יפו,אחים מסלויטה 4,03-6878873,67010,22581144,2,תיקון מרכבי רכב | צבעות רכב,דנינו יהודה שמ | עבו אברהם
4078,מוסך יוסי את שלמה (1985) בע מ,מוסך מורשה,פתח תקווה,מודיעין 18.,054-4811530,49271,511070425,3,מכונאות רכב בנזין | מכונאות רכב דיזל | מכונאות דיזל משאיות ואוטובוסים,מעטו יוסף
4081,מוסך סיידון בע מ,מוסך מורשה,הוד השרון,היובלים 14 א.ת נוה נאמן,09-7402325,45247,511025471,5,מכונאות רכב בנזין | אוטוטק רכב קל | תיקון אחזקת רכב חשמלי/היברידי | תיקון מרכבי רכב | צבעות רכב,סיידון יהודה | דפנה בראל | ג'לג'ולי ממדוח | עבד אל קאדר עמא
4086,מוסך יוסי את דוד,מוסך מורשה,רמלה,קלאוזנר 15,08-9231099,72432,41796400,1,אוטוטק רכב קל,זכריה טל
4098,ג.ל.י עולם הרכב יהוד בע מ,מוסך מורשה,יהוד-מונוסון,העצמאות 2,052-3456241,56350,516172988,1,אוטוטק מרכבי רכב וצביעתם,אלגעפרי חסן
4101,מוסכי אביק שרותי רכב בעמ,מוסך מורשה,תל אביב -יפו,המנוע 3,03-6831216,68168,511534372,2,תיקון מרכבי רכב | צבעות רכב,פלומר חיים | פלומו חיים
4105,א.לייבמן שרותי רכב בעמ,מוסך מורשה,פתח תקווה,מרכוס 34,03-9311850,49565,513086355,2,מכונאות רכב בנזין | מכונאות רכב דיזל,ליבמן יצחק
4110,קידמה השכרת מלגזות בע מ,מוסך מורשה,ראשון לציון,איתן 7,054-2277346,,513186122,2,אישור כשירות לצמ ה ומכונה ניידת | תיקון מלגזות הרמה,פרידמן אריה
4112,אנדרי מוכעבל את צרפתי יום טוב,מוסך מורשה,לוד,יוסף טל 5,08-9224242,,66350125,1,תיקון והחלפת צמיגים,מוכעבל אנדרי
4121,יצחק לוי,מוסך מורשה,יהוד-מונוסון,העצמאות 6 יהוד,03-5364944,56000,50062595,2,חשמלאות רכב | שירות תיקון למזגן אויר לרכב,יצחק לוי | לוי אלעד
4122,שלמה מוסך אמריקה,מוסך מורשה,יהוד-מונוסון,ת.ד.2615 שבזי 19,050-2598532,56000,50939818,2,מכונאות רכב בנזין | מכונאות רכב דיזל,חכים שלמה
4126,מסה ניסים,מוסך מורשה,תל אביב -יפו,סלמה 12,03-6829112,68111,453209,1,רפידות ותופי בלם,מסה ניסים
4129,מוסכי רכב נתניה א.מ. בע מ,מוסך מורשה,נתניה,פינקס 28 ת.ד13024,054-5709999,42300,511123010,3,אוטוטק רכב קל | תיקון אחזקת רכב חשמלי/היברידי | תיקון וכוון מתלים ברכב,יאסין גסאן | יאסין גאסן
4133,דור ניסים מוסך דור מוטורס,מוסך מורשה,חולון,היוגב 18,03-5560631,58853,58713991,2,מכונאות רכב בנזין | מכונאות רכב דיזל,דור ניסים
4134,מוסך מוניטין בהנהלת אלכסנדר,מוסך מורשה,בת ים,העבודה 30,03-5533145,59599,321807349,2,מכונאות רכב בנזין | מכונאות רכב דיזל,צלבי נחום
4137,מוסך לין י.ד בע מ,מוסך מורשה,תל אביב -יפו,חומה ומגדל 14,03-6872908,67771,514141605,2,תיקון מרכבי רכב | צבעות רכב,עמית דוד
4138,כהן שלמה )מוסך מומי(,מוסך מורשה,רחובות,אזור תעשיה דרך יבנה,08-9461869,76343,61092367,1,צבעות רכב,כהן שלמה
4142,ג.מ פורטל בע מ,מוסך מורשה,תל אביב -יפו,ריבל 27,050-7259697,67778,512847583,1,תיקון והחלפת צמיגים,פורטל יעקב
4147,ר. נאם שרות וחלפים בע מ,מוסך מורשה,חולון,תמנע 1,03-6030819,58813,515883197,3,מכונאות רכב בנזין | מכונאות רכב דיזל | טרקטורים ומכונות ניידות,אורלביץ רן | אורלוביץ רן
4149,מוסך מילניום ח.ר.בעמ,מוסך מורשה,ראשון לציון,משה שרת 2,03-9614393,75704,512862145,4,מכונאות רכב בנזין | מכונאות רכב דיזל | חשמלאות רכב | שירות תיקון למזגן אויר לרכב,שבתאי בנימין | גבריאלי אהוד
4151,מוסך י. שקד בע מ,מוסך מורשה,בני ברק,ברוך הירש 17,03-5704856,51202,511348088,2,מכונאות רכב בנזין | מכונאות רכב דיזל,דרהי דוד
4156,ופנר שירותים לרכב בע מ,מוסך מורשה,תל אביב -יפו,מרדכי אנילביץ 44,053-7707311,67060,514659937,6,מכונאות רכב בנזין | מכונאות רכב דיזל | תיקון אחזקת רכב חשמלי/היברידי | תיקון מרכבי רכב | צבעות רכב | תיקון וכוון מתלים ברכב,ופנר נח | רוקח ניסים | וופנר נח
4157,מוסך חן בהנהלת יעקב,מוסך מורשה,בני ברק,הירקון 73,03-6199908,51206,28565190,2,מכונאות רכב בנזין | מכונאות רכב דיזל,נקאש יעקב
4158,מכלול יעדים בע מ,מוסך מורשה,נתניה,המסגר 13 ת.ד 13651 א.ת,09-8820811,42378,513943506,3,אישור כשירות לצמ ה ומכונה ניידת | טרקטורים ומכונות ניידות | תיקון מלגזות הרמה,קדוש מאיר
4160,צמיגי ויקטור-רביד בע מ,מוסך מורשה,פתח תקווה,עמל 17 ת.ד. 3577,054-6006035,49513,516984432,1,תיקון והחלפת צמיגים,מסיקה צורי
4165,איתן יאיר בלמי השרון,מוסך מורשה,כפר סבא,הסדנא 1 ת.ד 2007 א.ת,050-7577014,44424,53577920,1,רפידות ותופי בלם,איתן יאיר
4167,אבניר חב' לרכב בע מ,מוסך מורשה,תל אביב -יפו,המנור 5,03-6815511,66558,510979388,3,תיקון אחזקת רכב חשמלי/היברידי | מכונאות אופנועים וקטנועים | תיקון טרקטורונים,קנכט איציק
4171,ב.ד. מוסך איכות הרכב בע מ,מוסך מורשה,חולון,החופר 18 פ הזורע,03-5503587,58853,514660299,2,תיקון מרכבי רכב | צבעות רכב,עזיזיאן בנימין
4178,דוד משה חשמל רכב בעמ,מוסך מורשה,חולון,כביש ירושלים 20 בתחנת דלק,03-5564567,58813,512257965,1,חשמלאות רכב,משה דוד
4180,שירון 1989 יבוא שווק צמיגים בע מ,מוסך מורשה,יבנה,הירקון 1. ת.ד. 645,08-9436733,70600,511421596,1,תיקון והחלפת צמיגים,קחלון דוד
4181,מרכז הצמיג ש.י. בע מ,מוסך מורשה,הרצלייה,הס 27,09-9543060,46785,513336834,1,תיקון והחלפת צמיגים,עובדיה ששון
4182,מוסך דנין בהנהלת חיים,מוסך מורשה,בת ים,אורט ישראל 34 בת ים,03-5515387,59595,5913694,4,מכונאות רכב בנזין | מכונאות רכב דיזל | תיקון מרכבי רכב | צבעות רכב,יפת מנחם | מנטין ציון | מנטין חיים
4187,מוסך אלחן - חנן לוי,מוסך מורשה,נתניה,ת.ד 13545 הכדר 25,050-4764848,42131,37702982,3,מכונאות רכב בנזין | מכונאות רכב דיזל | תיקון אחזקת רכב חשמלי/היברידי,לוי חנן
4204,טכומטר- איגור ועזאת,מוסך מורשה,עמק חפר,ת.ד. 12218 גשר העץ 20,04-8247760,38800,306933128,2,תיקון מחוונים | תיקון וכיול טכוגרפים,קובסמן איגור
4207,מוסך דני את דוד 2000)) בע מ,מוסך מורשה,בת ים,העמל 1 פ אורגים,03-5512380,59603,513054734,2,תיקון מרכבי רכב | צבעות רכב,אדרי דני
4230,אריה כהן שרותי חשמל ומיזוג לרכב,מוסך מורשה,חולון,בצלאל 4,03-5594688,58827,54073119,2,חשמלאות רכב | שירות תיקון למזגן אויר לרכב,כהן אריה
4237,פלג יחזקאל מוסך עמל,מוסך מורשה,פתח תקווה,עמל 17 תד 3796,03-9231816,49513,54373253,4,מכונאות רכב בנזין | מכונאות רכב דיזל | חשמלאות רכב | שירות תיקון למזגן אויר לרכב,פלג יחזקאל
4240,סופר פרונט בדיקות קניה נתניה בעמ,מוסך מורשה,נתניה,הנגר 9,052-4665641,42312,516729514,5,מכונאות רכב בנזין | מכונאות רכב דיזל | בדיקות-רכב )קניה ומכירה) | תיקון וכוון מתלים ברכב | בדיקת רכב לאחר תאונה,עזאני דוד
4242,יוסף נעים צמיגי זיתוני,מוסך מורשה,גבעתיים,כורזין 5 מרכז מלאכה,03-5713028,53583,55270235,1,תיקון והחלפת צמיגים,יוסף נעים
4251,אמ.בי.איי מוטורס בהנהלת חליל,מוסך מורשה,ראשון לציון,שמוטקין 19 א ת,050-4466019,,40872079,2,מכונאות רכב בנזין | מכונאות רכב דיזל,עכילה עבדאללה
4254,בלס מרדכי חשמל געש,מוסך מורשה,פתח תקווה,שחם 2,052-5307332,49517,55020358,1,חשמלאות רכב,בלס מרדכי
4255,מוסך א.א.לוי אפרים בעמ,מוסך מורשה,רחובות,דרך יבנה גבריאלוב 39,08-9460336,76341,512408477,4,מכונאות רכב בנזין | מכונאות רכב דיזל | תיקון מרכבי רכב | צבעות רכב,כדמיאן אברהם | בן חמו דוד
4257,ר.ש נובו קאר בע מ,מוסך מורשה,נס ציונה,העבודה 3,050-8183020,70400,517391363,1,אוטוטק מרכבי רכב וצביעתם,סייאד נדאל
4263,אביגדור כחלון צמיגים ופרונטים,מוסך מורשה,כפר סבא,יוחנן הסנדלר 11 ת.ד 2012,09-7670883,42239,55719744,3,תיקון והחלפת צמיגים | תיקון וכוון מתלים ברכב | בדיקת רכב לאחר תאונה,כחלון שי | כחלון שי שלום | אלעזרי-מינס גבר
4264,אמרד רדיאטורים בע מ,מוסך מורשה,תל אביב -יפו,השלושה 1,050-6839741,67060,511070567,2,תיקון רדיאטורים )מצננים) | תיקון צנורות פליטה ודודי עמם,רשקוב אורן
4270,מבדק בדיקות רכב ורישוי בע מ,מכון רישוי,הרצלייה,ת.ד2080 הסדנאות 7,09-9559159,46728,511044730,5,בדיקות עשן ברכב דיזל | בדיקות-רכב )קניה ומכירה) | מכון רישוי-פתוח לשרות הציבור | תיקון וכוון מתלים ברכב | בדיקת רכב לאחר תאונה,גזית אורן
4271,קרסו מוטורס בע מ,מוסך רישוי לרכב חדש,בני עי ש,ת.ד.90 פרק ראם,08-8631181,79845,514065283,3,תיקון והחלפת צמיגים | אוטוטק מרכבי רכב וצביעתם | רישום ורישוי לרכב חדש,אופיר ניר | אבו רמוז מוחמד | ניר אופיר
4273,מרדכי אלימלך  בעמ יונדאי רחובות,מוסך מורשה,רחובות,א תעשיה רחובות,08-9461552,76341,512390832,4,מכונאות רכב בנזין | מכונאות רכב דיזל | תיקון מרכבי רכב | צבעות רכב,כרמלי ליאור | אלימלך יוסי | אלימלך מרדכי
4277,מוסך עובדיה יוסף חיים,מוסך מורשה,פתח תקווה,מרכוס 54,03-9309577,49277,70920558,1,תיקון מרכבי רכב,עובדיה יוסף
4280,צמיגי ורד א.ד. 2002 בע מ,מוסך מורשה,נתניה,ת.ד. 13026 פנקס 5,09-8617080,12377,513186890,1,תיקון והחלפת צמיגים,ורד אייל
4283,צמיגי טיפ טופ יפו בע מ,מוסך מורשה,תל אביב -יפו,התחייה 22,052-5082244,68169,515027175,1,תיקון והחלפת צמיגים,אלעיסאוי עומר
4295,מוסך תמיר כדורי בע מ,מוסך מורשה,פתח תקווה,שנקר 26 ת.ד 3649,03-9225036,49513,514591973,2,מכונאות רכב בנזין | מכונאות רכב דיזל,כדורי תמיר
4300,צמיגי השדרה כריסטו,מוסך מורשה,תל אביב -יפו,שד ירושלים 127,054-2233776,68151,50064930,1,תיקון והחלפת צמיגים,גנדור גבי
4303,מוסך חן אריק בע מ,מוסך מורשה,ראשון לציון,שמוטקין 16,03-9640940,75363,513477885,3,מכונאות רכב בנזין | מכונאות רכב דיזל | תיקון אחזקת רכב חשמלי/היברידי,קוזניץ איתי | איתי קוזניץ
4304,צבי גיס מוסך יצחק,מוסך מורשה,אור יהודה,הגנה 4 ת.ד 509,050-7707616,60200,58402710,2,מכונאות רכב בנזין | מכונאות רכב דיזל,דגן גרי
4305,מוסך שבו בהנהלת יוסי שבו,מוסך מורשה,רחובות,משה יתום 5 רחובות,050-5211973,76344,53465449,2,מכונאות רכב בנזין | מכונאות רכב דיזל,אטיאס משה
4312,מדיאל רונן מוסך בן יהודה,מוסך מורשה,תל אביב -יפו,אנילביץ 38,03-6886293,67060,31857808,4,מכונאות רכב בנזין | מכונאות רכב דיזל | תיקון מרכבי רכב | מכונאות אופנועים וקטנועים,מדיאל רונן | אדמוביץ משה | שפס אודי
4313,אגד חברה לתחבורה בע מ,מוסך מורשה,חולון,חניון אגד - רח' דן שומרון,054-5991877,,516041118,9,אוטוטק רכב קל | מכונאות רכב דיזל | מכונאות דיזל משאיות ואוטובוסים | תיקון אחזקת רכב חשמלי/היברידי | חשמלאות רכב | מסגרות רכב )תיקון ארגזים) | תחזוקה ובדיקת מערכת כיבוי אש באוטו' | שירות תיקון למזגן אויר לרכב | תיקון וכיול טכוגרפים,בואנוס שלמה | תירם אבנר | בצלאל ברוך | חורי עוזי | שטרית סמי
4314,ד ר פח וצבע מרכז בע מ,מוסך מורשה,חולון,האופן 6,03-5501250,58814,515434033,2,תיקון אחזקת רכב חשמלי/היברידי | אוטוטק מרכבי רכב וצביעתם,סיני יחיה אסף
4317,ניאו מוטורס בע מ,מוסך מורשה,רעננה,החרושת 2,09-7478900,,516127362,1,צבעות רכב,קאסם מופיד
4320,מוסך הוכמן בע מ,מוסך מורשה,תל אביב -יפו,שניצלר 9,03-6829283,68113,511580441,2,מכונאות רכב בנזין | מכונאות רכב דיזל,אזברגה עטאללה
4321,מוסך משומר ראובן,מוסך מורשה,תל אביב -יפו,סלמה 42,050-5310615,66082,56138811,1,תיקון מרכבי רכב,משומר ראובן
4330,מאיר מוסך,מוסך מורשה,גדרה,הרצל 9 )תחנת דלק דרום גדרה(,08-8596594,70700,51045540,2,תיקון מרכבי רכב | צבעות רכב,ססי צורי
4333,צמיגי החברים בע מ,מוסך מורשה,לוד,היוצרים 17,054-4620291,71110,512260035,1,תיקון והחלפת צמיגים,אבו עווד גמאל
4335,מוסך צעידי אבינועם,מוסך מורשה,רחובות,דרך יבנה א תעשיה,08-9463336,76341,50267327,2,מכונאות רכב בנזין | מכונאות רכב דיזל,צעידי אבינועם
4340,מרכז שירות פרופיל אאאע בע מ,מוסך מורשה,תל אביב -יפו,שארית ישראל 15,053-8333977,68165,516670627,2,תיקון מרכבי רכב | צבעות רכב,קרלסון ולדימיר
4342,כהן אלי מוסך אחים כהן,מוסך מורשה,פתח תקווה,הלפיד 5,03-9234157,49258,6598973,2,תיקון מרכבי רכב | צבעות רכב,כהן אליהו
4348,צמיגי לביטל,מוסך מורשה,פתח תקווה,מרכוס 17,03-9309434,49277,10846061,1,תיקון והחלפת צמיגים,אביטל בן ציון
4351,ויצמן ימין מוסך השרון,מוסך מורשה,הרצלייה,ת.ד. 12008 גלגלי הפלדה 3,03-9540917,46722,63694541,2,מכונאות רכב בנזין | מכונאות רכב דיזל,מחאגנה נביל
4352,אור עד קור-חשמל ומיזוג לרכב בע מ,מוסך מורשה,הרצלייה,ת.ד. 12170 גלגלי הפלדה 5,03-9584088,46722,512750928,3,תיקון אחזקת רכב חשמלי/היברידי | חשמלאות רכב | שירות תיקון למזגן אויר לרכב,עמבר עזרא
4355,רוני טויטו מרכז האגזוז,מוסך מורשה,רחובות,משה יתום 36 ד יבנה,08-9462014,76343,5395264,1,תיקון צנורות פליטה ודודי עמם,רוני טויטו
4356,אשר חן מוסך הנסיכה,מוסך מורשה,רחובות,היצירה 8,08-9469113,76343,59605477,2,תיקון מרכבי רכב | צבעות רכב,חן אשר
4364,סואלחי גמל מוסך גל,מוסך מורשה,תל אביב -יפו,התחיה 14,03-6812596,68169,51677573,1,צבעות רכב,סואלחי גמל
4373,מוסך א.ד.מ. אבו קעיד אחמד,מוסך מורשה,תל אביב -יפו,המנוע 1,03-5182243,68168,26265751,2,תיקון מרכבי רכב | צבעות רכב,סייג יוסף | אבו קאעוד אחמד
4374,רכב המאה ניב פורמן בע מ,מוסך מורשה,נתניה,ברקת 10,050-7777621,42482,515704229,3,מכונאות רכב בנזין | מכונאות רכב דיזל | תיקון מרכבי רכב,פורמן ניב | טרן אולג
4376,אסי רוזיליו מוסך רוזיליו,מוסך מורשה,רחובות,משה יתום 9,08-9461558,76341,32208399,2,תיקון מרכבי רכב | צבעות רכב,רוזוליו משה | רוזיליו אסי
4379,רועי את מנצור דוקטורי 2000,מוסך מורשה,אור יהודה,יצירה 5,03-5336488,60200,43401322,2,חשמלאות רכב | שירות תיקון למזגן אויר לרכב,אלגברין מנסור
4381,מאיר חברה למכוניות ומשאיות בע מ,מוסך רישוי לרכב חדש,ראשון לציון,רח שפירא 6,054-5688991,75284,510485261,5,אוטוטק רכב קל | תיקון אחזקת רכב חשמלי/היברידי | חשמלאות רכב | צבעות רכב | רישום ורישוי לרכב חדש,גליק יוסף | פרנסיס קובי
4396,עויס האני מוסך אור לוד,מוסך מורשה,לוד,יעקב פלומניק 2,08-9224290,70201,595502265,1,חשמלאות רכב,ברגר ישראל
4401,אטיאס עמוס,מוסך מורשה,רמלה,קלאוזנר 26,08-9240972,72432,42684688,1,תיקון והחלפת צמיגים,אטיאס עמוס
4405,מוסך אלי קאר פחחות וצבע לרכב,מוסך מורשה,יבנה,הירמוך 11,054-7550398,70600,311782668,2,תיקון מרכבי רכב | צבעות רכב,לוייב אלשן
4406,שיפט אפ - איגור פטקין,מוסך מורשה,יהוד-מונוסון,העצמאות 45,054-9253151,56000,323665588,2,מכונאות רכב בנזין | מכונאות רכב דיזל,מימון מרדכי
4407,צ'ק מוטורס בהנהלת יבגני קשירוב,מוסך מורשה,יהוד-מונוסון,עצמאות 45,054-6213399,56000,323633180,1,אוטוטק רכב קל,קשירוב יבגני
4409,צמיגי טיפ טופ יפו בע מ,מוסך מורשה,תל אביב -יפו,בן צבי 94,052-5082244,61120,515027175,1,תיקון והחלפת צמיגים,אל עסאוי מחמד
4410,אילן יעקב מוסך אייל,מוסך מורשה,טייבה,כביש 444 גלמי 1,050-7227613,45840,54148069,4,מכונאות רכב בנזין | מכונאות רכב דיזל | תיקון אחזקת רכב חשמלי/היברידי | חשמלאות רכב,אילן יעקב
4414,טייב רוזה חשמלאות רכב,מוסך מורשה,רמלה,קלאוזנר 11,050-7261263,72440,25453846,4,מכונאות רכב בנזין | מכונאות רכב דיזל | חשמלאות רכב | שירות תיקון למזגן אויר לרכב,טייב רוזה
4416,אורן מוסך,מוסך מורשה,יהוד-מונוסון,אברהם גירון 17 ת.ד . 2620,03-5361232,56000,50722487,2,מכונאות רכב בנזין | מכונאות רכב דיזל,וולף משה
4420,עמר עמרם מוסך ארמון פחחות,מוסך מורשה,כפר סבא,אלי הורוביץ 6,09-7657010,44500,68956838,1,תיקון מרכבי רכב,עמר ארמון
4423,שוקר עמוס חשמליית שוקר גדרה,מוסך מורשה,גדרה,הרצל 3,08-8596694,70700,54634910,2,חשמלאות רכב | שירות תיקון למזגן אויר לרכב,עמוס שוקר | שוקר עמוס
4426,זדה ראובן מוסך שדה יעקב,מוסך מורשה,כפר סבא,ת ד 2100 אלי הורביץ 4,053-7726499,44500,75278135,3,מכונאות רכב בנזין | מכונאות רכב דיזל | תיקון טרקטורונים,זדה ראובן
4430,יעקב מנצור  צמיגי צמרת טופז,מוסך מורשה,רמת השרון,משה סנה )199תחנת דלק פז טופז(,03-6471461,47232,71511034,1,תיקון והחלפת צמיגים,מנצור יעקב
4436,קומפיוטסט ראשון לציון(1986)בע מ,מכון רישוי,ראשון לציון,משה בקר 19,03-9661958,75358,511139016,4,בדיקות עשן ברכב דיזל | בדיקות-רכב )קניה ומכירה) | מכון רישוי-פתוח לשרות הציבור | תיקון וכוון מתלים ברכב,אברמוב רועי
4441,אילן שירי מכון לקרבורטורים,מוסך מורשה,ראשון לציון,פרימן 5 א תעשיה,03-9644568,75358,27751866,1,תיקון קרבורטורים,שירי אילן אסלן
4443,תן גז אונליין טכנולוגיות ושירותי,מוסך מורשה,חולון,,052-2545402,58855,515123164,2,מכונאות רכב בנזין | מכונאות רכב דיזל,הירש גד
4444,מוסך משה שיטרית,מוסך מורשה,יבנה,המיסב 5,08-9439343,70600,63130132,2,מכונאות רכב בנזין | מכונאות רכב דיזל,שיטרית משה
4504,זיתונה מיכאל-אגזוזים ורדיאטו',מוסך מורשה,רמלה,קלאוזנר 17,08-9226251,72440,36264729,2,תיקון רדיאטורים )מצננים) | תיקון צנורות פליטה ודודי עמם,זיתונה יוסף
4505,נתנאל גזי בע מ,מוסך מורשה,ראשון לציון,יעקב פרימן 8,03-9640559,75358,513290833,1,תיקון מרכבי רכב,גזי נתניאל
4519,המוסך המרכזי לאופנועים אמיגה,מוסך מורשה,תל אביב -יפו,שוקן 30,052-3256279,66556,,1,מכונאות אופנועים וקטנועים,אמיגה אברהם
4523,מכון פליקס בלוד בע מ,מכון רישוי,לוד,הצורפים 18,054-9231723,,511148603,3,בדיקות עשן ברכב דיזל | בדיקות-רכב )קניה ומכירה) | מכון רישוי-פתוח לשרות הציבור,מוסטפא מוחמד | מזרחי רונן
4547,אילן שרותי רכב,מוסך מורשה,בני ברק,בר יוחאי 5,053-6692692,51553,32033433,4,מכונאות רכב בנזין | מכונאות רכב דיזל | תיקון מרכבי רכב | שירות תיקון למזגן אויר לרכב,דיין אילן | שבתאי אהרן
4548,בר נתן גבריאל המוסך של גבי,מוסך מורשה,רמת השרון,החרושת 17,050-5408668,47279,30493795,2,מכונאות רכב בנזין | מכונאות רכב דיזל,בר נתן גבריאל
4549,יעקב גולדברגר מצמד השרון,מוסך מורשה,נתניה,שכטרמן 4.ד 13364 בניני לביא,09-8617218,,52060555,1,רפידות ותופי בלם,גולדברגר יעקב
4564,מרכז שרות אריה )ניסים ובניו(בע מ,מוסך מורשה,רמת השרון,החרש 3 א.ת נוה מגן,03-6041084,47261,514868504,4,מכונאות רכב בנזין | מכונאות רכב דיזל | תיקון מרכבי רכב | צבעות רכב,שמריהו משה | חסונה עאדל
4567,תומר סטניסלבסקי קפיצי רמלה,מוסך מורשה,רמלה,קלאוזנר 13,08-9225094,72437,3796604,1,תיקון קפיצים ברכב מנועי,סטנוסלבסקי חיים
4581,אבו רמדאן איסמעיל מוסך,מוסך מורשה,חולון,המנור 9,054-6612465,58942,304871734,3,מכונאות רכב בנזין | מכונאות רכב דיזל | מכונאות דיזל משאיות ואוטובוסים,אבו רמדן אסמעיל
4583,ד ר פח וצבע בע מ,מוסך מורשה,יהוד-מונוסון,התעשיה 36,052-7028114,56000,512206954,3,תיקון אחזקת רכב חשמלי/היברידי | תיקון מרכבי רכב | צבעות רכב,אבו ערפאת מחמוד | אבו מרסל
4585,דהן שמעון מוסך המרכז,מוסך מורשה,הרצלייה,הס 29,03-9543081,46486,58231382,1,תיקון מרכבי רכב,דהן שמעון
4586,לוי חשמלאות רכב - לוי יוסף,מוסך מורשה,הרצלייה,משכית 15,050-5542245,46733,12022836,2,חשמלאות רכב | שירות תיקון למזגן אויר לרכב,לוי יוסף
4588,השרון מוסך רכב מגן בע מ,מוסך מורשה,רמת השרון,החרש 1 א.ת.נ. מגן,03-5400029,47262,512705443,3,מכונאות רכב בנזין | מכונאות רכב דיזל | תיקון אחזקת רכב חשמלי/היברידי,לוי בן ציון
4595,פליקס בע מ,מוסך מורשה,תל אביב -יפו,תושיה 5,03-6278000,67218,510443286,3,מכונאות רכב בנזין | מכונאות רכב דיזל | אוטוטק מרכבי רכב וצביעתם,וליצ'קו יבגני | קאמל אל ג'מל
4596,צמיגי מלי מוסך 2001 בע מ,מוסך מורשה,נתניה,ת ד 13159 שכטרמן 2,09-8822690,42379,513061051,1,תיקון והחלפת צמיגים,לוי אייל
4600,א.א. קרמן פרונט בע מ,מוסך מורשה,בני ברק,הירקון 69,03-5793243,51206,511912107,6,מכונאות רכב בנזין | מכונאות רכב דיזל | מכונאות דיזל משאיות ואוטובוסים | מסגרות רכב )תיקון ארגזים) | תיקון וכוון מתלים ברכב | בדיקת רכב לאחר תאונה,קרמן אליהו
4601,מוסך המכונן בע מ,מוסך מורשה,תל אביב -יפו,ישראל בק 24,03-5627554,67019,510678188,5,מכונאות רכב בנזין | מכונאות רכב דיזל | תיקון אחזקת רכב חשמלי/היברידי | חשמלאות רכב | שירות תיקון למזגן אויר לרכב,נאטור גו'אד | נאטור ג'ואד | נאוי רן | נאטור גואד
4604,שמש יהודה כל רדיאטור נתניה,מוסך מורשה,נתניה,ת.ד 13214 הכדר 5,053-3201818,42411,6302756,2,תיקון רדיאטורים )מצננים) | תיקון צנורות פליטה ודודי עמם,שמש יהודה
4608,המוסך של שי צדוקיה בע מ,מוסך מורשה,רמת השרון,החרש 10,03-5499007,47262,514073113,3,מכונאות רכב בנזין | מכונאות רכב דיזל | שירות תיקון למזגן אויר לרכב,שי צדוקיה
4612,מוסך ולטר גדעון,מוסך מורשה,בית יצחק-שער חפר,ת.ד. 111,09-8618220,42920,52377173,2,מכונאות רכב בנזין | מכונאות רכב דיזל,פאסי דור
4618,מתי מזרחי ובניו פחחות וצבע בע מ,מוסך מורשה,תל אביב -יפו,ישראל בק 39,03-5614566,67019,514002674,2,תיקון מרכבי רכב | צבעות רכב,מזרחי מתתיהו | מזרחי טל
4620,ל.י בלמי נתניה 2014 בע מ,מוסך מורשה,נתניה,עמל 6 א.ת ישן,050-5665301,42377,514326602,1,רפידות ותופי בלם,יהודה עופר
4629,צמיגי מגן בע מ,מוסך מורשה,רמת השרון,המסגר א.ת נוה מגן,03-5401040,47262,512068685,1,תיקון והחלפת צמיגים,מרחב יוחאי
4635,הורנשטיין מנחם מוסך,מוסך מורשה,בת ים,הפלדה 7 פינת הצורפים,03-5520682,59605,8756058,3,מכונאות רכב בנזין | מכונאות רכב דיזל | חשמלאות רכב,הורנשטיין מנחם | יום טוב שמואל
4636,בוטבול מיכאל - פנצ'רית מישל,מוסך מורשה,ראשון לציון,בן צבי 25 רמת אליהו ת.ד4664,052-2686664,75829,27084789,1,תיקון והחלפת צמיגים,בוטבול מיכאל
4642,מליחי רענן פחחות וצבע,מוסך מורשה,עמק חפר,א.ת. עמק חפר,04-6335510,38890,22431852,2,תיקון מרכבי רכב | צבעות רכב,מליחי רענן | מליחי זכריה יפת
4650,אלקס מאיר _ אגזוז,מוסך מורשה,נתניה,ספיר 8,09-8342767,42482,54649512,1,תיקון צנורות פליטה ודודי עמם,אלקס מאיר
4661,ראמי עוידה מוסך השרון,מוסך מורשה,טייבה,ת.ד 5456,053-8776387,40400,26368977,3,מכונאות רכב בנזין | מכונאות רכב דיזל | מכונאות דיזל משאיות ואוטובוסים,בן דוד שלמה
4668,ליפשיץ את שוורץ מוסך גבי את אריה,מוסך מורשה,כפר יונה,העצמאות ת.ד 81 ליד ת.סונול,09-8985208,40300,55907331,3,מכונאות רכב בנזין | מכונאות רכב דיזל | חשמלאות רכב,ליפשיץ גבריאל | שוורץ אריה
4670,מוסך פלרמו 1987 בעמ,מוסך מורשה,פתח תקווה,הרכב 3  א.ז סגולה,03-9341266,49277,511230039,2,תיקון מרכבי רכב | צבעות רכב,הופמייסטר אברהם | איציק אברהם
4682,חן יוסף קטנועי חן,מוסך מורשה,תל אביב -יפו,אילת 38,03-6827442,66845,51368793,1,מכונאות אופנועים וקטנועים,חן יוסף
4691,דני את קובי חשמל רכב,מוסך מורשה,תל אביב -יפו,בן אביגדור 13,03-5611438,67218,55932537,1,חשמלאות רכב,כהן דניאל
4697,אגד חברה לתחבורה בע מ,מוסך מורשה,אחיסמך,חניון אחיסמך,08-9712458,73105,516041118,9,מכונאות רכב דיזל | מכונאות דיזל משאיות ואוטובוסים | תיקון אחזקת רכב חשמלי/היברידי | חשמלאות רכב | תיקון מרכבי רכב | צבעות רכב | תחזוקה ובדיקת מערכת כיבוי אש באוטו' | שירות תיקון למזגן אויר לרכב | תיקון וכיול טכוגרפים,אלכסנדר קציאשוי | אלכסנדר קצאשוי | קציאשוילי אלכסנ | ירוחומוביץ רונן | גנאים מוחמד | סולומון מרדכי | צוף איתמר
4700,ימיני אברהם חברה להובלה בע מ,מוסך מורשה,עמק חפר,ת.ד. 12065 הקטיף 7,04-6366662,38777,512861287,3,מכונאות רכב בנזין | מכונאות רכב דיזל | מכונאות דיזל משאיות ואוטובוסים,רימון עמית עמו
4703,מוסכי שרות חנן ושפיק בעמ,מוסך מורשה,אור יהודה,חטיבת אלכסנדרוני  3 אור יהודה ת.ד. 428,04-7356000,60310,510513005,8,מכונאות רכב בנזין | מכונאות רכב דיזל | מכונאות דיזל משאיות ואוטובוסים | חשמלאות רכב | תיקון מרכבי רכב | צבעות רכב | תחזוקה ובדיקת מערכת כיבוי אש באוטו' | שירות תיקון למזגן אויר לרכב,פרידברג יובל | מססה כדורי | עזרא רז | שתווי נחום | רז עזרא
4705,מוסך פרמייר בע מ,מוסך מורשה,רמת השרון,המסגר 9 נוה מגן,052-69918560,47262,515267557,1,אוטוטק מרכבי רכב וצביעתם,קיסלב יבגני
4708,שולי את האני מוסך פחחות וצבע,מוסך מורשה,רחובות,נחושתן 13,050-2512551,76344,50452069,2,תיקון מרכבי רכב | צבעות רכב,סוסו האני | אליהו שאול
4709,מוסך פתחי בע מ,מוסך מורשה,רמלה,קלאוזנר 4,08-9225704,72432,513149278,2,מכונאות רכב בנזין | מכונאות רכב דיזל,אל נמר פתחי
4713,שלמה ניסים מוסך יובל מוטורס,מוסך מורשה,רמלה,משה הס 1,08-9221065,72432,53957130,2,מכונאות רכב בנזין | מכונאות רכב דיזל,נסים שלמה
4715,נאסר אברהים סלים שרות לצמיג,מוסך מורשה,טירה,ת.ד. 2532 אחרי עבד אלחי,050-5240325,44915,5382007,1,תיקון והחלפת צמיגים,אברהים נאסר
4731,קיבוץ עינת,מוסך מורשה,עינת,קיבוץ עינת,03-9385153,49910,570011544,2,מכונאות רכב בנזין | מכונאות רכב דיזל,לוי אריק
4732,מוסך אלכס סנדר ובניו בע מ,מוסך מורשה,תל אביב -יפו,שניצלר 1 ת.ד 8476,050-5689333,68113,511242000,2,תיקון מרכבי רכב | צבעות רכב,זילברברג בני | בר בני
4743,מוסך דרורים בע מ,מוסך מורשה,בני דרור,ד.נ.השרון התיכון,052-2893800,45815,512547506,8,מכונאות רכב בנזין | מכונאות רכב דיזל | תיקון אחזקת רכב חשמלי/היברידי | חשמלאות רכב | טרקטורים ומכונות ניידות | תיקון טרקטורונים | תיקון מלגזות הרמה | שירות תיקון למזגן אויר לרכב,סריוס גיורא | סיריוס רועי | סירוס רועי
4745,נאסר נסים מוסך פאלח,מוסך מורשה,טירה,ת.ד 6381 רחוב המוביל,050-6896777,44915,300805876,2,מכונאות רכב בנזין | מכונאות רכב דיזל,פאלח נאסר
4746,מוסך מטר שאדי מופיד,מוסך מורשה,טירה,ת.ד 134,050-5578303,44915,200444065,3,תיקון אחזקת רכב חשמלי/היברידי | תיקון מרכבי רכב | צבעות רכב,מטר שאדי
4758,עירקי איבא מוסך טירה,מוסך מורשה,טירה,ת.ד 2346 מרכז הדיזל,054-4217083,44915,57616617,2,מכונאות רכב בנזין | מכונאות רכב דיזל,עירקי גמאל איבא
4763,דהאר תמים מוסך נור פחחות,מוסך מורשה,טירה,ת.ד. 802 טירה המשולש,054-4629329,44915,56320484,1,תיקון מרכבי רכב,דהאר תמים
4765,אוטוליק ישראל בע מ,מוסך מורשה,יבנה,מ ד 561 שד' ירושלים פינת קישון,050-2756506,70600,516025996,3,מכונאות רכב בנזין | מכונאות רכב דיזל | מכונאות דיזל משאיות ואוטובוסים,פינקו ישראל
4771,סייהו אלירן מוסך המומחים,מוסך מורשה,רחובות,הסדנא 7 רחובות,08-9153187,76341,36755171,2,מכונאות רכב בנזין | מכונאות רכב דיזל,לוי אמנון
4779,מוסך ריזק,מוסך מורשה,תל אביב -יפו,פוריה 6,03-6813694,68114,50506252,3,מכונאות רכב בנזין | מכונאות רכב דיזל | תיקון אחזקת רכב חשמלי/היברידי,דלק ריזק | דלק יוסף
4781,מטר מאמון רישוי המרכז,מוסך רישוי לציוד חקלאי,טירה,ת.ד 6256,050-9194909,44915,27538222,5,מוסך רישוי לציוד חקלאי | אישור כשירות לצמ ה ומכונה ניידת | טרקטורים ומכונות ניידות | תיקון טרקטורונים | תיקון מלגזות הרמה,מטר מאמון
4794,רונן שירותי רכב בהנהלת רונן ארזי,מוסך מורשה,נס ציונה,האיזמל 5,052-5501073,74047,33233495,3,מכונאות רכב בנזין | מכונאות רכב דיזל | תיקון אחזקת רכב חשמלי/היברידי,ארזי רונן | רונן ארזי
4796,מוטו מד קסם תומר וגיל אביעד,מוסך מורשה,תל אביב -יפו,מוזס 24,03-6952591,,305346850,1,מכונאות אופנועים וקטנועים,צרפתח נסים
4799,דוד את ראד מוסך שירות אומנטק,מוסך מורשה,פתח תקווה,בר כוכבא 77,052-5360006,49220,32058018,2,מכונאות רכב בנזין | מכונאות רכב דיזל,אירני יוסף
4805,עמיאל ג'רבי - פחחות עמיאל יוסף,מוסך מורשה,נתניה,הפלדה 8,052-6888337,42378,301265898,2,תיקון מרכבי רכב | צבעות רכב,גרבי עמיאל קל
4810,שמש סמי מוסך אמיר,מוסך מורשה,תל אביב -יפו,שונצינו 21,053-4242422,67019,58469792,3,מכונאות רכב בנזין | מכונאות רכב דיזל | תיקון אחזקת רכב חשמלי/היברידי,שמש סמי
4824,מוסך אברהם - פינטה אשר,מוסך מורשה,נתניה,ת.ד 13375  שכטרמן 6,09-8621775,42379,32003972,8,מכונאות רכב בנזין | מכונאות רכב דיזל | תיקון אחזקת רכב חשמלי/היברידי | חשמלאות רכב | אישור כשירות לצמ ה ומכונה ניידת | טרקטורים ומכונות ניידות | תיקון מלגזות הרמה | שירות תיקון למזגן אויר לרכב,פינטה אשר | פינטה אברהם
4844,הילוך שישי אזור בע מ,מוסך מורשה,אזור,הצבר 2,03-5569255,58826,511518466,7,מכונאות רכב בנזין | מכונאות רכב דיזל | תיקון אחזקת רכב חשמלי/היברידי | חשמלאות רכב | תיקון מרכבי רכב | צבעות רכב | שירות תיקון למזגן אויר לרכב,קלמפנר ולדימיר | קלממפנר ולדימיר | ברכה יעקב | כרכר גורג | מלכי מנחם
4846,יונייטד שיא בע מ,מוסך מורשה,פתח תקווה,גיסין 74,03-9232822,49001,513111020,2,תיקון מרכבי רכב | צבעות רכב,בלאלטה סוהיל | סיטרקל יצחק רונ
4851,קלמרו אבי שרותי חשמל לרכב,מוסך מורשה,רמת השרון,המסגר 13 א.ת נוה מגן,03-5404555,47262,53293031,5,מכונאות רכב בנזין | מכונאות רכב דיזל | תיקון אחזקת רכב חשמלי/היברידי | חשמלאות רכב | שירות תיקון למזגן אויר לרכב,קלמרו אבי
4852,שרותי רכב אברהם ואריה בע מ,מוסך מורשה,בת ים,יקואל 13,053-7636387,59596,517061909,2,אוטוטק רכב קל | תיקון אחזקת רכב חשמלי/היברידי,אריה סלטו
4858,צמיגי דודו - דניאל אביטל,מוסך מורשה,רמת השרון,החרושת 13,054-6399040,47279,59735084,1,תיקון והחלפת צמיגים,אביטל דניאל
4869,אלי חשמל לרכב,מוסך מורשה,ראשון לציון,פרימן 5,050-7707313,75358,23779192,1,חשמלאות רכב,ארניאס אברהם
4870,רוני עטור תיבות אוטומטיות,מוסך מורשה,תל אביב -יפו,שניצלר 16,050-5277779,68166,57084089,1,תיקון תיבות הילוכים אוטומטיות,רוני עטור
4871,יורם חזן מוסך 10,מוסך מורשה,אבן יהודה,העצמאות 3 ת.ד. 2999,050-8277166,40500,22999221,2,מכונאות רכב בנזין | מכונאות רכב דיזל,יורם חזן | חזן יורם
4874,מוסך העיר לייזר בע מ,מוסך מורשה,נתניה,הנגר 7 ת.ד. 13107,09-8613387,42378,511894396,2,מכונאות רכב בנזין | מכונאות רכב דיזל,לנציצקי אליעזר
4883,יוניברסל מוטורס ישראל בע מ,מוסך מורשה,נתניה,שכטרמן 12 ת.ד 13383,054-4620393,42379,511809071,4,אוטוטק רכב קל | תיקון אחזקת רכב חשמלי/היברידי | תיקון מרכבי רכב | צבעות רכב,מדיני אביב | עטייה אליהו | מגנזי ניסים
4884,גיא חי  - אוטו איטליה,מוסך מורשה,ג'לג'וליה,הבוסתן,050-2668096,,25524653,2,מכונאות רכב בנזין | מכונאות רכב דיזל,בן ארי ניר
4885,נחלים טופ טייר בע מ,מוסך מורשה,נחלים,תחנת דלק סונול ת.ד.313 נחלים,054-5881909,49950,513621516,1,תיקון והחלפת צמיגים,נגר משה נגי
4892,מוסך משה רבי,מוסך מורשה,נתניה,הכדר 45 ת.ד 13053,09-8821308,42377,68649185,2,מכונאות רכב בנזין | מכונאות רכב דיזל,רבי משה
4895,גיל אהרוני - מוסך אהרוני,מוסך מורשה,תל אביב -יפו,תושיה 24,050-5455182,67218,24503286,2,מכונאות רכב בנזין | מכונאות רכב דיזל,אהרוני גיל
4900,מוסך שי געש,מוסך מורשה,חולון,היוצר 22,03-5568935,58853,61207528,3,מכונאות רכב בנזין | מכונאות רכב דיזל | תיקון אחזקת רכב חשמלי/היברידי,ארליך גיא גרשו | ארליך שחר
4901,עזריאל רונן מוסך אור קור,מוסך מורשה,חולון,הבנאי 19,03-5567733,58853,57153660,2,חשמלאות רכב | שירות תיקון למזגן אויר לרכב,עזריאל רונן
4905,צמיגי רמת חן,מוסך מורשה,רמת גן,אלוף שדה 101,054-2000112,52248,56138209,1,תיקון והחלפת צמיגים,כהן יצחק
4906,דמרי ציון מוסך צמד,מוסך מורשה,גדרה,בעלי המלאכה 7,052-3446006,70700,57375289,2,מכונאות רכב בנזין | מכונאות רכב דיזל,לרנר זיו
4907,אלון ד. מוסך ושרותי רכב בע מ,מוסך מורשה,גבעת השלושה,דאר נע גבעת השלושה,050-7780288,49905,513380899,4,מכונאות רכב בנזין | מכונאות רכב דיזל | תיקון אחזקת רכב חשמלי/היברידי | תיקון מרכבי רכב,אלון דהן | דהן אלון | שטרסברג משה
4908,דרורי שרותי רכב - דרורי דינר,מוסך מורשה,נתניה,אורט 18,052-4388883,42202,43486638,3,מכונאות רכב בנזין | מכונאות רכב דיזל | תיקון וכוון מתלים ברכב,שם טוב יגאל
4910,מנסור איאד )טאלוזי( צבעות רכב,מוסך מורשה,טירה,ת.ד 443,050-5532546,44915,5689146,1,צבעות רכב,מנסור איאד
4912,מכאל את רפאל את דורון מוסך הצוות,מוסך מורשה,חולון,המלאכה 25,03-5581244,58852,46741948,2,חשמלאות רכב | שירות תיקון למזגן אויר לרכב,שלומיוב מיכאל
4914,פלדמן מוסך יוסף,מוסך מורשה,פתח תקווה,גיסין 61 ת.ד.3682,03-9216951,49222,304660590,2,מכונאות רכב בנזין | מכונאות רכב דיזל,פלמן יוסף | פלדמן יוסף
4917,ב.מ.ש. מוסך לרכב (2007) בע מ,מוסך מורשה,בני ברק,כנרת 14,03-6165466,51201,513972786,4,מכונאות רכב בנזין | מכונאות רכב דיזל | חשמלאות רכב | שירות תיקון למזגן אויר לרכב,יצחק יוסף | חזון ציון
4922,גוטפריד אלכסנדר מוסך א.א.,מוסך מורשה,בת ים,הקוממיות 7,03-5518504,59606,317308534,2,מכונאות רכב בנזין | מכונאות רכב דיזל,גוטפריד אלכסנדר
4926,קוגמן יוסף מוסך צביקה,מוסך מורשה,תל אביב -יפו,פוריה 27 יפו,053-5501347,68114,58125519,2,מכונאות רכב בנזין | מכונאות רכב דיזל,קוגמן יוסף | קוזמן יוסף
4927,מוסך גורג - חנא חנחן,מוסך מורשה,לוד,מודיעין 7,08-9252590,71201,59893156,2,מכונאות רכב בנזין | מכונאות רכב דיזל,חנחן באסם
4928,מוסך הצוות אלנקיב,מוסך מורשה,לוד,מודיעין 7,08-9252594,71201,53820551,3,תיקון אחזקת רכב חשמלי/היברידי | תיקון מרכבי רכב | צבעות רכב,אלנקיב עבד | אלנקיב מוחמד | אלנקיב פרחי אלד
4929,חשמל המלאכה - ג'בר אבו שחאדה,מוסך מורשה,חולון,המלאכה 51,054-6788723,58855,538784354,2,חשמלאות רכב | שירות תיקון למזגן אויר לרכב,אבו שחאדה מוחמד
4937,מוסך אדמונד עשה לי טוב בעמ,מוסך מורשה,חולון,הסתת 10,03-6500613,58855,512890567,3,מכונאות רכב בנזין | מכונאות רכב דיזל | שירות תיקון למזגן אויר לרכב,לוי רפאל
4939,מוסך זני רחובות בע מ,מוסך מורשה,רחובות,קלמן גבריאלוב 38,054-2442267,76341,511336448,2,אוטוטק רכב קל | תיקון אחזקת רכב חשמלי/היברידי,אלאלוף אליהו | זני חן חיים
4944,שילוח זאב - מוסך עמי,מוסך מורשה,חולון,היוצר 22,03-5503206,58853,50063411,2,תיקון מרכבי רכב | צבעות רכב,שילוח זאב
4947,אילן מכון לספידומטרים,מוסך מורשה,פתח תקווה,הרכב 6 סגולה,053-7332528,49277,22093926,2,תיקון מחוונים | תיקון וכיול טכוגרפים,שאול אילן
4950,פרג' רחמים שרותי רכב,מוסך מורשה,תל אביב -יפו,תושיה 4,050-8480436,67218,54232921,2,מכונאות רכב בנזין | מכונאות רכב דיזל,פרג' רחמים
4952,ניניו אהרון חשמל רכב,מוסך מורשה,בת ים,אורט הבונים 30,03-5530942,59595,30493340,2,חשמלאות רכב | שירות תיקון למזגן אויר לרכב,ניניו אהרון
4960,אברהמי יעקב מוסך אברהמי,מוסך מורשה,תל אביב -יפו,נחל אילון 17,052-2592560,67771,52651015,2,מכונאות רכב בנזין | מכונאות רכב דיזל,אברהמי יעקב
4968,מוסך אשכנזי אליהו,מוסך מורשה,חולון,הלוחמים 47,03-5033491,58220,50060821,3,מכונאות רכב בנזין | מכונאות רכב דיזל | תיקון והחלפת צמיגים,אשכנזי אליהו | שינאזי אשכנזי א
4970,חצב נציגויות בע מ,מוסך מורשה,נס ציונה,החרש 4,050-4334806,70400,511763153,1,תיקון והחלפת צמיגים,ארנון אריה
4972,י. דראי פחחות וצבע בע מ,מוסך מורשה,נס ציונה,המסגר 1  א.ת  א,08-9471589,70400,512811183,2,תיקון מרכבי רכב | צבעות רכב,דראי יעקב
4974,ע.מ עובדיה מרכז שרות בע מ,מוסך מורשה,הרצלייה,הסדנאות 31,09-9510498,46724,515975167,6,מכונאות רכב בנזין | מכונאות רכב דיזל | תיקון אחזקת רכב חשמלי/היברידי | תיקון מרכבי רכב | צבעות רכב | תיקון והחלפת צמיגים,שרון אברהם | עובדיה ערן שלמה
4978,מוסך יונה אלי,מוסך מורשה,הרצלייה,גלגלי הפלדה 3,03-9575261,46722,57992141,2,מכונאות רכב בנזין | מכונאות רכב דיזל,מרום אילן
4986,מרכז שירות הקניון החדש בע מ,מוסך מורשה,בני ברק,ברוך הירש 9,052-2455405,51201,517243119,3,מכונאות רכב בנזין | מכונאות רכב דיזל | תיקון מרכבי רכב,סמוכה אריה
4990,ניסים תמם מוסך א-א,מוסך מורשה,תל אביב -יפו,החרוץ 11,03-5373091,67060,56614548,2,חשמלאות רכב | שירות תיקון למזגן אויר לרכב,ניסים תמם
4994,צמיגי זיתוני,מוסך מורשה,חולון,בצלאל 6,03-5500840,58827,28573434,1,תיקון והחלפת צמיגים,זיתוני תומר
5006,מוסך לב העמקים 2002  בע מ,מוסך מורשה,מגדל העמק,א.תעשיה ת.ד. 380,050-5376392,10500,513309252,2,תיקון מרכבי רכב | צבעות רכב,ח'ורי סלאם | ח'ורי סלאם '
5007,מוסך רם עפולה בע מ לפחחות וצבע,מוסך מורשה,עפולה,רח' המלאכה 10 א.ת.דרומי,04-6426411,18000,513907006,2,תיקון מרכבי רכב | צבעות רכב,חילו האני
5009,מוסך איציק טירה בע מ,מוסך מורשה,טירת כרמל,קרן היסוד 2,04-85775557,30200,511319584,6,מכונאות רכב בנזין | מכונאות רכב דיזל | תיקון מרכבי רכב | בדיקות-רכב )קניה ומכירה) | תיקון וכוון מתלים ברכב | שירות תיקון למזגן אויר לרכב,כהן יצחק | כהן אוריאל
5024,מוסך סליבא ראמז בע מ,מוסך מורשה,קריית אתא,ת.ד.860,052-2619301,28000,517012837,2,תיקון מרכבי רכב | צבעות רכב,סליבא ראמז
5025,שמעון משה וביתן עידן מוסך מיקי,מוסך מורשה,בנימינה-גבעת עדה*,א.תעשייה כרמל צפוני,04-6380012,30500,23081458,3,אוטוטק רכב קל | תיקון אחזקת רכב חשמלי/היברידי | תיקון והחלפת צמיגים,שמעון משה | ביתן עידן
5050,אחים טובול מיזוג אויר לרכב בע מ,מוסך מורשה,חדרה,א.תעשיה ישן חדרה,04-6341127,38101,512577032,1,שירות תיקון למזגן אויר לרכב,טובול סעדיה
5062,כראבלי בלאל - מוסך מרצדס,מוסך מורשה,נצרת,ת.ד. 9799 דרך עפולה,050-5818289,16000,,2,מכונאות רכב בנזין | מכונאות רכב דיזל,כראבלי אסעד
5064,אלקטרו רכב חדרה מ.פ.86 בע מ,מוסך מורשה,חדרה,ת.ד'.397 א.תעשיה צפוני חדש,04-6333751,38103,511134389,1,חשמלאות רכב,אבו מוך ריאד
5071,ריזק ענאן חשמל רכב ענאן,מוסך מורשה,נוף הגליל,.א.תעשיה ג',053-9359108,17000,59942375,2,חשמלאות רכב | שירות תיקון למזגן אויר לרכב,ריזק ענאן
5073,מונקו מוטורס צפון בע מ,מוסך מורשה,עפולה,קהילת ציון 17 א.ת,04-6527756,18284,516614146,2,מכונאות רכב בנזין | מכונאות רכב דיזל,מועלם רחמים
5081,אור הצפון בע מ,מוסך מורשה,קריית שמונה,ת.ד 249,04-6941823,10200,510964059,2,חשמלאות רכב | שירות תיקון למזגן אויר לרכב,בן אדיבה אשר | בן-אדיבה אשר
5086,אג'באריה עמאד -מוסך יצחק  א.ע.,מוסך מורשה,עפולה,רח' קהילת ציון 50 א.תעשיה,052-5210897,18301,,2,מכונאות רכב בנזין | מכונאות רכב דיזל,ג'בארין דיאא
5090,ש.י.ן ישועה בעמ,מוסך מורשה,כפר יהושע,כפר יהושע,04-9837582,30063,511429755,6,מכונאות רכב בנזין | מכונאות רכב דיזל | מכונאות דיזל משאיות ואוטובוסים | טרקטורים ומכונות ניידות | תיקון טרקטורונים | תיקון מלגזות הרמה,שוחט עודד
5096,מרכז שירות עבד אלהאדי עפולה בע מ,מוסך מורשה,עפולה,רח' החרמש 12,04-6528282,18301,514742683,6,מכונאות רכב בנזין | מכונאות רכב דיזל | תיקון אחזקת רכב חשמלי/היברידי | חשמלאות רכב | תיקון מרכבי רכב | שירות תיקון למזגן אויר לרכב,עבד אלהאדי פאדי | טרביה נזיה
5106,כנעאן אנואר מוסך הדקל,מוסך מורשה,קריית ביאליק,ת.ד.1335 החרושת 54,04-8755476,26100,57639361,2,מכונאות רכב בנזין | מכונאות רכב דיזל,כנען אנואר
5107,אבו הדבה בדראן,מוסך מורשה,פרדס חנה-כרכור,סמטת ערער,04-6372132,37000,35703594,3,תיקון אחזקת רכב חשמלי/היברידי | חשמלאות רכב | שירות תיקון למזגן אויר לרכב,אבו הדבה בדרן | חונוביץ יעקב
5116,כהן שמעון מוסך אוטו 2000,מוסך מורשה,פרדס חנה-כרכור,ת.ד.1024 פרדס חנה על יד מכון הרישוי,04-6379407,37000,,2,מכונאות רכב בנזין | מכונאות רכב דיזל,שוהם עמוס
5117,צמיגי העמקים בע מ מגדל העמק,מוסך מורשה,מגדל העמק,ת.ד.42  א.תעשיה,04-6545427,10500,513530568,1,תיקון והחלפת צמיגים,אבו רג'ב עומר
5118,זוהר שלום בע מ,מוסך מורשה,טבריה,ת.ד 423 העמקים,04-6724035,14104,515562130,2,תיקון מרכבי רכב | צבעות רכב,שרון שלום
5124,כיאל מחמוד מוסך טורינו,מוסך מורשה,עכו,רח הגדוד 22,04-9916456,26516,,2,מכונאות רכב בנזין | מכונאות רכב דיזל,כיאל מחמוד
5125,אלון סוזן טכנו פנק  בע מ,מוסך מורשה,שלומי,אזור תעשיה 19,04-9875069,22832,514867357,1,תיקון והחלפת צמיגים,אלון אליהו
5126,ושאחי חאלד - מוסך,מוסך מורשה,כפר יאסיף,ת.ד. 358  א.תעשיה,04-9965615,24908,55828479,1,תיקון מרכבי רכב,ואשחי חאלד
5132,קבוץ אל-רום  מוסך,מוסך מורשה,אל -רום,ד.נ.צפון רמת הגולן,04-6838084,12466,557033180,7,מכונאות רכב בנזין | מכונאות רכב דיזל | תיקון והחלפת צמיגים | טרקטורים ומכונות ניידות | תיקון טרקטורונים | תיקון מלגזות הרמה | שירות תיקון למזגן אויר לרכב,סיתי מנשה
5138,בני עלי בסול בע מ,מוסך מורשה,ריינה,ת.ד.167 רינה,04-6575053,16940,514705854,2,מכונאות רכב בנזין | מכונאות רכב דיזל,בסול מחמוד
5140,קאסם פואז מוסך רגיד,מוסך מורשה,נצרת,רחוב 46/4076,050-5361356,16000,59363937,2,מכונאות רכב בנזין | מכונאות רכב דיזל,קאסם פואז
5144,אפרים עטון - מוסך אביב,מוסך מורשה,חדרה,ת.ד. 54218 הקמונה החרתית,04-6338295,38100,52562261,2,מכונאות רכב בנזין | מכונאות רכב דיזל,עטון אפרים
5146,אבו גלייל עמאד,מוסך מורשה,יפיע,תד  1049 כפר יפיע,052-7967984,16955,59876235,1,תיקון והחלפת צמיגים,אבו גלייל עמאד
5148,חצב נציגיות בע מ,מוסך מורשה,חיפה,גאזל 13 תד'1601,052-7777827,26110,511763153,1,תיקון והחלפת צמיגים,חלו חמדאללה
5153,פנצ'ריית אבו הארון,מוסך מורשה,מכר,ת.ד. 2053  ג'דידה מכר,052-4246577,25105,,1,תיקון והחלפת צמיגים,שאמי מוחמד
5156,מיכאלי אלברט חשמל רכב,מוסך מורשה,פרדס חנה-כרכור,"רח,המיסדים",04-6378272,37000,7021678,2,חשמלאות רכב | שירות תיקון למזגן אויר לרכב,מיכאלי אלברט
5163,מגרש י.ש.אוחנה בע מ,מוסך מורשה,חיפה,שד ההסתדרות 141,04-8412800,32960,512080425,2,מכונאות אופנועים וקטנועים | תיקון טרקטורונים,אוחנה יצחק
5182,מוסך דורון מרכז שירות לרכב בע מ,מוסך מורשה,טבריה,רח יהודה הלוי,04-6721403,14000,514511690,3,תיקון מרכבי רכב | מסגרות רכב )תיקון ארגזים) | צבעות רכב,דורון אילן | דורון יעקב
5198,זטלאוי ברוך מוסך היהלום,מוסך מורשה,חדרה,פרידלנדר 12 א. תעשיה,052-6405243,38131,,2,מכונאות רכב בנזין | מכונאות רכב דיזל,זטלאוי ברוך
5227,מ.ד.א.י.שרותי מיזוג אויר בע מ,מוסך מורשה,תל חנן,התעשיה 22 נשר,04-8215207,20302,513484097,2,תיקון צנורות פליטה ודודי עמם | שירות תיקון למזגן אויר לרכב,אבו חצירה גבי | אבוחצירה גבי
5234,מוסך דיזל טבריה בע מ,מוסך מורשה,טבריה,א.ת. ת.ד 282,04-6790058,14102,514376052,7,מכונאות רכב בנזין | מכונאות רכב דיזל | מכונאות דיזל משאיות ואוטובוסים | תיקון אחזקת רכב חשמלי/היברידי | תיקון מרכבי רכב | צבעות רכב | תיקון וכוון מתלים ברכב,זיתוני נסים | עקאלה סמיר | חורי זוהיר
5235,שירות הייטק מוטורס בע מ,מוסך מורשה,טירת כרמל,רח' העוצמה 11 ת.ד' 164 א.תעשייה,04-8574747,30200,514706787,2,מכונאות רכב בנזין | מכונאות רכב דיזל,כהן חיים
5237,ר.נ.ג.ס צפורי בע מ,מוסך מורשה,נצרת,ת.ד. 2318 א.תעשיה,04-6572222,16000,516067014,4,מכונאות רכב בנזין | מכונאות רכב דיזל | תיקון מרכבי רכב | צבעות רכב,צפורי סעיד | צפורי נעים | ספורי כמאל
5243,ניסים ומרים עבאדי - פנצריה,מוסך מורשה,אליעד,אליעד רמת הגולן,03-6763027,12470,53312930,1,תיקון והחלפת צמיגים,עבאדי ניסים
5256,מוסך המספנות בע מ,מוסך מורשה,חיפה,דרך י. סימון 52,04-8415882,26248,511474876,3,מכונאות רכב בנזין | מכונאות רכב דיזל | תיקון אחזקת רכב חשמלי/היברידי,אסור דוד
5257,נאיל זועבי-טכנלוגיה מתקדמת,מוסך מורשה,עפולה,א.תעשיה עפולה עילית רח' פניקס צבי  37,04-6402999,18200,,1,חשמלאות רכב,זועבי נאיל
5271,עאקל סלים - פנצרית האחים,מוסך מורשה,כפר יאסיף,גוש 18764 ת.ד.3326,00-9966791,24908,25932757,1,תיקון והחלפת צמיגים,עאקל סלים
5282,לוי אברהם אבי סוויפרס מוסך,מוסך מורשה,מי עמי,מושב מי עמי,058-5402030,37865,,4,אישור כשירות לצמ ה ומכונה ניידת | טרקטורים ומכונות ניידות | תיקון טרקטורונים | תיקון מלגזות הרמה,לוי אברהם
5287,אביב סוכנויות אופנועים וקט' בע מ,מוסך מורשה,מרחביה (מושב),מושב מרחביה,04-6424001,19105,511691321,6,מכונאות רכב בנזין | מכונאות רכב דיזל | מכונאות אופנועים וקטנועים | טרקטורים ומכונות ניידות | תיקון טרקטורונים | תיקון מלגזות הרמה,קדשאי אביב
5291,אבו עבוד אדיב פנצריה,מוסך מורשה,שפרעם,ת.ד 31 ליד ת.דלק דלק,04-9504757,20200,58606856,1,תיקון והחלפת צמיגים,אבו עבוד אדיב
5292,פ.ר.מוסך משא גנים בע מ,מוסך מורשה,קריית אתא,התעשיה 1,04-8722058,28000,514211200,3,מכונאות רכב בנזין | מכונאות רכב דיזל | מכונאות דיזל משאיות ואוטובוסים,פסקואל רפי
5293,מלכיה מוטורס בע מ,מוסך רישוי לציוד חקלאי,מלכייה,ד.נ. מרום הגליל,04-6946861,13845,515572311,12,מכונאות רכב בנזין | מכונאות רכב דיזל | מכונאות דיזל משאיות ואוטובוסים | חשמלאות רכב | תיקון והחלפת צמיגים | בדיקות עשן ברכב דיזל | מוסך רישוי לציוד חקלאי | אישור כשירות לצמ ה ומכונה ניידת | טרקטורים ומכונות ניידות | תיקון טרקטורונים | תיקון מלגזות הרמה | שירות תיקון למזגן אויר לרכב,מועלם יוחאי | יוחאי מועלם
5297,טמם מרק פחחות וצבעות רכב,מוסך מורשה,חדרה,ת.ד.229 א.תעשיה ג',04-6341140,38103,,2,תיקון מרכבי רכב | צבעות רכב,אגבאירה קאסם | אגבאריה קאסם
5300,נזלאת חכים מכונאות רכב,מוסך מורשה,באקה אל-גרביה,ת.ד.7 א.תעשיה,04-6384671,30100,,2,מכונאות רכב בנזין | מכונאות רכב דיזל,נזלאת חכים
5307,רמי הראל מוסך,מוסך מורשה,בית שאן,ת.ד.308 א.תעשיה צפוני ת.דלק סונול,04-6585804,10900,51448470,3,מכונאות רכב בנזין | מכונאות רכב דיזל | רפידות ותופי בלם,הראל רמי
5309,צמיגי סבאג פאוזי,מוסך מורשה,מג'דל שמס,ת ד 16,04-6983550,12438,8091027,1,תיקון והחלפת צמיגים,סבאג פאוזי
5314,מוסך דאוד מריני  פחחות וצבע,מוסך מורשה,ראמה,ת.ד.113,052-6549533,30055,,2,תיקון מרכבי רכב | צבעות רכב,מרינה דאוד
5315,מכון לדיזלים דוד,מוסך מורשה,חיפה,רח השיש 8,04-8721127,26291,1567304,1,תיקון משאבות ומתזים לדיזל,סגל דוד
5317,צמיגי יוסי בע מ דלק סונול,מוסך מורשה,כרמיאל,ת.ד.524 ת.ד.סונול,04-9981729,20100,511605891,1,תיקון והחלפת צמיגים,יוסי ולדר
5325,חדר יוסף פחחות וצבע ארבל,מוסך מורשה,חמאם,דאר טבריה ת.ד 83,04-6790546,14970,,2,תיקון מרכבי רכב | צבעות רכב,חדר יוסף
5327,מוסך המוסמכים בע מ,מוסך מורשה,גבת,ד.נ.עמק יזרעאל ת.ד.100,052-7025542,36579,514063874,2,מכונאות רכב בנזין | מכונאות רכב דיזל,עומרי אשרף
5328,הרייש מחמוד אסעד - מוסך,מוסך מורשה,נצרת,רח המחצבות,052-4680038,16000,,2,מכונאות רכב בנזין | מכונאות רכב דיזל,הרייש מוחמד | הרייש מחמוד
5329,חזוט שלומי מוסך שלומי חזוט,מוסך מורשה,קריית שמונה,ת.ד 11006 א.תעשיה,04-6959959,10200,,1,אוטוטק רכב קל,גל נתן יעקב
5333,חילו תאופיק ואליאס צמיגי מישל,מוסך מורשה,חיפה,ת.ד 10451 השיש 18,04-8724897,26291,56285869,1,תיקון והחלפת צמיגים,חילו תאופיק
5349,גרוס מרואן פחחות וצבע לרכב חיפה,מוסך מורשה,חיפה,רח' המוסכים 4 תד 25146,04-8419313,31250,52435062,2,תיקון מרכבי רכב | צבעות רכב,מרואן ג'רוס | קדאדי אנטואן
5356,מוסך שמעון כהן בע מ,מוסך מורשה,מבואות החרמון,ד.נ.גליל עליון מתחם  המעוצה מבואות חרמון,04-6943517,12105,514364249,3,אישור כשירות לצמ ה ומכונה ניידת | טרקטורים ומכונות ניידות | תיקון מלגזות הרמה,כהן שמעון | כהן צור
5357,ג.ש.ר.גולן שרותי רכב בע מ,מוסך מורשה,קצרין,א.תעשיה ת.ד 235,04-6850551,12900,513396713,6,מכונאות רכב בנזין | מכונאות רכב דיזל | תיקון אחזקת רכב חשמלי/היברידי | תיקון מרכבי רכב | צבעות רכב | תיקון והחלפת צמיגים,נס עמיר חיים | נס עמיר חיי
5361,סרחאנה מוחמד - צמיגי עוז,מוסך מורשה,חיפה,יפו 196 ת.דלק עוז,04-8532577,31086,58152703,1,תיקון והחלפת צמיגים,סרחאנה מוחמד
5367,מוסך בית זרזיר ג'ריפאת מוסא,מוסך מורשה,זרזיר,ת.ד.24 נהלל-זרזיר,04-6515171,10600,56912017,2,מכונאות רכב בנזין | מכונאות רכב דיזל,גריפאת מוסא
5375,הנדי ראיף מוסך,מוסך מורשה,טמרה,ת.ד.1091 א.תעשיה,04-9946512,24930,59406884,3,מכונאות רכב בנזין | מכונאות רכב דיזל | תיקון וכוון מתלים ברכב,הנדי ראיף
5380,שלדות בע מ,מוסך רישוי לרכב חדש,קריית אתא,קרן היסוד 18תד'10656,04-8412020,26119,520034422,4,מכונאות רכב דיזל | מכונאות דיזל משאיות ואוטובוסים | רפידות ותופי בלם | רישום ראשוני לרכב חדש,קצנשטין עמירם | קצנשטיין עמירם
5387,גלבוע טייר סנטר בע מ,מוסך מורשה,עין חרוד (מאוחד),ת.ד.5 ד.נ.גלבוע,04-6533318,18960,511888653,1,תיקון והחלפת צמיגים,מימון גיל
5388,מוסך ג. סבאג' בע מ,מוסך מורשה,כפר יאסיף,ת.ד.1616,04-9964946,24908,514701333,2,מכונאות רכב בנזין | מכונאות רכב דיזל,סבאג גיריס
5391,פנצ'רית אבו חפיזה ואאל,מוסך מורשה,אום אל-פחם,רחוב אלמדינה,054-4410230,30010,300421518,1,תיקון והחלפת צמיגים,אגבריה ואאל
5392,אגבריה כאמל דרוויש פח וצבע,מוסך מורשה,אום אל-פחם,כביש ראשי ת.ד. 195,052-8689990,30010,551846300,2,תיקון מרכבי רכב | צבעות רכב,אגבריה כאמל
5405,משה יערי מוסך הדקל 2011 עכו,מוסך מורשה,עכו,ת.ד. 11105 רח' פורשטיין,04-9911311,24103,,2,מכונאות רכב בנזין | מכונאות רכב דיזל,יערי יוסף
5406,אחים זיאדה בע מ,מוסך מורשה,מעיליא,תד' 246 א.ת.סנטר עאסי,04-9977689,25140,514947373,2,תיקון מרכבי רכב | צבעות רכב,זיאדה מחמד | זאידה מחמד
5422,חטיב עהד - מוסך אל חטיב,מוסך מורשה,פקיעין (בוקייעה),ת.ד.929 פקיעין,04-9972360,24914,58609066,2,תיקון מרכבי רכב | צבעות רכב,חטיב עאהד
5424,מוסך הטרקטור עזרא בע מ,מוסך מורשה,חיפה,חלוצי התעשיה 38,04-8414162,26294,511028797,3,אישור כשירות לצמ ה ומכונה ניידת | טרקטורים ומכונות ניידות | תיקון מלגזות הרמה,יעקב עזרא | יעקב עוגן
5429,מנחם מילר מתן בעמ,מוסך מורשה,חיפה,אריה קצנשטין 46,04-8415494,29000,511211195,3,אישור כשירות לצמ ה ומכונה ניידת | טרקטורים ומכונות ניידות | תיקון מלגזות הרמה,מנחם מילר
5430,עבדאללה עתאמנה מוסך גמיל עתאמנה,מוסך מורשה,באקה אל-גרביה,רח ביר באקה,04-6383385,30100,52395035,3,מכונאות רכב בנזין | מכונאות רכב דיזל | מכונאות דיזל משאיות ואוטובוסים,עתאמנה עבדאללה
5437,יאיר יצחק לוי - מרכז הצמיג,מוסך מורשה,טבריה,ת.ד.445 יהודה הלוי 8,04-6721859,14387,,1,תיקון והחלפת צמיגים,יאיר לוי יצחק
5440,אבו ליל תיסיר פנצריה עין מאהל,מוסך מורשה,עין מאהל,"עין מאהל ,תד' 554",054-6277357,16980,58953324,1,תיקון והחלפת צמיגים,אבו ליל תיסיר
5445,פבל לוין  מרכז שרות רכב עדי חדרה,מוסך מורשה,חדרה,החרש 1,04-6222015,38103,,4,אוטוטק רכב קל | תיקון אחזקת רכב חשמלי/היברידי | תיקון מרכבי רכב | צבעות רכב,לוין פבל | מליחי דורון
5450,ולדימיר ציגלמן מוסך  קופל,מוסך מורשה,חיפה,רח המלאכה 15,04-8622002,32235,305802415,2,מכונאות רכב בנזין | מכונאות רכב דיזל,חוג'יראת מוסטפא
5454,חב' פרח שחאדה ובניו בע מ,מוסך מורשה,כפר יאסיף,ת.ד. 790 א.תעשיה,04-9962845,24908,512663865,3,מכונאות רכב בנזין | מכונאות רכב דיזל | מכונאות דיזל משאיות ואוטובוסים,פרח שחאדה
5455,נאבסו סלים ובניו בע מ,מוסך רישוי לציוד חקלאי,כפר כמא,ד.נ.גליל תחתון,04-6767512,15325,510420102,8,מכונאות רכב בנזין | מכונאות רכב דיזל | בדיקות עשן ברכב דיזל | מוסך רישוי לציוד חקלאי | אישור כשירות לצמ ה ומכונה ניידת | טרקטורים ומכונות ניידות | תיקון טרקטורונים | תיקון מלגזות הרמה,נאבסו עבאס | נאבסו עאבס
5458,אחים פחימה בע מ,מוסך מורשה,חצור הגלילית,ת.ד.82 א.תעשיה,04-6938611,10300,511565087,3,מכונאות רכב בנזין | מכונאות רכב דיזל | מכונאות דיזל משאיות ואוטובוסים,פחימה יצחק
5460,מוראד מוסך מוראד מאהלי,מוסך מורשה,יקנעם עילית,ת.ד.4216 א.תעשיה,04-9890551,20692,28179133,3,מכונאות רכב בנזין | מכונאות רכב דיזל | תיקון אחזקת רכב חשמלי/היברידי,מאהלי מוראד
5463,אדריס מחמוד - אל נעמה שפרעם,מוסך מורשה,שפרעם,ת.ד.96 עיבלין - צומת שפרעם,04-9503060,30012,58554429,3,מכונאות רכב בנזין | מכונאות רכב דיזל | תיקון וכוון מתלים ברכב,אדריס מחמוד
5467,אברהם את חדאד רישוי קצרין,מכון רישוי,קצרין,דרך היין,04-6961884,12900,557827110,3,בדיקות עשן ברכב דיזל | מכון רישוי-פתוח לשרות הציבור | תיקון וכוון מתלים ברכב,סואעד עאטף
5480,שפיק ג'רוס בע מ,מוסך מורשה,חיפה,תובל 4 פינת חלוצי התעשיה ת ד 306,04-8415974,26247,511034316,2,תיקון מרכבי רכב | צבעות רכב,שפיק ג'רוס
5481,איוב קאסם צמיגי פז ביאליק,מוסך מורשה,קריית ביאליק,ת.ד.9315 א.תעשיה צמיגי פז,04-8761623,27000,55825491,1,תיקון והחלפת צמיגים,איוב קאסם
5494,ג'מס אזולאי - מוסך הצמד,מוסך מורשה,חדרה,בעלי המלאכה 25,04-6338008,38480,61165478,2,מכונאות רכב בנזין | מכונאות רכב דיזל,ג'מס אזולאי
5497,אל אמל חמוד סגור,מוסך מורשה,סאג'ור,ת.ד.465,04-9881455,20130,5700646,1,תיקון מרכבי רכב,אל אמל חמוד
5500,סליבא אכרם מוסך,מוסך מורשה,חיפה,רח אדיסון 15,04-8727302,32960,200647691,2,מכונאות רכב בנזין | מכונאות רכב דיזל,סליבא ואיל
5501,שירוני א.י. בע מ,מוסך מורשה,קריית אתא,דרך חיפה 19,052-3744445,28000,514449933,3,מכונאות רכב בנזין | מכונאות רכב דיזל | תיקון אחזקת רכב חשמלי/היברידי,אלקריאף יורם
5504,מוסך כפר חרוב אגש ח בע מ,מוסך רישוי לציוד חקלאי,כפר חרוב,ד.נ. רמת הגולן,04-6761841,12950,570038356,8,מכונאות רכב בנזין | מכונאות רכב דיזל | תיקון אחזקת רכב חשמלי/היברידי | תיקון והחלפת צמיגים | מוסך רישוי לציוד חקלאי | אישור כשירות לצמ ה ומכונה ניידת | תיקון טרקטורונים | אוטוטק טרקטורים ומכונות ניידות,יעקובי איתן | מליאנקאר שחר
5508,מוסך נביל את עאמר בע מ,מוסך מורשה,נצרת,ת.ד.3010,04-6576346,16130,512409228,2,מכונאות רכב בנזין | מכונאות רכב דיזל,סמעאן נביל
5510,מטיילי עיט עלימי בע מ,מכון רישוי,כפר קרע,ת.ד.429 כניסה ראשית,04-6354187,30075,510515125,2,בדיקות עשן ברכב דיזל | מכון רישוי-פתוח לשרות הציבור,אלחטיב מוחמד
5517,באסם פאדולה צמיגים,מוסך מורשה,עכו,רח הגדוד 22,04-9915572,24516,56331796,1,תיקון והחלפת צמיגים,באסם אבו פאדלה
5520,מוסך סע לאט חדרה בע מ,מוסך מורשה,חדרה,האומן 1 ת.ד. 3373,04-6333561,38103,515167823,5,מכונאות רכב בנזין | מכונאות רכב דיזל | חשמלאות רכב | תיקון מרכבי רכב | שירות תיקון למזגן אויר לרכב,אגבאריה מוחמד | ג'בארין אחמד
5525,אמיתי ובניו עפולה סוכניות בע מ,מכון רישוי,עפולה,ת.ד.2061 רח' הסדן 6,04-6521961,18356,511113698,2,בדיקות עשן ברכב דיזל | מכון רישוי-פתוח לשרות הציבור,אמיתי אלי
5526,כרסנטי אמיר צמיגי כרסנטי,מוסך מורשה,קריית שמונה,ת.ד. 5741,04-6950053,10206,,3,תיקון רדיאטורים )מצננים) | תיקון צנורות פליטה ודודי עמם | תיקון והחלפת צמיגים,אמיר כרסנטי
5529,ערביה ג'מאל מכונאות רכב,מוסך מורשה,נצרת,ת.ד. 2051 נצרת,054-5314054,16000,,2,מכונאות רכב בנזין | מכונאות רכב דיזל,ערביה מוחמד
5536,זכאי יצחק -כושי תיקון צמיגים,מוסך מורשה,טבריה,רח' יהודה הלוי 42 תד'498,04-6790339,14000,50143064,1,תיקון והחלפת צמיגים,זכאי יצחק
5551,בסאם עודה מוסך בסאם עודה,מוסך מורשה,ריינה,א.ת חדש,04-6567725,16940,53744686,3,תיקון רדיאטורים )מצננים) | תיקון צנורות פליטה ודודי עמם | תיקון והחלפת צמיגים,עודה באסם
5552,אבו מוך חאלד מצננים בקה,מוסך מורשה,באקה אל-גרביה,"רחוב אלקודס א.תעשייה ,",04-6381757,30100,59438275,2,תיקון רדיאטורים )מצננים) | תיקון צנורות פליטה ודודי עמם,אבו מוך חאלד
5555,מוסך עתיד בע מ למכונאות רכב,מוסך מורשה,נצרת,תד' 50802 דרך המחצבה,04-6010464,16000,513212928,2,מכונאות רכב בנזין | מכונאות רכב דיזל,חדאד אליא
5556,א.ד.אוטוסטרט בע מ,מוסך מורשה,טבריה,רחוב יהודה הלוי ת ד 796,04-6790483,14110,511956641,6,מכונאות רכב בנזין | מכונאות רכב דיזל | תיקון אחזקת רכב חשמלי/היברידי | חשמלאות רכב | תיקון וכוון מתלים ברכב | שירות תיקון למזגן אויר לרכב,דואב משה | דואב רמונד | דואב ארמונד
5560,חמוד באסם מוסך חמוד,מוסך מורשה,כאבול,ת.ד.60 כאבול,04-9946793,24963,,2,מכונאות רכב בנזין | מכונאות רכב דיזל,חמוד פתחי | חמודי פתחי
5563,מוסך מורן  אברהם בן אלישע,מוסך מורשה,מורן,ד.נ.בקעת בית הכרם,04-6988918,20107,27246230,4,מכונאות רכב בנזין | מכונאות רכב דיזל | חשמלאות רכב | שירות תיקון למזגן אויר לרכב,בן אלישע אברהם
5574,אשקר מגיד מוסך יוקנעם,מוסך מורשה,יקנעם (מושבה),התעשיה 9,04-9890587,20600,35259423,2,תיקון מרכבי רכב | צבעות רכב,אשקר מג'יד
5597,מוסך יאיר חדרה ע מ,מוסך מורשה,חדרה,אברהם עמרם 9,04-6330824,38400,512189937,4,מכונאות רכב בנזין | מכונאות רכב דיזל | תיקון מרכבי רכב | צבעות רכב,קפלן מתי | כהן תמיר
5603,ג'בארין אברהים מוסך צמד הצפון,מוסך מורשה,חדרה,בעלי המלאכה 17 ת.ד. 4585 א.תעשיה צפוני,04-8737780,38000,,2,מכונאות רכב בנזין | מכונאות רכב דיזל,ג'בארין אבראהים
5604,מוסך המישרים חלווה בעמ,מוסך מורשה,נשר,ת.ד.452 החרושת 14 א.תעשיה,04-8215555,20302,511631244,3,תיקון אחזקת רכב חשמלי/היברידי | תיקון מרכבי רכב | צבעות רכב,חלווה עופר שמע | חלווה יעקב
5607,מוסך חמישת הכוכבים בע מ,מוסך מורשה,פרדס חנה-כרכור,ת.ד. 1503,04-6231441,37000,513511238,2,מכונאות רכב בנזין | מכונאות רכב דיזל,מגדאלה זוהיר
5608,ארגמן עופר אופנועים,מוסך מורשה,חדרה,ת.ד.3110 שכ ניסן,050-5293701,38243,58118589,2,מכונאות אופנועים וקטנועים | תיקון טרקטורונים,ארגמן עופר
5611,מכון רישוי חן בע מ,מכון רישוי,פרדס חנה-כרכור,ת.ד.615 א.תעשיה,04-6376415,37000,512039181,4,בדיקות עשן ברכב דיזל | בדיקות-רכב )קניה ומכירה) | מכון רישוי-פתוח לשרות הציבור | תיקון וכוון מתלים ברכב,אופיר אברהם
5616,גרין מוטורוס א.בע מ,מוסך מורשה,טירת כרמל,המלאכה 5,04-8573355,30200,515092039,4,מכונאות רכב בנזין | מכונאות רכב דיזל | תיקון טרקטורונים | שירות תיקון למזגן אויר לרכב,גרסי יהודה | ג'רסי יהודה
5619,פאדי מרכז שירת שפיק מזאווי,מוסך מורשה,חיפה,תל אביב 14/א,04-8533834,35416,40493132,2,מכונאות רכב בנזין | מכונאות רכב דיזל,מזאווי פאדי
5620,מוסך דיזל חדרה בע מ,מוסך מורשה,חדרה,ת.ד 3172  רח' המתכת 16,04-6346144,38131,512875840,5,מכונאות רכב בנזין | מכונאות רכב דיזל | מכונאות דיזל משאיות ואוטובוסים | חשמלאות רכב | שירות תיקון למזגן אויר לרכב,שטרקר דוד
5623,צמיגי אסחאק בע מ,מוסך מורשה,חיפה,רח כורי 7,04-8664502,33045,513347914,1,תיקון והחלפת צמיגים,איהאב אסחק
5628,אלימלך אברהם,מוסך מורשה,בית שאן,ת.ד.474 א.תעשיה ישן,04-6588726,10900,58694118,2,אוטוטק רכב קל | תיקון רדיאטורים )מצננים),ג'ארושי חסן | אלימלך אברהם
5635,חסון חוסין,מוסך מורשה,שפרעם,ת.ד.309 א.תעשיה,04-9861704,20200,24776437,2,מכונאות רכב בנזין | מכונאות רכב דיזל,חסון סלים
5644,מוסך אביב הרכב,מוסך מורשה,קריית ביאליק,ת.ד. 1642 קריית ביאליק,04-8758719,27000,,2,מכונאות רכב בנזין | מכונאות רכב דיזל,אביב אשר
5648,חמיד דרויש  ח.אנואר דרויש,מוסך מורשה,אכסאל,ת.ד.153 איכסל,050-8340283,16920,318578036,2,מכונאות רכב בנזין | מכונאות רכב דיזל,דראושה אנואר
5652,ווני עלי אור הצומת,מוסך מורשה,חיפה,העמלים 3,04-8415785,26294,54385638,1,חשמלאות רכב,סאלח אדוארד
5655,ג'מאל כנאענה שירותי רכב,מוסך מורשה,סח'נין,ת.ד. 5055,054-5536323,30810,,3,מכונאות רכב בנזין | מכונאות רכב דיזל | תיקון אחזקת רכב חשמלי/היברידי,אחמד ג'מאל | כנאענה ג'מאל
5661,א.ס.עבדול האדי בע מ - טיוטה,מוסך מורשה,נצרת,ת.ד.2499,04-6568102,16000,51142248,3,מכונאות רכב בנזין | מכונאות רכב דיזל | תיקון אחזקת רכב חשמלי/היברידי,עבד אל האדי השא | הישאם עבדאלהאדי
5663,מוסך א.ג.מגוון לרכב 2003 בע מ,מוסך מורשה,חדרה,ת.ד'.3237 רח' יוסף מייזר 8,04-6346911,38383,513338475,2,תיקון מרכבי רכב | צבעות רכב,אל סועבי עלי
5670,סימון ברהום מוסך לפחחות ורכב וצב,מוסך מורשה,קריית אתא,דרך חיפה 18,04-8414746,28000,516510658,2,תיקון מרכבי רכב | צבעות רכב,ברהום סימון
5676,שלח באסם חשמלאות רכב,מוסך מורשה,חיפה,ת.ד.10663 שנקר 23 מ.חיפה,04-8410702,26247,59928721,1,אוטוטק רכב קל,שלח באסם
5684,מרכז שירות עבד אלחלים,מוסך מורשה,מנשית זבדה,ת.ד.9 מנשית אזבדה,04-6514414,16818,,3,אוטוטק רכב קל | תיקון אחזקת רכב חשמלי/היברידי | תיקון והחלפת צמיגים,עבד אלחלים סאלח | עבד אלחלים אחמד
5691,טאטור סעיד מוסך מכונאות ריינה,מוסך מורשה,ריינה,ת.ד.184,052-3311149,16940,,2,מכונאות רכב בנזין | מכונאות רכב דיזל,טאטור סעיד
5694,מוסך מ.מ.ב.2000 בע מ,מוסך מורשה,חיפה,רח' הקורנס  13,04-8729729,31250,513045609,2,תיקון מרכבי רכב | צבעות רכב,חדאד גסאן
5699,נג'ים מוחמד מוסך ישי אור,מוסך מורשה,רמת ישי,ת.ד.811 א.תעשיה,04-9533093,30059,,2,חשמלאות רכב | שירות תיקון למזגן אויר לרכב,נג'ם מוחמד
5711,ג יי גז בע מ מכונאות גפמ' לרכב,מוסך מורשה,חיפה,שד ההסתדרות 182,04-8401174,32960,513507269,2,מכונאות רכב בנזין | מכונאות רכב גפ מ,אוברלנדר יוסף
5713,ביאדסי פיקרי רסמי פחחות וצבע,מוסך מורשה,באקה אל-גרביה,ת.ד.1522 א.תעשיה,050-5503570,30100,58944810,2,תיקון מרכבי רכב | צבעות רכב,ביאדסי פיקארי
5714,אלערו חוסאם חשמל רכב גת,מוסך מורשה,ג'ת,ת.ד.975 כפר גת,050-2290310,30091,56977465,1,חשמלאות רכב,אלערו חוסאם
5717,נ.ר. יפנמוטור בע מ,מוסך מורשה,חדרה,האומן 7,04-6342714,38134,517247995,3,מכונאות רכב בנזין | מכונאות רכב דיזל | תיקון אחזקת רכב חשמלי/היברידי,פרנקל אלכסנדר
5725,יוסף זובידאת - מוסך בסמת 5002,מוסך מורשה,נשר,התעשייה  19,04-8212019,20302,23378086,2,מכונאות רכב בנזין | מכונאות רכב דיזל,יוסף זובידאת | יוסף זובדיאת
5735,חב מוסך סאלח מרכז הצפון בע מ,מוסך מורשה,ריינה,אזור תעשייה ת ד 50554,04-6562755,16940,511228355,3,מכונאות רכב בנזין | מכונאות רכב דיזל | מכונאות דיזל משאיות ואוטובוסים,אל הייב סאלח
5742,מירב חקלאות ועסקים בע מ מוסך,מוסך מורשה,מירב,ד.נ.גלבוע   קבוץ  מירב,04-6539186,19148,570069534,7,מכונאות רכב בנזין | מכונאות רכב דיזל | תיקון אחזקת רכב חשמלי/היברידי | אישור כשירות לצמ ה ומכונה ניידת | טרקטורים ומכונות ניידות | תיקון טרקטורונים | תיקון מלגזות הרמה,בית אריה גור
5744,עובדיה יהודה,מוסך מורשה,בית שאן,ת.ד417 צפוני בית שאן,04-6584722,10900,59563049,3,מכונאות רכב בנזין | מכונאות רכב דיזל | תיקון רדיאטורים )מצננים),ישראלי מנשה | עובדיה יהודה
5745,אבו סאלח ראיד גאמיל מוסך חרמון,מוסך מורשה,מג'דל שמס,מגדל שאמס  ת.ד 1056,04-6984932,12438,80952997,2,תיקון מרכבי רכב | צבעות רכב,אבו סאלח ראיד | אבו סלח ראיד
5748,זבידאת חאלד מוסך ח.ע.זובידאת,מוסך מורשה,בסמת טבעון,ת.ד 1427 קריית טבעון,04-9836497,36920,,2,מכונאות רכב בנזין | מכונאות רכב דיזל,זבידאת חאלד
5756,גאווי משה ורחמים - בית הרכב,מוסך מורשה,אור עקיבא,מרכז קופלוביץ' 1,04-6361991,30600,54916705,4,מכונאות רכב בנזין | מכונאות רכב דיזל | חשמלאות רכב | שירות תיקון למזגן אויר לרכב,גאווי רחמים | גאווי משה
5758,מרכז שירות שחר כרמיאל בע מ,מוסך מורשה,כרמיאל,ת.ד.643  רחוב החרמש 8,04-9880960,21616,512116500,4,מכונאות רכב בנזין | מכונאות רכב דיזל | תיקון מרכבי רכב | צבעות רכב,שחרור עופר | גנאדרי עיסא | איוב חנא
5760,נירון מוטורס בע מ,מוסך מורשה,חדרה,צהל 46 ת ד 2032,04-6336666,38220,512996299,4,אוטוטק רכב קל | תיקון אחזקת רכב חשמלי/היברידי | תיקון מרכבי רכב | צבעות רכב,ויצמן יריב | מואסי באסם
5761,אבו רקיה וליד מוסך פרדס חנה,מוסך מורשה,פרדס חנה-כרכור,ת.ד.1442 המלאכה 10,04-6376944,37000,52403862,5,מכונאות רכב בנזין | מכונאות רכב דיזל | אישור כשירות לצמ ה ומכונה ניידת | טרקטורים ומכונות ניידות | תיקון מלגזות הרמה,אבו רקיה וליד
5771,מסעוד שיתי מוסך,מוסך מורשה,חיפה,שד ההסתדרות 176,04-8727700,32960,20721056,3,תיקון מרכבי רכב | צבעות רכב | אוטוטק מרכבי רכב וצביעתם +מסגרות,שיתי תאמר | נזאר שיתי
5772,הטסט בירכא בע מ,מכון רישוי,ירכא,אזור תעשיה ירכא תד' 784,04-9969973,24967,511732067,6,בדיקות עשן ברכב דיזל | בדיקות-רכב )קניה ומכירה) | מכון רישוי-פתוח לשרות הציבור | רישום ראשוני לרכב חדש | תיקון וכוון מתלים ברכב | בדיקת רכב לאחר תאונה,מועלם חנא
5773,יהודה מוסך מרכזי לצפון בע מ,מוסך מורשה,טבריה,ת.ד.700 א.תעשיה,04-6722201,14200,511182560,2,תיקון מרכבי רכב | צבעות רכב,עמיר יהודה
5788,ניסאן פרחאת  ע.נ.ף שירותי רכב,מוסך מורשה,מסעדה,ד.נ.רמת הגולן,04-6981192,12435,305491193,7,מכונאות רכב בנזין | מכונאות רכב דיזל | מכונאות דיזל משאיות ואוטובוסים | אישור כשירות לצמ ה ומכונה ניידת | טרקטורים ומכונות ניידות | תיקון טרקטורונים | תיקון מלגזות הרמה,פרחאת נזיה
5791,כהן מירו פנצרייה,מוסך מורשה,טירת כרמל,המלאכה 4,04-8574911,30200,,1,תיקון והחלפת צמיגים,כהן מאיר
5810,סרחאן חמד מוסך כללי בני יחיא,מוסך מורשה,נחף,ת.ד.3034,04-9886774,20137,,2,מכונאות רכב בנזין | מכונאות רכב דיזל,סרחאן סמי
5812,שקור איברהים - אור הגליל,מוסך מורשה,ראמה,ת.ד.89,04-9885261,30055,54839386,1,חשמלאות רכב,שקור איברהים
5820,מוסך כריאני חאתם,מוסך מורשה,כפר יאסיף,ת.ד.509 ע י סופר זול,04-9969139,24908,56986649,2,מכונאות רכב בנזין | מכונאות רכב דיזל,כריאני סמען
5822,ג'מאליה פארס - מוסך התותח,מוסך מורשה,קריית ביאליק,החרושת 17/30,04-6709663,27000,,3,מכונאות רכב בנזין | מכונאות רכב דיזל | תיקון וכוון מתלים ברכב,ג'מאליה פארס
5832,מחמוד עבד אלחלים ובניו בע מ,מוסך מורשה,כפר החורש,מס כביש    8 / 1000 יפיע נצרת,04-6576002,16490,511919136,1,תיקון והחלפת צמיגים,אוסמה ע.אלחלים
5834,כנעני סולימאן,מוסך מורשה,כאבול,ת.ד.   329,04-9946463,24963,50781616,3,טרקטורים ומכונות ניידות | תיקון טרקטורונים | תיקון מלגזות הרמה,כנעני דאוד
5836,פריים מוטורס ויוניון מוטורס בע מ,מוסך מורשה,חיפה,ת.ד.25248 רח' בעלי המלאכה 6,04-8726111,31250,513969147,6,מכונאות רכב בנזין | מכונאות רכב דיזל | תיקון אחזקת רכב חשמלי/היברידי | חשמלאות רכב | תיקון והחלפת צמיגים | שירות תיקון למזגן אויר לרכב,דראושה הישאם | זפרן דומיניק | ורור לואי
5841,כימוביל בע מ,מוסך מורשה,חיפה,ת.ד.70 קצנשטין 1,04-8471126,31000,510212681,3,מכונאות רכב בנזין | מכונאות רכב דיזל | מכונאות דיזל משאיות ואוטובוסים,כהן שמואל
5842,עודה מאמון צמיגים,מוסך מורשה,יפיע,בית פרטי 24 יפיע,050-2965446,16955,26319962,1,תיקון והחלפת צמיגים,עודה מאמון
5843,גבעי חוסין חשמלאות רכב,מוסך מורשה,יפיע,ת.ד.818 כביש ראשי,04-6568336,16000,53781001,1,חשמלאות רכב,גבעי חוסין
5845,פרונט הגליל בע מ,מוסך מורשה,חצור הגלילית,ת.ד.214 א.תעשיה,04-6802225,10300,514043363,2,תיקון והחלפת צמיגים | תיקון וכוון מתלים ברכב,כהן ברק
5846,מוחמד חוסין אגבריה,מוסך מורשה,אום אל-פחם,תד' 2003 שכ' אלביר,050-7722809,30010,,2,מכונאות רכב בנזין | מכונאות רכב דיזל,אגבריה וסים
5850,סדן בע מ,מוסך מורשה,עכו,ת.ד. 2030 את.דרום,04-9912261,24000,51134450,3,אוטוטק רכב קל | תיקון מרכבי רכב | צבעות רכב,אבו אסמאעיל מוח | רנו בילאל
5861,דראושה פואז עלי מכונאות רכב,מוסך מורשה,אכסאל,ת.ד.286 איכסל,054-4204914,16920,,2,מכונאות רכב בנזין | מכונאות רכב דיזל,דראושה פואז
5862,שלבי אחמד צמיגי אכסאל,מוסך מורשה,אכסאל,ת.ד.316 איכסל,04-6551064,16920,57042962,1,תיקון והחלפת צמיגים,שלבי אחמד
5865,אבו סריה אברהים - חשמל יצאור,מוסך מורשה,נשר,בר יהודה ת.ד.333,04-8213066,20302,36305662,2,חשמלאות רכב | שירות תיקון למזגן אויר לרכב,אבו סריה אברהים
5870,מוסך טוביא וסאם בע מ,מוסך מורשה,שפרעם,ת.ד. 20  א.תעשייה,053-6504142,20200,515724433,1,צבעות רכב,טוביא וסאם
5882,תבור שמואל הצתלבות תבור,מוסך מורשה,חיפה,הסדנא 3,04-8413078,32952,,1,תיקון והחלפת צמיגים,תבור שמואל
5894,קומפיוטסט חיפה )ל.נ.(בע מ,מוסך מורשה,חיפה,האשלג 1 תד'25086 צ'ק פוסט,04-8417788,31250,513482653,1,בדיקות-רכב )קניה ומכירה),שלו איתן
5897,אחמד עמאר מוסך אחים עבד,מוסך רישוי לציוד חקלאי,מכר,ת.ד.948 גוש 18545 חל'16/2/1,050-5634823,25105,,8,מכונאות רכב בנזין | מכונאות רכב דיזל | מכונאות דיזל משאיות ואוטובוסים | בדיקות עשן ברכב דיזל | מוסך רישוי לציוד חקלאי | אישור כשירות לצמ ה ומכונה ניידת | טרקטורים ומכונות ניידות | תיקון טרקטורונים,עמאר אחמד
5904,שטרן שי - בצת,מוסך מורשה,בצת,ד.נ.גליל מערבי,052-5611148,22830,68752997,4,אישור כשירות לצמ ה ומכונה ניידת | טרקטורים ומכונות ניידות | תיקון טרקטורונים | תיקון מלגזות הרמה,שטרן שי
5907,לב הגליל תחבורה ורכב בע מ,מכון רישוי,שפרעם,ת.ד.545 שפרעם,04-8451928,20200,513391219,3,בדיקות עשן ברכב דיזל | בדיקות-רכב )קניה ומכירה) | מכון רישוי-פתוח לשרות הציבור,בדארנה מוסא | מילחם עלי
5911,בלמי מג'אדלה בע מ,מוסך מורשה,באקה אל-גרביה,א.תעשיה ת.ד.412,04-6384403,30100,516241445,3,מכונאות רכב בנזין | מכונאות רכב דיזל | רפידות ותופי בלם,גמל עבדל כרים | מגדאלה אחמד
5914,באשא סמיר תקרים פז יוקנעם,מוסך מורשה,יקנעם (מושבה),תחנת דלק פז יוקנעם,04-9894779,20692,59491985,1,תיקון והחלפת צמיגים,באשא סמיר
5924,צמיגי שופרסל 2014 בע מ,מוסך מורשה,נשר,דרך בר יהודה 143,052-5787070,20302,,1,תיקון והחלפת צמיגים,גבל תומר
5926,חלוצי שרות לרכב בע מ,מוסך מורשה,קריית אתא,שלמה בן יוסף 26,04-8727250,28000,513913921,7,אוטוטק רכב קל | תיקון אחזקת רכב חשמלי/היברידי | מוסך  מומחה | תיקון מרכבי רכב | צבעות רכב | תיקון והחלפת צמיגים | תיקון וכוון מתלים ברכב,חלוצי מאיר | חלוצימאיר
5935,צמיגי פירלי חיפה בע מ,מוסך מורשה,חיפה,דרך פיקא 1 ת.פז רוממה,04-8256688,34334,516535655,1,תיקון והחלפת צמיגים,זובידאת האני
5937,יוסף לחיאני  - מזגנים לרכב,מוסך מורשה,בית שאן,מפעלים איזוריים,04-6585697,10900,,1,שירות תיקון למזגן אויר לרכב,לחיאני יוסף
5938,חליל פהד - כיוון פרונט ממוחשב,מוסך מורשה,ריינה,תד' 826 כביש ראשי,050-3575825,16940,59548891,1,תיקון וכוון מתלים ברכב,חליל פהאד
5939,סופר פרונט מעבדת רכב בע מ,מוסך מורשה,חדרה,רח' פרידלנדר,04-6344566,38000,514178730,4,תיקון מרכבי רכב | צבעות רכב | בדיקות-רכב )קניה ומכירה) | בדיקת רכב לאחר תאונה,מחאג'נה באסם | מלשין ניקולאי | בדראן נור
5940,נעמה מוראד מוסך נעמה מוראד,מוסך מורשה,כרמיאל,רח האופן 9 כרמיאל,04-9880556,20100,,4,מכונאות רכב בנזין | מכונאות רכב דיזל | תיקון מרכבי רכב | צבעות רכב,נעמה עלי | ח'לאילי סח'י | איוב איוב
5949,מכון רישוי קומפי בדק בע מ,מכון רישוי,כרמיאל,רח האופן 21  ת.ד.  6449,04-9887322,20100,513022046,4,בדיקות עשן ברכב דיזל | בדיקות-רכב )קניה ומכירה) | מכון רישוי-פתוח לשרות הציבור | תיקון וכוון מתלים ברכב,אורגד משה | שטיינפרס יורם
5951,תמיר ניסים  פחחות רכב,מוסך מורשה,טירת כרמל,ת.ד. 303 הפטיש 3,04-8575706,30200,43010495,2,מכונאות רכב בנזין | מכונאות רכב דיזל,תמיר נסים
5955,ניקולא סלימאן,מוסך מורשה,מעיליא,ת.ד.194,04-9971876,25140,53100509,1,חשמלאות רכב,ניקולא סולימאן
5963,עיסא סלימאן מכונאות רכב,מוסך מורשה,משהד,ת ד 702 רח אחמד אל מוסא,052-2825479,16967,57025660,2,מכונאות רכב בנזין | מכונאות רכב דיזל,עיסא סלימאן
5965,צמיגי מצה חשמל ומיזוג אויר בע מ,מוסך מורשה,חיפה,כביש רופין תחנת מצה,04-8247199,32499,512409186,3,חשמלאות רכב | תיקון והחלפת צמיגים | שירות תיקון למזגן אויר לרכב,עודה מוראד | עודה אמין
5969,מתן ש.ת  בע מ,מוסך מורשה,עפולה,רח קהילת ציון א.תעשיה,04-6523946,18301,515324168,3,תיקון אחזקת רכב חשמלי/היברידי | תיקון צנורות פליטה ודודי עמם | שירות תיקון למזגן אויר לרכב,אליהו שמשון
5970,סלע דוד - פנצריה,מוסך מורשה,בית שאן,רח שטרומן 4,04-6584055,10900,73569634,1,תיקון והחלפת צמיגים,סלע דוד
5971,מוסך א.ד.ם בע מ,מוסך מורשה,קריית שמונה,ת.ד.299 א.תעשיה דרום,052-8302174,10200,511567678,3,מכונאות רכב בנזין | מכונאות רכב דיזל | תיקון אחזקת רכב חשמלי/היברידי,שוחט קרן
5975,סטלביו השקעות ונכסים בע מ,מוסך מורשה,מעלות-תרשיחא,ת.ד.226 א.תעשיה,04-9978254,24952,515921948,2,תיקון מרכבי רכב | צבעות רכב,סלח עבדאללה
5976,כ.ל.מוסך המכון בע מ,מוסך מורשה,חיפה,חלוצי התעשיה 85,04-8414441,26118,512402587,4,מכונאות רכב בנזין | מכונאות רכב דיזל | בדיקות-רכב )קניה ומכירה) | תיקון וכוון מתלים ברכב,כהן יוסף
5977,מולטי ריטייל גרופ בע מ,מוסך מורשה,חיפה,חוצות המפרץ ביתן 18,04-8424241,26115,515546224,3,מכונאות רכב בנזין | מכונאות רכב דיזל | תיקון והחלפת צמיגים,כהן אילן | אבראהים ח'אלד
5983,חלילה אנואר- מכונאות רכב,מוסך מורשה,יפיע,ת.ד.548 כפר יפיע,052-4804432,16955,58166364,2,מכונאות רכב בנזין | מכונאות רכב דיזל,חלילה אנואר
6002,בדר סראחנה - מוסך ויינר 2018,מוסך מורשה,חיפה,האיטלקים 5,052-6352192,16955,,2,תיקון מרכבי רכב | צבעות רכב,סראחנה בדר
6007,גן שמואל א/ש מוסך הקיבוץ,מוסך מורשה,גן שמואל,ד.נ.חפר,04-6320972,38810,570000372,6,מכונאות רכב בנזין | מכונאות רכב דיזל | תיקון אחזקת רכב חשמלי/היברידי | טרקטורים ומכונות ניידות | תיקון טרקטורונים | תיקון מלגזות הרמה,שרף מאיר | מאיר שרף | ענבוסי סעיד
6008,מרכז שירות הכוכב רג'ד 2010 בע מ,מוסך מורשה,חיפה,רח ניוטון 4,04-8428114,32960,514382472,2,מכונאות רכב בנזין | מכונאות רכב דיזל,גומייד טארק
6015,מוסך רווה צפון - שירותי רכב בע מ,מוסך מורשה,חיפה,רח' ת א 3,04-8510110,31097,515507838,3,מכונאות רכב בנזין | מכונאות רכב דיזל | בדיקות-רכב )קניה ומכירה),מורנו אברהם
6045,מוסך מילאד בדיע יוסף בע מ,מוסך מורשה,חיפה,תל אביב 18,04-8525656,35416,515571818,5,מכונאות רכב בנזין | מכונאות רכב דיזל | תיקון אחזקת רכב חשמלי/היברידי | תיקון מרכבי רכב | צבעות רכב,בשיר סאמי | יוסף מילאד
6053,משמר העמק א/ש מוסך הקיבוץ,מוסך מורשה,משמר העמק,משמר העמק - עמק יזרעאל,04-9896166,19236,570000901,9,מכונאות רכב בנזין | מכונאות רכב דיזל | תיקון אחזקת רכב חשמלי/היברידי | תיקון והחלפת צמיגים | טרקטורים ומכונות ניידות | תיקון טרקטורונים | תיקון מלגזות הרמה | תיקון וכוון מתלים ברכב | שירות תיקון למזגן אויר לרכב,חבשי עבד אלרחמן | חבשי עבד אלרח
6067,חלפון מיכאל חשמל פוקס ציפורה,מוסך מורשה,חדרה,רח' שמעוני 40,04-6330010,38364,54119029,1,חשמלאות רכב,חלפון מיכאל
6080,מיכאל גולדברט בע מ,מוסך מורשה,חיפה,מקלף 32,04-8411362,32960,510230535,3,מכונאות רכב בנזין | מכונאות רכב דיזל | תיקון אחזקת רכב חשמלי/היברידי,מור לוי יצחק | מטר עזר
6081,לוסקי אריה וסלים סלימאן מוסך,מוסך מורשה,חיפה,יפו 154 תד' 9643,04-8514074,35252,56947450,3,מכונאות רכב בנזין | מכונאות רכב דיזל | שירות תיקון למזגן אויר לרכב,סלים סלימאן | לוסקי אריה
6083,חמו שמעון עמית שירותי רכב,מוסך מורשה,בנימינה-גבעת עדה*,רח היסמין28,050-5309116,30500,,3,מכונאות רכב בנזין | מכונאות רכב דיזל | שירות תיקון למזגן אויר לרכב,חמו יוסף
6091,חברה ישראלית לאוטומובילים בע מ,מוסך מורשה,חיפה,רח יפו 145,04-6648100,31097,510685720,9,מכונאות רכב בנזין | מכונאות רכב דיזל | תיקון אחזקת רכב חשמלי/היברידי | חשמלאות רכב | תיקון מרכבי רכב | צבעות רכב | תיקון והחלפת צמיגים | רפידות ותופי בלם | שירות תיקון למזגן אויר לרכב,קגן ארתור | אסינגר אלון | מבאריכי סמיח | בחוס וואיל
6116,מחצבות כפר-גלעדי א.ש.חקלאית בע מ,מוסך מורשה,כפר גלעדי,ד.נ.ג.עליון,04-6946254,12210,570036392,6,מכונאות רכב בנזין | מכונאות רכב דיזל | מכונאות דיזל משאיות ואוטובוסים | אישור כשירות לצמ ה ומכונה ניידת | טרקטורים ומכונות ניידות | תיקון מלגזות הרמה,שרעבי נמרוד
6122,אלקובי משה - אלקובי אלברט ובנו,מוסך מורשה,חיפה,ביאליק 6,04-8623981,33112,,1,מכונאות אופנועים וקטנועים,אלקובי משה
6123,לאפגיאן ירם מוסך לחשמלאות רכב,מוסך מורשה,חיפה,האיטלקים 5,050-3452567,31090,,1,חשמלאות רכב,לאפג'יאן ירם
6131,שוסטר  וגוטמן  שוסטר את בנגין,מוסך מורשה,חיפה,מקלף 13 תד' 25005 צק' פוסט,04-8413360,31250,22698773,1,תיקון קפיצים ברכב מנועי,שוסטר איל
6135,ארמלי נאדר מוסך אניס ארמלי,מוסך מורשה,חיפה,תד' 33266 רח' האיטלקים 5,04-8532859,32266,,2,מכונאות רכב בנזין | מכונאות רכב דיזל,ארמלי נאדר
6137,פרוטר אוטו אלקטרו בע מ,מוסך מורשה,חיפה,ת.ד.20009 רח אדיסון,04-8417090,32960,510469661,1,חשמלאות רכב,ברק ירון
6138,מוסך קבוץ מרחביה בע מ,מוסך מורשה,מרחביה (קיבוץ),קבוץ מרחביה,04-6598618,19100,514431444,8,מכונאות רכב בנזין | מכונאות רכב דיזל | תיקון אחזקת רכב חשמלי/היברידי | מכונאות אופנועים וקטנועים | אישור כשירות לצמ ה ומכונה ניידת | טרקטורים ומכונות ניידות | תיקון טרקטורונים | תיקון מלגזות הרמה,ברקן איתי
6146,זכאי אלי מכונאות רכב,מוסך מורשה,חיפה,חטיבת גולני 46,04-8666681,33085,,2,מכונאות רכב בנזין | מכונאות רכב דיזל,זכאי אלי אליה
6149,בטחיש עמאד מוסך קבוץ שמיר,מוסך מורשה,שמיר,ד.נ. גליל עליון,04-6947849,12135,80904337,6,מכונאות רכב בנזין | מכונאות רכב דיזל | תיקון אחזקת רכב חשמלי/היברידי | טרקטורים ומכונות ניידות | תיקון טרקטורונים | תיקון מלגזות הרמה,בטחיש עמאד
6153,מוסך יעקוב בסל בע מ,מוסך מורשה,עין המפרץ,ד.נ. אשרת,050-5451524,25210,,4,מכונאות רכב בנזין | מכונאות רכב דיזל | תיקון והחלפת צמיגים | תיקון וכוון מתלים ברכב,אבו הייגא זיאד | חדיד מבדא
6156,מוסך אלטשולר - עאמר ורומן,מוסך מורשה,תל חנן,דרך בר יהודה 3,04-8211127,20302,317521656,2,מכונאות רכב בנזין | מכונאות רכב דיזל,בשאראת האני
6165,כפר מסריק א/ש מוסך הקיבוץ,מוסך מורשה,כפר מסריק,ד.נ.אשרת,04-9854150,25208,570001958,7,מכונאות רכב בנזין | מכונאות רכב דיזל | תיקון אחזקת רכב חשמלי/היברידי | טרקטורים ומכונות ניידות | תיקון טרקטורונים | תיקון מלגזות הרמה | שירות תיקון למזגן אויר לרכב,שני אמיר
6166,אליצור אמנון ויוסי שמש מוסך צפון,מוסך מורשה,חיפה,אלנבי 48,04-8523995,30056,51968907,4,מכונאות רכב בנזין | חשמלאות רכב | תיקון מרכבי רכב | שירות תיקון למזגן אויר לרכב,אליצור אמנון | אבו דבאש מוחמד | טרביה אמיר
6173,מוסך חקלאות בקעת גנוסר גשח בע מ,מוסך רישוי לציוד חקלאי,גינוסר,ד.נ.עמק הירדן  קיבוץ גינוסר,04-6798847,14980,570049908,7,מכונאות רכב בנזין | מכונאות רכב דיזל | מוסך רישוי לציוד חקלאי | אישור כשירות לצמ ה ומכונה ניידת | טרקטורים ומכונות ניידות | תיקון טרקטורונים | תיקון מלגזות הרמה,עזרן אשר
6175,בית זרע א/ש מוסך הקיבוץ,מוסך מורשה,בית זרע,ד.נ.עמק הירדן,04-6775222,15135,570000786,6,מכונאות רכב בנזין | מכונאות רכב דיזל | אישור כשירות לצמ ה ומכונה ניידת | טרקטורים ומכונות ניידות | תיקון טרקטורונים | תיקון מלגזות הרמה,בצון איתן
6180,אבו הדבה מורסי  מוסך ברקאי,מוסך מורשה,ברקאי,ד.נ. מנשה,04-6387145,37860,,7,מכונאות רכב בנזין | מכונאות רכב דיזל | תיקון והחלפת צמיגים | אישור כשירות לצמ ה ומכונה ניידת | טרקטורים ומכונות ניידות | תיקון טרקטורונים | שירות תיקון למזגן אויר לרכב,אבו הדבה ראסם | אבו הדבה מורסי
6183,דגניה א בעמ מוסך הקיבוץ,מוסך מורשה,דגניה א',עמק הירדן,04-6758166,15120,557030798,6,מכונאות רכב בנזין | מכונאות רכב דיזל | מכונאות אופנועים וקטנועים | טרקטורים ומכונות ניידות | תיקון טרקטורונים | תיקון מלגזות הרמה,גרהרד מרדכי
6189,סרוגי הדרוליקה נצרת בע מ,מוסך מורשה,נצרת,רח 206 מס 3,04-6554110,16000,51061224,1,מסגרות רכב )תיקון ארגזים),סרוגי אבראהים
6194,א.מיצ'יגן בע מ,מוסך מורשה,טבריה,ת.ד.331 א.תעשיה,04-6720315,14133,513922187,3,מכונאות רכב בנזין | מכונאות רכב דיזל | תיקון אחזקת רכב חשמלי/היברידי,מיציגן אלכסנדר | מיצ'גין אלכסנדר
6199,חברת חשמל לישראל בע מ,מוסך רישוי לשרות עצמי,חיפה,רח' טובים 19 תד'10,054-6099919,31000,520000472,8,מכונאות רכב בנזין | מכונאות רכב דיזל | מכונאות דיזל משאיות ואוטובוסים | חשמלאות רכב | בדיקות עשן ברכב דיזל | מוסך רישוי לשרות עצמי | טרקטורים ומכונות ניידות | שירות תיקון למזגן אויר לרכב,מנדלמן רון | ליברמן אפרים | חצרוני מורן
6202,פאר סוהייל פאר רדיאטור,מוסך מורשה,נצרת,רחוב תופיק זיאד 31,04-6554317,16000,25999210,2,תיקון רדיאטורים )מצננים) | תיקון צנורות פליטה ודודי עמם,סאלח הישאם
6207,עירית חיפה המוסך,מוסך מורשה,חיפה,רח אופיר 30,04-8670606,32235,500240007,6,מכונאות רכב בנזין | מכונאות רכב דיזל | מכונאות דיזל משאיות ואוטובוסים | חשמלאות רכב | תיקון מרכבי רכב | תיקון והחלפת צמיגים,חלף סאלח | אליהו הרצל | חטיבי חוסין | לאון נסרי
6209,מכון רישוי וטסטים הגליל בע מ,מכון רישוי,קריית שמונה,א.תעשיה תד'1015,04-6945250,10200,570004606,2,בדיקות עשן ברכב דיזל | מכון רישוי-פתוח לשרות הציבור,חנוכי דני
6212,אלבז חיים מוסך אס,מוסך מורשה,עין חרוד (מאוחד),עין חרוד המאוחד,04-6535371,18965,68459718,3,מכונאות רכב בנזין | מכונאות רכב דיזל | תיקון טרקטורונים,אלבז חיים
6215,מוסכי סער כברי אגשח בע מ,מוסך רישוי לציוד חקלאי,סער,קיבוץ סער ד.נ גליל מערבי,04-9856606,22805,570050914,7,אוטוטק רכב קל | בדיקות עשן ברכב דיזל | מוסך רישוי לציוד חקלאי | אישור כשירות לצמ ה ומכונה ניידת | טרקטורים ומכונות ניידות | תיקון טרקטורונים | תיקון מלגזות הרמה,רודד יריב
6216,עין גב אחזקות אגש ח  בע מ,מוסך רישוי לציוד חקלאי,עין גב,קיבוץ עין גב,04-6658984,14940,570054023,8,מכונאות רכב בנזין | מכונאות רכב דיזל | בדיקות עשן ברכב דיזל | מוסך רישוי לציוד חקלאי | אישור כשירות לצמ ה ומכונה ניידת | טרקטורים ומכונות ניידות | תיקון טרקטורונים | תיקון מלגזות הרמה,שיבלי הישאם
6217,אייל מלכה שירותי רכב בע מ,מוסך מורשה,דגניה ב',ד.נ. עמק הירדן,04-6755941,15130,515574713,4,מכונאות רכב בנזין | מכונאות רכב דיזל | טרקטורים ומכונות ניידות | תיקון מלגזות הרמה,רוטמן שלמה
6218,נאות מרדכי א/ש מוסך הקיבוץ,מוסך מורשה,נאות מרדכי,ד.נ. גליל עליון,04-6948116,12120,57000424,4,מכונאות רכב בנזין | מכונאות רכב דיזל | טרקטורים ומכונות ניידות | תיקון מלגזות הרמה,מנואל שלמה
6219,המוסך בלהבות הבשן  פינשטיין שרון,מוסך מורשה,להבות הבשן,ד.נ.גליל עליון,04-6952132,12125,57899155,6,אוטוטק רכב קל | מכונאות רכב גפ מ | תיקון אחזקת רכב חשמלי/היברידי | טרקטורים ומכונות ניידות | תיקון טרקטורונים | תיקון מלגזות הרמה,פינשטיין שרון | פיינשטין שרון
6221,מוסך ירדן - שותפות כללית,מוסך מורשה,מעוז חיים,ד.נ בית שאן,04-6064568,10845,540204682,10,מכונאות רכב בנזין | אוטוטק רכב קל | מכונאות רכב דיזל | מכונאות דיזל משאיות ואוטובוסים | תיקון אחזקת רכב חשמלי/היברידי | אישור כשירות לצמ ה ומכונה ניידת | טרקטורים ומכונות ניידות | תיקון טרקטורונים | תיקון מלגזות הרמה | שירות תיקון למזגן אויר לרכב,פאר ניר | פנחסי ניצן
6222,מוסך מסדה בע מ,מוסך מורשה,מסדה,עמק הירדן,04-6657282,15140,514892058,6,מכונאות רכב בנזין | מכונאות רכב דיזל | אישור כשירות לצמ ה ומכונה ניידת | טרקטורים ומכונות ניידות | תיקון טרקטורונים | תיקון מלגזות הרמה,שלש ואיל | ואיל שלש
6225,גבע א/ש מוסך הקיבוץ,מוסך מורשה,גבע,ד.נ.גלבוע,04-6535768,18915,570000380,6,אוטוטק רכב קל | תיקון אחזקת רכב חשמלי/היברידי | תיקון והחלפת צמיגים | טרקטורים ומכונות ניידות | תיקון טרקטורונים | תיקון מלגזות הרמה,ידין יורם
6236,מעיינות הזורע  א.ג.ש.ח בע מ מוסך,מוסך מורשה,הזורע,ד.נ.הזורע,04-9899133,36581,570040907,6,מכונאות רכב בנזין | מכונאות רכב דיזל | תיקון אחזקת רכב חשמלי/היברידי | טרקטורים ומכונות ניידות | תיקון טרקטורונים | תיקון מלגזות הרמה,אבו חאטום עלאא | מר מורי ערן
6237,כפר בלום א/ש מוסך הקיבוץ,מוסך רישוי לציוד חקלאי,כפר בלום,ד.נ גליל עליון,04-6948739,12150,570003715,8,מכונאות רכב בנזין | מכונאות רכב דיזל | בדיקות עשן ברכב דיזל | מוסך רישוי לציוד חקלאי | אישור כשירות לצמ ה ומכונה ניידת | טרקטורים ומכונות ניידות | תיקון טרקטורונים | תיקון מלגזות הרמה,פרסר רונן | פרסר  רונן
6238,אגד חברה לתחבורה בע מ,מוסך רישוי לשרות עצמי,חיפה,יהודה איתן 2,04-8781803,31086,516041118,15,מכונאות רכב דיזל | מכונאות דיזל משאיות ואוטובוסים | תיקון אחזקת רכב חשמלי/היברידי | חשמלאות רכב | תיקון מרכבי רכב | מסגרות רכב )תיקון ארגזים) | צבעות רכב | תחזוקה ובדיקת מערכת כיבוי אש באוטו' | תיקון מחוונים | בדיקות עשן ברכב דיזל | מוסך רישוי לשרות עצמי | רישום ורישוי לרכב חדש | תיקון וכוון מתלים ברכב | שירות תיקון למזגן אויר לרכב | תיקון וכיול טכוגרפים,שיבלי נג'יב | ארליך אילן | לשם אייל | גרוס אבראהים | ג'רוס אבראהים | לשם איל | חנוכה מאיר
6244,לביא א/ש - מוסך הקיבוץ,מוסך רישוי לציוד חקלאי,לביא,ד.נ.גליל תחתון,04-6799229,15267,570007781,12,מכונאות רכב בנזין | מכונאות רכב דיזל | תיקון אחזקת רכב חשמלי/היברידי | תיקון והחלפת צמיגים | מכונאות אופנועים וקטנועים | בדיקות עשן ברכב דיזל | מוסך רישוי לציוד חקלאי | אישור כשירות לצמ ה ומכונה ניידת | טרקטורים ומכונות ניידות | תיקון טרקטורונים | תיקון מלגזות הרמה | שירות תיקון למזגן אויר לרכב,סטרשנוב חן | מדרוני אמיר | חן סטרשנוב
6245,עין שמר א/ש מוסך הקיבוץ,מוסך מורשה,עין שמר,ד.נ.חפר,04-6374397,37845,570000836,4,מכונאות רכב בנזין | מכונאות רכב דיזל | טרקטורים ומכונות ניידות | תיקון מלגזות הרמה,יצחקי רז
6247,סאסא א/ש מוסך הקיבוץ,מוסך מורשה,סאסא,ד.נ.מרום הגליל,04-6988512,13870,570007575,8,מכונאות רכב בנזין | מכונאות רכב דיזל | תיקון אחזקת רכב חשמלי/היברידי | חשמלאות רכב | תיקון והחלפת צמיגים | טרקטורים ומכונות ניידות | תיקון מלגזות הרמה | שירות תיקון למזגן אויר לרכב,עיסא בוטרוס | רצבסקי אסף | בוטרוס עיסא
6251,חברת נמל חיפה בע מ מוסך חיפה,מוסך מורשה,חיפה,ת.ד.33539 נמל חיפה,04-8518519,31334,513569749,7,מכונאות רכב בנזין | מכונאות רכב דיזל | מכונאות דיזל משאיות ואוטובוסים | חשמלאות רכב | אישור כשירות לצמ ה ומכונה ניידת | טרקטורים ומכונות ניידות | תיקון מלגזות הרמה,לב ארי רן | שלוב אילן
6253,ניר אילן מוסך נמר למכונאות רכב,מוסך מורשה,רמת השופט,רמת השופט ד.נ רמת השופט,04-9898207,19238,,2,מכונאות רכב בנזין | מכונאות רכב דיזל,אילן ניר
6256,אחזקות בית אלפא אגש ח בע מ,מוסך מורשה,בית אלפא,ד.נ.גלבוע,04-6533046,19140,570044867,8,מכונאות רכב בנזין | מכונאות רכב דיזל | תיקון אחזקת רכב חשמלי/היברידי | תיקון והחלפת צמיגים | מכונאות אופנועים וקטנועים | טרקטורים ומכונות ניידות | תיקון טרקטורונים | תיקון מלגזות הרמה,סלע ארנון | חנון עומרי
6258,מוסך נעמה בע מ,מוסך מורשה,חיפה,ת.ד.978 יפו 128,04-8553392,35252,512070806,7,מכונאות רכב בנזין | מכונאות רכב דיזל | תיקון אחזקת רכב חשמלי/היברידי | חשמלאות רכב | תיקון מרכבי רכב | צבעות רכב | שירות תיקון למזגן אויר לרכב,נעמה אמיל | שאמי פלה
6260,מוסך שער העמקים בע מ,מוסך מורשה,שער העמקים,קבוץ שער עמקים,04-9839540,36588,516189719,7,מכונאות רכב בנזין | מכונאות רכב דיזל | תיקון אחזקת רכב חשמלי/היברידי | תיקון והחלפת צמיגים | טרקטורים ומכונות ניידות | תיקון טרקטורונים | תיקון מלגזות הרמה,אביב אמיל
6261,חקלאות מסילות אגש ח בע מ,מוסך מורשה,מסילות,ד.נ. גלבוע,04-6066299,19155,570045161,4,מכונאות רכב בנזין | מכונאות רכב דיזל | טרקטורים ומכונות ניידות | תיקון מלגזות הרמה,מן משה
6266,עברון בע מ מוסך הקיבוץ,מוסך מורשה,עברון,ד.נ.אשרת,04-9857082,25235,570003228,4,מכונאות רכב בנזין | מכונאות רכב דיזל | טרקטורים ומכונות ניידות | תיקון מלגזות הרמה,בן סידון גיורא
6270,און גל בע מ,מוסך מורשה,חיפה,חטיבת גולני 23,04-8530055,31019,510189525,5,מכונאות רכב בנזין | מכונאות רכב דיזל | תיקון אחזקת רכב חשמלי/היברידי | תיקון מרכבי רכב | צבעות רכב,נחמני אבי אליהו | אבי נחמני | חדאד מאזן
6286,עמרני עדי קאר בע מ,מוסך מורשה,זכרון יעקב,ת.ד.210 רח היין,04-6399213,30900,515711117,2,תיקון מרכבי רכב | צבעות רכב,פאדי  שלאעטה | שלאעטה פאדי
6291,צמח עמק הירדן (1990) בע מ,מכון רישוי,אפיקים,קיבוץ אפיקים,04-6736533,15148,511467193,2,בדיקות עשן ברכב דיזל | מכון רישוי-פתוח לשרות הציבור,עבוד סלאמה
6326,זוננברג דב מוסך יאב חיפה,מוסך מורשה,חיפה,אלנבי 44,04-8521813,33266,57870271,1,מכונאות אופנועים וקטנועים,זוננברג דב
6329,חולי משה - מוסך חולי לפחחות וצבע,מוסך מורשה,חיפה,תל אביב 7,04-8522686,35416,53995502,2,תיקון מרכבי רכב | צבעות רכב,חולי משה | מלב אחמאדי
6330,חסן חמוד אור הגליל,מוסך מורשה,עכו,ת.ד.2962 הגדוד 22 מ'3,04-9910433,24518,55769194,1,חשמלאות רכב,חמוד חסן
6342,מעגן מיכאל א/ש - מוסך,מוסך מורשה,מעגן מיכאל,ד.נ.חוף הכרמל,04-6394556,37805,570004515,5,מכונאות רכב בנזין | מכונאות רכב דיזל | תיקון אחזקת רכב חשמלי/היברידי | טרקטורים ומכונות ניידות | תיקון מלגזות הרמה,מסארווה מוחמד
6345,שדות ים בע מ מוסך הקיבוץ,מוסך מורשה,שדות ים,ד.נ. מנשה,04-6364322,38805,570035311,5,מכונאות רכב בנזין | מכונאות רכב דיזל | תיקון אחזקת רכב חשמלי/היברידי | תיקון מרכבי רכב | צבעות רכב,עתאמנה מהנד | מוהנד עתאמנה | אשרף גבארין
6347,בחן מכון ומוסך לרכב בע מ,מכון רישוי,חיפה,רח אדיסון 11,04-8722401,32960,511253973,2,בדיקות עשן ברכב דיזל | מכון רישוי-פתוח לשרות הציבור,עואד שחאדה
6351,קורולוס עוקל - עוקל עבדאללה,מוסך מורשה,שפרעם,ת.ד.6 תאופיק זייד 10,04-9868745,20200,20365755,3,מכונאות רכב בנזין | מכונאות רכב דיזל | חידוש ושיפוץ מנועים,עוקל עבדאללה
6359,מוסך אדי באסם מזאוי בע מ,מוסך מורשה,חיפה,רח תל אביב 14   ת.ד. 138,04-8522368,31001,512397134,2,תיקון מרכבי רכב | צבעות רכב,מאזוי אדוארד
6366,גאנית עזאם מוסך פיליפ,מוסך מורשה,חיפה,שד ההסתדרות 164,052-8023485,32960,20583910,2,מכונאות רכב בנזין | מכונאות רכב דיזל,עזאם זאהר
6378,דיוק הידראוליקה א.ג.ש.ח.בע מ,מוסך מורשה,מחניים,ד.נ. גליל עליון,04-6933333,12315,570038828,6,מכונאות רכב בנזין | מכונאות רכב דיזל | מכונאות דיזל משאיות ואוטובוסים | שיפוץ מכללי בלמים | רפידות ותופי בלם | תיקון תיבות הילוכים אוטומטיות,אליהו צרויה | אליהו צוריה
6387,עין חרוד אח'2002 אגש ח בע מ,מוסך מורשה,עין חרוד (איחוד),עין חרוד איחוד,04-6531590,18960,55765606,5,מכונאות רכב בנזין | מכונאות רכב דיזל | טרקטורים ומכונות ניידות | תיקון טרקטורונים | תיקון מלגזות הרמה,צימרמן שי
6414,דויטש צבי  מוסך דויטש,מוסך מורשה,קריית שמונה,ת.ד 450 רח סיני,053-7782519,10200,41632688,1,אוטוטק רכב קל,פרץ גיא נועם
6428,אגד חברה לתחבורה בע מ,מוסך מורשה,קריית שמונה,רח טשרניחובסקי,04-6818222,10200,516041118,4,אוטוטק רכב קל | מכונאות דיזל משאיות ואוטובוסים | מכונאות רכב גפ מ | תחזוקה ובדיקת מערכת כיבוי אש באוטו',ח'יר מחמד
6441,עמית שירות התקר 2006 בע מ,מוסך מורשה,חיפה,רח יפו 129,04-8535333,35251,513547646,1,תיקון והחלפת צמיגים,ג'רוש ג'יריס
6455,עביד ח'ליל מוסך עבוד חליל,מוסך מורשה,עכו,רח הגדוד 3/22,04-9911055,24516,28258176,3,מכונאות רכב בנזין | מכונאות רכב דיזל | תיקון וכוון מתלים ברכב,עביד ח'ליל
6459,ג.ב.טורס בע מ,מוסך מורשה,נצרת,רחוב תופיק זיאד 8,04-6571007,16000,510016150,4,מכונאות רכב בנזין | מכונאות רכב דיזל | מכונאות דיזל משאיות ואוטובוסים | תחזוקה ובדיקת מערכת כיבוי אש באוטו',שאמא ראיד
6472,צמיגי עקיבא בע מ,מוסך מורשה,זכרון יעקב,שד נילי 4 ת.דלק,04-6391019,35500,515730166,2,תיקון והחלפת צמיגים | תיקון וכוון מתלים ברכב,ג'מאל מוחמד נז | ראביי ראול אלב
6475,קשר רנט - א- קאר בע מ,מוסך מורשה,חיפה,שד ההסתדרות 150,04-8402121,32960,520039876,5,מכונאות רכב בנזין | מכונאות רכב דיזל | תיקון אחזקת רכב חשמלי/היברידי | תיקון מרכבי רכב | צבעות רכב,עוסמאן עוסמאן | שאהין נסרי
6497,מוסך בית השיטה בע מ,מוסך מורשה,בית השיטה,ד.נ. בית השיטה,04-6536546,18910,515568145,3,מכונאות רכב בנזין | מכונאות רכב דיזל | תיקון אחזקת רכב חשמלי/היברידי,עומרי יוסף
6511,נ.פלדמן ובנו בע מ,מוסך רישוי לרכב חדש,חיפה,יוסף לוי 15 ת.ד.10139,04-8471222,26111,520037359,4,אישור כשירות לצמ ה ומכונה ניידת | רישום ראשוני לרכב חדש | טרקטורים ומכונות ניידות | תיקון מלגזות הרמה,סיקורל יוסף | טועמה גובראן
6513,נכד סעיד - מכון דיזלים מפרץ,מוסך מורשה,חיפה,רח השיש 21,04-8727111,26292,56293285,1,תיקון משאבות ומתזים לדיזל,נכד סעיד
6516,לאון אדואר קפיצי נצרת,מוסך מורשה,נצרת,רחוב מסלק 206 תאופיק זיאד,04-6551117,16000,,1,תיקון קפיצים ברכב מנועי,לאון אדואר
6522,מוסך מילאד בדיע יוסף בע מ,מוסך מורשה,חיפה,תל אביב 14,053-7791827,35412,515571818,2,תיקון מרכבי רכב | צבעות רכב,אליאס יוסף ריאד | אליאס רמזי
6532,מכון רישוי אוטו טסט בע מ,מכון רישוי,חיפה,רח אדיסון 7,04-8724330,32960,516727385,6,בדיקות עשן ברכב דיזל | בדיקות-רכב )קניה ומכירה) | מכון רישוי-פתוח לשרות הציבור | רישום ראשוני לרכב חדש | תיקון וכוון מתלים ברכב | בדיקת רכב לאחר תאונה,לוי מרדכי | ח'לאילה יאסר
6534,האחים נאג'ר בע מ,מוסך מורשה,חיפה,שד ההסתדרות 31,04-8415636,32960,511211526,5,מכונאות רכב בנזין | מכונאות רכב דיזל | תיקון אחזקת רכב חשמלי/היברידי | תיקון מרכבי רכב | צבעות רכב,נגאר סימון | נאגר בשארה | נאגר יעקוב
6541,עין הנציב - מוסך הקיבוץ,מוסך מורשה,עין הנצי ב,ד.נ. בית שאן,04-6582955,10805,570003731,4,מכונאות רכב בנזין | מכונאות רכב דיזל | טרקטורים ומכונות ניידות | תיקון מלגזות הרמה,שנער אחינעם | שנער אחינועם
6544,טירת צבי א/ש מוסך הקיבוץ,מוסך מורשה,טירת צבי,ד.נ.עמק בית שאן,050-7279396,10185,570025278,5,מכונאות רכב בנזין | מכונאות רכב דיזל | טרקטורים ומכונות ניידות | תיקון טרקטורונים | תיקון מלגזות הרמה,וולפמן ישי
6545,עבוד עאוני פחחות רכב מוסך השלושה,מוסך מורשה,נצרת,אלמידאן 36/114 ת.ד.8233,04-6577444,16000,57011595,2,תיקון מרכבי רכב | צבעות רכב,עבוד אעוני | אסבניולי עזיז
6553,כנרת א/ש מוסך הקיבוץ,מוסך מורשה,כנרת (קבוצה),ד.נ.עמק הירדן,04-6759528,15118,570000471,8,מכונאות רכב בנזין | מכונאות רכב דיזל | תיקון אחזקת רכב חשמלי/היברידי | תיקון והחלפת צמיגים | טרקטורים ומכונות ניידות | תיקון טרקטורונים | תיקון מלגזות הרמה | שירות תיקון למזגן אויר לרכב,יובל מלכה | מלכה יובל
6555,ש.א. מוסך שריד בע מ,מוסך מורשה,שריד,ד.נ. עמק יזרעאל,04-6507129,36589,516510518,5,מכונאות רכב בנזין | מכונאות רכב דיזל | טרקטורים ומכונות ניידות | תיקון טרקטורונים | תיקון מלגזות הרמה,אסטריכר  שרון | אסטריכר שרון
6559,שדה אליהו א/ש מוסך הקיבוץ,מוסך מורשה,שדה אליהו,ד.נ.עמק בית-שאן,04-6096519,10810,570003400,3,מכונאות רכב בנזין | מכונאות רכב דיזל | תיקון אחזקת רכב חשמלי/היברידי,רונן שפי
6560,מולדת אחזקות בע מ,מוסך רישוי לציוד חקלאי,מולדת,ד.נ.גלבוע,04-6511121,19130,570039081,8,אוטוטק רכב קל | תיקון אחזקת רכב חשמלי/היברידי | תיקון והחלפת צמיגים | בדיקות עשן ברכב דיזל | מוסך רישוי לציוד חקלאי | אישור כשירות לצמ ה ומכונה ניידת | טרקטורים ומכונות ניידות | תיקון מלגזות הרמה,זועבי עמאד | בכנר יובל | יובל בכנר
6561,עמית שניר מוסך עמית,מוסך מורשה,חמדיה,ד.נ.עמק בית שאן,04-6589823,10855,,4,מכונאות רכב בנזין | מכונאות רכב דיזל | טרקטורים ומכונות ניידות | תיקון מלגזות הרמה,שניר עמית
6565,א.מ.מוקד הרכב חיפה בע מ,מוסך מורשה,חיפה,שד ההסתדרות 23 ת.ד.1575,04-8404219,31015,511074650,2,תיקון מרכבי רכב | צבעות רכב,ראביי פליקס
6567,מוסך אחזקות קבוץ יזרעאל א/ש,מוסך מורשה,יזרעאל,ד.נ.יזרעאל,04-6598260,19350,570044404,7,מכונאות רכב בנזין | מכונאות רכב דיזל | מכונאות רכב גפ מ | תיקון אחזקת רכב חשמלי/היברידי | אישור כשירות לצמ ה ומכונה ניידת | טרקטורים ומכונות ניידות | תיקון מלגזות הרמה,מזרחי משה
6569,מוסך בשארה ובניו בעמ,מוסך מורשה,ראמה,ראמה   ת.ד  84,04-9987085,30055,511341851,2,מכונאות רכב בנזין | מכונאות רכב דיזל,מנסור ג'מאל
6571,קקון מרדכי  מ.מימונה פחחות וצבע,מוסך מורשה,טבריה,מרכז מלאכה,04-6721068,24100,22099329,2,תיקון מרכבי רכב | צבעות רכב,קקון מרדכי | חאיכ מישיל
6574,מוסך וינה,מוסך מורשה,חיפה,שד ההסתדרות 154,04-8721540,32960,35281104,2,תיקון מרכבי רכב | צבעות רכב,עודיה סמיר | עובדיה בולוס
6580,אל צ אגודה שיתופית בע מ,מוסך מורשה,תל יוסף,ת.ד.11 ד.נ.גלבוע,04-6531054,19134,570016576,2,טרקטורים ומכונות ניידות | תיקון מלגזות הרמה,זיידל תומר
6586,מרכז שירות הבונים בע מ,מוסך מורשה,חיפה,תל אביב 20,04-8414133,35415,511122384,6,מכונאות רכב בנזין | מכונאות רכב דיזל | תיקון אחזקת רכב חשמלי/היברידי | תיקון מרכבי רכב | צבעות רכב | שירות תיקון למזגן אויר לרכב,נגאר גורג | נג'אר ג'ורג' | נגאר זוהיר | חורייה אכרם
6590,טן אלווין בע מ    דראושה פואד,מוסך מורשה,גיניגר,ד.נ.גניגר,04-6549126,35053,516916780,7,מכונאות רכב בנזין | מכונאות רכב דיזל | תיקון והחלפת צמיגים | אישור כשירות לצמ ה ומכונה ניידת | טרקטורים ומכונות ניידות | תיקון טרקטורונים | תיקון מלגזות הרמה,דראושה פואד
6595,ג.א. עמיר שירותי רכב בע מ,מוסך מורשה,עמיר,ד.נ. גליל עליון,04-6954575,12140,516750593,3,מכונאות רכב בנזין | מכונאות רכב דיזל | חשמלאות רכב,ג'יליאן ג'ורג'
6596,מוסך אחים זינה בע מ,מוסך מורשה,שבי ציון,ד.נ.ג.מערבי,04-9523040,25227,513352161,7,מכונאות רכב בנזין | מכונאות רכב דיזל | תיקון מרכבי רכב | צבעות רכב | תיקון והחלפת צמיגים | טרקטורים ומכונות ניידות | תיקון מלגזות הרמה,פורת אורן | סקר סלימאן
6597,ג'רוס סרור מוסך לטרקטורים,מוסך מורשה,אושה,ד.נ. כפר המכבי,04-8458588,30031,,4,תיקון והחלפת צמיגים | אישור כשירות לצמ ה ומכונה ניידת | טרקטורים ומכונות ניידות | תיקון מלגזות הרמה,זבולוני מרדכי | ג'רוס סרור
6602,ניר עציון בע מ,מוסך מורשה,ניר עציון,ד.נ.חוף כרמל,04-9942545,30808,570009019,5,מכונאות רכב בנזין | מכונאות רכב דיזל | טרקטורים ומכונות ניידות | תיקון טרקטורונים | תיקון מלגזות הרמה,בן ארי ראובן
6608,מוסך הסוללים בע מ,מוסך מורשה,הסוללים,דואר נצרת,04-6406519,17905,513033654,4,מכונאות רכב בנזין | מכונאות רכב דיזל | תיקון אחזקת רכב חשמלי/היברידי | תיקון וכוון מתלים ברכב,מילול גיל
6609,יזמויות גונן אגש ח בע מ,מוסך מורשה,גונן,ד.נ.גליל עליון,04-6951401,12130,570044818,7,מכונאות רכב בנזין | מכונאות רכב דיזל | מכונאות רכב גפ מ | תיקון והחלפת צמיגים | טרקטורים ומכונות ניידות | תיקון טרקטורונים | תיקון מלגזות הרמה,שחרור נחום | מצא צבי
6616,ברעם א/ש מוסך הקיבוץ,מוסך מורשה,ברעם,ד.נ. מרום הגליל,04-6988145,13860,570007971,8,מכונאות רכב בנזין | מכונאות רכב דיזל | תיקון אחזקת רכב חשמלי/היברידי | תיקון והחלפת צמיגים | טרקטורים ומכונות ניידות | תיקון מלגזות הרמה | תיקון וכוון מתלים ברכב | שירות תיקון למזגן אויר לרכב,סוויסה מאיר | רויטפרב משה
6623,קלוסקי זאב מוסך קלוסקי,מוסך מורשה,עכו,ת.ד. 7247,04-9910768,24519,55295927,3,מכונאות רכב בנזין | מכונאות רכב דיזל | תיקון קפיצים ברכב מנועי,קלוסקי זאב
6625,סברי דניאל ובניו,מוסך מורשה,קריית שמונה,ת.ד 420 רח' יוסף יגר 6,04-6944292,10200,46792842,1,תיקון והחלפת צמיגים,דניאל סברי
6627,דליה בע מ מוסך הקיבוץ,מוסך רישוי לציוד חקלאי,דלייה,ד.נ.דליה,04-9897193,19239,570002212,11,מכונאות רכב בנזין | אוטוטק רכב קל | מכונאות רכב דיזל | תיקון אחזקת רכב חשמלי/היברידי | תיקון והחלפת צמיגים | מוסך רישוי לציוד חקלאי | אישור כשירות לצמ ה ומכונה ניידת | טרקטורים ומכונות ניידות | תיקון טרקטורונים | תיקון מלגזות הרמה | שירות תיקון למזגן אויר לרכב,רום עמי | מרכוס חן
6633,זרם הגליל עכו בע מ,מוסך מורשה,עכו,ת.ד.2799 הגדוד 22,04-9913906,24518,510869118,2,חשמלאות רכב | שירות תיקון למזגן אויר לרכב,זיגלמן יובל
6637,מוסך מישל בע מ,מוסך מורשה,חיפה,ת.ד.25010 מקלף 16 צ'ק פוסט,04-8419613,32952,511033631,8,מכונאות רכב בנזין | מכונאות רכב דיזל | תיקון אחזקת רכב חשמלי/היברידי | חשמלאות רכב | תיקון מרכבי רכב | צבעות רכב | תיקון מלגזות הרמה | שירות תיקון למזגן אויר לרכב,תותרי קלופא | תותרי עיסאם | תותרי מישל
6641,ארבל אבינועם  יעדים מגל,מוסך מורשה,מגל,ד.נ.חפר,052-5017295,38845,,6,מכונאות רכב בנזין | מכונאות רכב דיזל | תיקון והחלפת צמיגים | טרקטורים ומכונות ניידות | תיקון טרקטורונים | תיקון מלגזות הרמה,אבינעם ארבל
6642,פרנסיס שפירו חיים אוטו - רם,מוסך מורשה,רמות מנשה,ד.נ.חבל מגידו קיבוץ רמות מנשה,054-6545273,19245,25144346,2,מכונאות רכב בנזין | מכונאות רכב דיזל,חיים פרנסיס
6646,מזרע א/ש מוסך הקיבוץ,מוסך מורשה,מזרע,ד.נ.מזרע עמק יזרעאל,04-6429771,19312,515353712,6,מכונאות רכב בנזין | מכונאות רכב דיזל | טרקטורים ומכונות ניידות | תיקון טרקטורונים | תיקון מלגזות הרמה | שירות תיקון למזגן אויר לרכב,אשל אוריאל
6647,ענאן שאהין  פנצ'ריית נתיבי דן,מוסך מורשה,מעיליא,ת.ד.1076 ת.דלק  דלק,04-9971903,25140,,1,תיקון והחלפת צמיגים,שאהין ענאן
6651,קיבוץ מצר שרותי רכב,מוסך מורשה,מצר,ד.נ.חפר,04-6387955,38820,557656139,10,מכונאות רכב בנזין | מכונאות רכב דיזל | תיקון אחזקת רכב חשמלי/היברידי | חשמלאות רכב | תיקון מרכבי רכב | צבעות רכב | אישור כשירות לצמ ה ומכונה ניידת | טרקטורים ומכונות ניידות | תיקון מלגזות הרמה | שירות תיקון למזגן אויר לרכב,חצב אברהם | ברא ס יובל | ברא ס יובל מנחם | יובל מנחם
6655,מוסך בשטח בע מ,מוסך מורשה,פרדס חנה,תדהר 10,04-6389329,37010,515770311,4,אישור כשירות לצמ ה ומכונה ניידת | טרקטורים ומכונות ניידות | תיקון טרקטורונים | תיקון מלגזות הרמה,גרין בועז
6667,תמיג שיווק צמיגים 2007 בע מ,מוסך מורשה,קריית ביאליק,א.ת ביאליק ת.ד1601,054-6664982,27116,540350949,1,תיקון והחלפת צמיגים,אבו זיד מוחמד
6668,אברהם צמיגי צימו ציק פוסט 1990,מוסך מורשה,נשר,תחנת דלק פז חוואסה,04-8212308,20302,55095517,1,תיקון והחלפת צמיגים,למברוזו אברהם
6672,רמת יוחנן אגש ח  מוסך הקבוץ,מוסך מורשה,רמת יוחנן,רמת יוחנן   ד.נ. כפר מכבי,04-8459232,30035,570001099,6,מכונאות רכב בנזין | מכונאות רכב דיזל | תיקון והחלפת צמיגים | אישור כשירות לצמ ה ומכונה ניידת | טרקטורים ומכונות ניידות | תיקון מלגזות הרמה,עכריה ראיף | דורון יפה | יפה דורון
6675,מוסך יו מוטורס חפציבה,מוסך מורשה,חפצי-בה,דנ גלבוע,04-6534371,19135,,2,מכונאות רכב בנזין | מכונאות רכב דיזל,לוי משה
6698,גראיסי עאוני,מוסך מורשה,עפולה,ת.ד.2922 קהילת ציון 4,04-6522576,18301,59425603,2,חשמלאות רכב | שירות תיקון למזגן אויר לרכב,גראיסי עאוני | ג'ראיסי עאוני
6700,דיזל עכו הרשקוביץ ובניו בע מ,מוסך מורשה,עכו,ת.ד.2561 א.תעשיה ברנשטיין,04-9911357,24104,511041881,5,מכונאות רכב בנזין | מכונאות רכב דיזל | מכונאות דיזל משאיות ואוטובוסים | חשמלאות רכב | שירות תיקון למזגן אויר לרכב,הרשקוביץ חיים
6703,מזרחי שמשון מוסך ראם,מוסך מורשה,מגידו,דואר נע חבל מגידו,04-9892050,19230,22693519,2,מכונאות רכב בנזין | מכונאות רכב דיזל,כילאני אחמד
6708,מ.מ מוסך אקספרס חדרה בע מ,מוסך מורשה,חדרה,יוסף מייזר 8 א.תעשיה,04-6333716,38131,516149051,2,תיקון מרכבי רכב | צבעות רכב,אבו מוך מואיד
6718,סעד סמיח מוסך,מוסך מורשה,נצרת,מסלק 206,04-6563384,16000,,1,חשמלאות רכב,סעד אסעד
6730,צמיגי דובינסקי 94 בע מ,מוסך מורשה,חיפה,רח ת א 12,04-8535018,35416,511956435,1,תיקון והחלפת צמיגים,עודה שאדי
6746,מרכז שרות לרכב עמיעד בע מ,מוסך מורשה,עמיעד,ד.נ.גליל עליון,04-6909580,12335,514213362,4,מכונאות רכב בנזין | מכונאות רכב דיזל | טרקטורים ומכונות ניידות | תיקון מלגזות הרמה,פלד עמוס
6750,מוסך התאומים בע מ,מוסך מורשה,נשר,המסילה 9,04-8214921,20302,514564426,2,מכונאות רכב בנזין | מכונאות רכב דיזל,גזינצקי צבי
6753,קדם סהר מוסך מושב הבונים,מוסך מורשה,הבונים,דנ חוף הכרמל,04-8207798,30845,,6,מכונאות רכב בנזין | מכונאות רכב דיזל | אישור כשירות לצמ ה ומכונה ניידת | טרקטורים ומכונות ניידות | תיקון טרקטורונים | תיקון מלגזות הרמה,קדם סהר
6755,רותם עמוס מוסך עמוס מטולה,מוסך מורשה,מטולה,אזור תעשיה תד'161,04-6944344,10292,,6,מכונאות רכב בנזין | מכונאות רכב דיזל | אישור כשירות לצמ ה ומכונה ניידת | טרקטורים ומכונות ניידות | תיקון טרקטורונים | תיקון מלגזות הרמה,עמוס מסעוד
6761,קבוצת הדרך הירוקה אגש ח בע מ,מוסך מורשה,גדות,ד.נ.גליל עליון 2,04-6939269,12325,570062174,4,מכונאות רכב בנזין | מכונאות רכב דיזל | טרקטורים ומכונות ניידות | תיקון מלגזות הרמה,הררי צפריר
6765,פנחס חן אליעזר - מוסך מיראז,מוסך מורשה,בנימינה-גבעת עדה*,ת.ד 109 הברוש 1,04-6388618,30500,53254389,2,מכונאות רכב בנזין | מכונאות רכב דיזל,חן אליעזר
6774,אבו אחמד מאזן - מוסך המלחים,מוסך מורשה,נצרת,רח תאופיק זיאד 43,052-5555208,16000,,2,תיקון רדיאטורים )מצננים) | תיקון צנורות פליטה ודודי עמם,אבו אחמד מאזן
6775,שאמא אילי צמיגי מילר,מוסך מורשה,קריית אתא,רח הדשנים 10,04-8728022,26294,,2,תיקון והחלפת צמיגים | תיקון וכוון מתלים ברכב,שאמא אילי
6779,מוסך מאיר פיניאן בע מ,מוסך מורשה,טבריה,רח י.לוי א.תעשיה,04-6720667,14246,516725553,2,מכונאות רכב בנזין | מכונאות רכב דיזל,זתוני משה
6795,גזית א/ש מוסך הקיבוץ,מוסך רישוי לציוד חקלאי,גזית,דנ עמק יזרעאל,04-6768827,19370,570006395,9,מכונאות רכב בנזין | מכונאות רכב דיזל | תיקון אחזקת רכב חשמלי/היברידי | בדיקות עשן ברכב דיזל | מוסך רישוי לציוד חקלאי | אישור כשירות לצמ ה ומכונה ניידת | טרקטורים ומכונות ניידות | תיקון טרקטורונים | תיקון מלגזות הרמה,סוסחא קובן | זועבי גסאן | סוסחא קובאן
6797,קליל עסקי רכב בע מ,מוסך מורשה,חדרה,ת.ד.2079 צהל 50,04-6323650,38380,511315202,4,אוטוטק רכב קל | תיקון אחזקת רכב חשמלי/היברידי | תיקון מרכבי רכב | צבעות רכב,וידבסקי אבישר
6798,נחמן כץ מוסך כפר הנשיא,מוסך מורשה,כפר הנשיא,ד.נ.גליל עליון,04-6914571,12305,570007108,2,מכונאות רכב בנזין | מכונאות רכב דיזל,כץ נחמן
6800,אוטו מוטר מוסך ברהום בע מ,מוסך מורשה,חיפה,רח יפו 154,04-8535064,35252,512965773,3,מכונאות רכב בנזין | מכונאות רכב דיזל | חשמלאות רכב,קוט כמאל | ברהום אדוארד
6801,חלבי חייר - צמיגי מוניר חלבי,מוסך מורשה,דאלית אל-כרמל,ת.דלק,04-8393965,30056,39959853,1,תיקון והחלפת צמיגים,חלבי מוניר
6809,דאוד מוריס ובניו בע מ,מוסך מורשה,קריית אתא,דרך חיפה 25 ת ד 532,04-8727043,28000,511417743,6,מכונאות רכב בנזין | מכונאות רכב דיזל | מכונאות דיזל משאיות ואוטובוסים | טרקטורים ומכונות ניידות | תיקון טרקטורונים | תיקון מלגזות הרמה,דאוד יוסף
6812,מרכז שרות חוף שמן חיפה בע מ,מוסך מורשה,חיפה,אופיר 62  *,04-8603222,31019,515425247,5,מכונאות רכב בנזין | מכונאות רכב דיזל | תיקון אחזקת רכב חשמלי/היברידי | תיקון מרכבי רכב | צבעות רכב,מקלשי רימון | בחוס ויסאם
6814,משרד הביטחון - רפאל,מוסך מורשה,קריית מוצקין,ת.ד.2250 חיפה,055-6642762,26100,520042185,8,מכונאות רכב בנזין | מכונאות רכב דיזל | מכונאות דיזל משאיות ואוטובוסים | תיקון אחזקת רכב חשמלי/היברידי | חשמלאות רכב | טרקטורים ומכונות ניידות | תיקון מלגזות הרמה | שירות תיקון למזגן אויר לרכב,גור שמוליק אודי
6816,מוסך דב רייכבך בע מ,מוסך מורשה,קריית שמונה,ת.ד.652 א.תעשיה דרומי,04-6940205,10200,511760647,6,מכונאות רכב בנזין | מכונאות רכב דיזל | תיקון אחזקת רכב חשמלי/היברידי | תיקון מרכבי רכב | צבעות רכב | תיקון וכוון מתלים ברכב,רייכבך אליאב | מטר רימון
6820,חברת נמל חיפה בע מ מוסך קישון,מוסך מורשה,חיפה,ת.ד.33539 מוסך קישון,04-8518111,31334,513569749,6,מכונאות רכב בנזין | מכונאות רכב דיזל | מכונאות דיזל משאיות ואוטובוסים | אישור כשירות לצמ ה ומכונה ניידת | טרקטורים ומכונות ניידות | תיקון מלגזות הרמה,פרטוש מורדכי
6842,אבו עטא גסאן מוסך אופל נצרת,מוסך מורשה,נצרת,רח' תופיק זיאד תד'6820,04-6556906,16000,,2,מכונאות רכב בנזין | מכונאות רכב דיזל,אבו עטא גסאן
6843,מוצניק שירותי רכב מע''מ,מוסך מורשה,קריית שמונה,רח' יוסף יגר  ת.ד. 999,04-6930940,10250,513778324,1,בדיקות-רכב )קניה ומכירה),מוצניק בנימין
6846,נחלה נאדר פחחות רכב חיפה,מוסך מורשה,חיפה,ההסתדרות 82,04-8412511,32960,,1,תיקון מרכבי רכב,נחלי קסיס חנא
6852,צמרת מוסך ושירותי רכב,מוסך מורשה,חיפה,שד ההסתדרות 37,04-8414929,36620,510581036,4,אוטוטק רכב קל | תיקון אחזקת רכב חשמלי/היברידי | תיקון מרכבי רכב | צבעות רכב,פלד הדר נתן | אבו רחמה אסעד
6854,גריפאת פאיז-סעאידה עאדל טופ גיר,מוסך מורשה,רמת דוד,רמת דוד,04-6549978,30093,29117496,2,מכונאות רכב בנזין | מכונאות רכב דיזל,סעאידה עאדל
6857,כולמוביל בע מ,מוסך מורשה,חיפה,חירם 15 תד'243 חוף שמן,04-8614111,31002,510242670,7,מכונאות רכב בנזין | מכונאות רכב דיזל | מכונאות דיזל משאיות ואוטובוסים | חשמלאות רכב | תיקון מרכבי רכב | צבעות רכב | שירות תיקון למזגן אויר לרכב,אנטון נג'יב | דיכ האני | מרגיה אוסאמה
6860,מוסך האחים קמחי בע מ,מוסך מורשה,חיפה,צ'יק פוסט חיפה  ההסתדרות 79,04-8729742,31252,512877580,3,מכונאות רכב בנזין | מכונאות רכב דיזל | מכונאות דיזל משאיות ואוטובוסים,קמחי שבתאי
6865,קוטסנדי גנטוס ובניו בע מ,מוסך מורשה,עכו,הגדוד 22 / 4,04-9910782,24518,511144040,1,תיקון והחלפת צמיגים,גנטוס פאדי
6866,מוסך סובארו עוטור מוחמד.,מוסך מורשה,עכו,רח הגדוד 22,04-9911850,24518,20720090,2,מכונאות רכב בנזין | מכונאות רכב דיזל,עוטור מוחמד
6881,קליינברג זאב - עוצמת אור,מוסך מורשה,חיפה,לבונטין 1,04-8665639,33303,42980987,1,חשמלאות רכב,קליינברג זאב
6882,מוסך הצפון בע מ ג'ורג' והנרי,מוסך מורשה,נצרת,ת.ד'.50564 דרך עפולה נצרת,04-6085555,16000,511106528,6,מכונאות רכב בנזין | מכונאות רכב דיזל | תיקון אחזקת רכב חשמלי/היברידי | חשמלאות רכב | תיקון מרכבי רכב | צבעות רכב,דור זכי | דור סוהיל | פרח גריס
6883,רוזנר מאיר מוסך הקטנוע,מוסך מורשה,נהרייה,לוחמי הגיטאות 43 ביתן 6,04-9923616,22446,598854,2,תיקון והחלפת צמיגים | מכונאות אופנועים וקטנועים,רוזנר מאיר
6886,פרח עימאד פחחות רכב,מוסך מורשה,נצרת,אזור התעשיה,052-6799881,16000,,2,תיקון מרכבי רכב | צבעות רכב,פרח עימאד | מרשי ג'יריס
6893,מוסך החולה  2007  בע מ,מוסך מורשה,קריית שמונה,א.תעשיה דרומי ת.ד.265,04-6951711,10200,513920108,5,מכונאות רכב בנזין | מכונאות רכב דיזל | תיקון מרכבי רכב | צבעות רכב | תיקון וכוון מתלים ברכב,ג'ינו חיים
6894,מטיילי עירון בע מ,מוסך מורשה,חיפה,יוסף הלוי 10,04-8729686,26291,510570708,5,מכונאות רכב בנזין | מכונאות רכב דיזל | מכונאות דיזל משאיות ואוטובוסים | תיקון אחזקת רכב חשמלי/היברידי | שירות תיקון למזגן אויר לרכב,טובי ירון
6897,מטר עדנאן - צמיגים וחלפים,מוסך מורשה,נצרת,רח' המוסכים 206 א.תעשיה,054-4253897,16000,20545018,1,תיקון והחלפת צמיגים,מטר רג'א
6899,מ.זיתוני ובניו בע מ טבריה,מכון רישוי,טבריה,תד'282 אזור תעשיה,04-6726648,14102,512739848,6,בדיקות עשן ברכב דיזל | בדיקות-רכב )קניה ומכירה) | מכון רישוי-פתוח לשרות הציבור | רישום ראשוני לרכב חדש | תיקון וכוון מתלים ברכב | בדיקת רכב לאחר תאונה,סייד אחמד ראסם
6910,השלושה א.ד.)נצרת( בע מ,מוסך מורשה,נצרת,ת.ד.1602,04-6555404,16000,511731440,2,אוטוטק רכב קל | תיקון אחזקת רכב חשמלי/היברידי,אבו נאג'י שאדי
6919,ויסאם ריא - פנצריית ויסאם רייא,מוסך מורשה,קריית אתא,רח ביאליק 14,050-7109363,28000,25976754,1,תיקון והחלפת צמיגים,ריא ויסאם
6943,איטח גבי רכב קל צפון,מוסך מורשה,קריית מוצקין,זבוטינסקי 5/61,04-8719613,26330,7508757,1,תיקון והחלפת צמיגים,איטח גבי
6944,נ.א. צמיגים בע מ,מוסך מורשה,חדרה,קומבה 20,053-5436323,38131,516242849,1,תיקון והחלפת צמיגים,פטימה מאגד
6954,ש.גוטמן שירותי מוסך בעמ,מוסך מורשה,נהרייה,לוחמי הגיטאות 9,04-9920853,22447,511792319,5,מכונאות רכב בנזין | מכונאות רכב דיזל | תיקון אחזקת רכב חשמלי/היברידי | תיקון מרכבי רכב | צבעות רכב,גוטמן חיים | טוביא חוסאם
6971,ק.ס מוסך שבתאי שמר  בע מ,מוסך מורשה,חיפה,מרקוני 4,04-8411914,32960,513343244,7,מכונאות רכב בנזין | מכונאות רכב דיזל | תיקון אחזקת רכב חשמלי/היברידי | חשמלאות רכב | תיקון מרכבי רכב | צבעות רכב | שירות תיקון למזגן אויר לרכב,ח'אלדי דיאא
6973,המלטש בע מ,מוסך מורשה,קריית אתא,רח בצרי 2 עיר גנים,04-8412490,28000,510423536,3,מכונאות רכב בנזין | מכונאות רכב דיזל | רפידות ותופי בלם,בן זריהם ראובן
6980,מרכז שרות א.ברק בע מ,מוסך מורשה,חיפה,חלוצי תעשיה 6/ב,04-8722695,32960,514366624,8,מכונאות רכב בנזין | מכונאות רכב דיזל | חשמלאות רכב | מוסך  מומחה | תיקון מרכבי רכב | צבעות רכב | תיקון והחלפת צמיגים | תיקון וכוון מתלים ברכב,ברק אפרים | לוי שלמה | ברק אפריים | ברק אור
6983,עומר מסארוה מוסך עוזרי,מוסך מורשה,חדרה,רח קלאז 9,04-6332417,38364,28372597,2,מכונאות רכב בנזין | מכונאות רכב דיזל,מסארוה עומר
6989,מכון ומוסך המהנדסים בע מ,מוסך מורשה,עכו,ת.ד 2432 רח' המוסכים,04-9911888,24103,510701766,6,מכונאות רכב בנזין | מכונאות רכב דיזל | תיקון אחזקת רכב חשמלי/היברידי | תיקון מרכבי רכב | צבעות רכב | שירות תיקון למזגן אויר לרכב,דבאח סעיד | נעמה אחמד
6990,בולוס ג'יריס מוסך קרוזר למכונאות,מוסך מורשה,חיפה,שד ההסתדרות 104,04-8410959,32960,,2,מכונאות רכב בנזין | מכונאות רכב דיזל,בולוס ג'ריס
6992,מוסך צלר בע מ,מוסך רישוי לציוד חקלאי,קריית שמונה,רשות החולה ד.נ.גליל עליון,04-6997079,12200,513818070,5,בדיקות עשן ברכב דיזל | מוסך רישוי לציוד חקלאי | אישור כשירות לצמ ה ומכונה ניידת | טרקטורים ומכונות ניידות | תיקון מלגזות הרמה,צלר ארנסט
7009,חוסאם את חוסאם בע מ,מוסך מורשה,עפולה,ת.ד.2982 שד' רבין-מול ב ח העמק,04-6420244,18102,513430124,2,מכונאות רכב בנזין | מכונאות רכב דיזל,מחדון חיים
7020,מוסך מורג שרותי רכב בע מ,מוסך מורשה,נהרייה,ת.ד.8531,04-9827308,22120,511114464,6,מכונאות רכב בנזין | מכונאות רכב דיזל | תיקון אחזקת רכב חשמלי/היברידי | אוטוטק מרכבי רכב וצביעתם +מסגרות | תיקון וכוון מתלים ברכב | שירות תיקון למזגן אויר לרכב,אבו ח'ליל יאסר
7022,חילף מוסך נאמן בע מ,מוסך מורשה,חיפה,רח' האשלג 14,04-8417509,26110,514580547,7,מכונאות רכב בנזין | מכונאות רכב דיזל | תיקון מרכבי רכב | צבעות רכב | תיקון והחלפת צמיגים | תיקון וכוון מתלים ברכב | בדיקת רכב לאחר תאונה,חילף גמאל | אבו עולא אחמד | חילף ג'מאל
7027,ר.מ. דלפי בע מ,מוסך מורשה,קריית שמונה,ת.ד.774 אזור תעשיה דרומי,052-8365359,10200,514472547,1,תיקון והחלפת צמיגים,דניאל רונן
7030,מוסך חושי בע מ,מוסך מורשה,חיפה,רח המוסכים 37,04-8417156,32960,51109940,6,מכונאות רכב בנזין | מכונאות רכב דיזל | מכונאות דיזל משאיות ואוטובוסים | תיקון והחלפת צמיגים | תיקון וכוון מתלים ברכב | בדיקת רכב לאחר תאונה,בן יוסף גבריאל | מושקוביץ אדיק
7032,אדריס באסל  מוסך אדריס,מוסך מורשה,עפולה,קהילת ציון א.תעשיה,04-6596246,18301,32618464,2,מכונאות רכב בנזין | מכונאות רכב דיזל,זועבי ואקד
7060,יוסף יפרח   מוסך אמינות,מוסך מורשה,צפת,רח' הפלמח 55 צפת,04-6826664,13221,53223731,3,מכונאות רכב בנזין | מכונאות רכב דיזל | חשמלאות רכב,המאירי שלמה | יפרח יוסף
7075,סאפיה בולוס מוסך,מוסך מורשה,חיפה,רח חלץ 8,04-8627382,32950,35146794,2,תיקון מרכבי רכב | צבעות רכב,סאפיה גאלב
7076,פדל גנאים מוסך פדל,מוסך מורשה,באקה אל-גרביה,בקה אל גרביה,04-6281905,30100,21153374,1,מכונאות רכב בנזין,פדל חסן
7080,פלדי בועז - מוסך,מוסך מורשה,היוגב,מושב היוגב,04-9891542,19232,22225627,5,מכונאות רכב בנזין | מכונאות רכב דיזל | טרקטורים ומכונות ניידות | תיקון טרקטורונים | תיקון מלגזות הרמה,פלדי בועז
7081,ציוד בע מ,מוסך מורשה,חיפה,אלכסנדר בל 26,04-8414999,26111,51016467,3,אישור כשירות לצמ ה ומכונה ניידת | טרקטורים ומכונות ניידות | תיקון מלגזות הרמה,סובל דן
7082,ברהום נביל חשמלאות רכב חיפה,מוסך מורשה,חיפה,רח המוסכים 33,04-8740921,32960,,2,חשמלאות רכב | שירות תיקון למזגן אויר לרכב,ברהום נביל
7085,פרחאת זין אל כמאל מכון רישוי,מכון רישוי,מסעדה,ד.נ.רמת הגולן,04-6981192,12435,80928484,2,בדיקות עשן ברכב דיזל | מכון רישוי-פתוח לשרות הציבור,פרחאת סולטאן
7096,טרקטורים וציוד )אי.טי.אי(בע מ,מוסך מורשה,קריית ביאליק,רח החרושת 25 ת.ד.1191,04-8787444,26100,512994054,8,מכונאות רכב בנזין | מכונאות רכב דיזל | מכונאות דיזל משאיות ואוטובוסים | חשמלאות רכב | אישור כשירות לצמ ה ומכונה ניידת | טרקטורים ומכונות ניידות | תיקון מלגזות הרמה | שירות תיקון למזגן אויר לרכב,קרת רון | גריברג  מרק | גרינברג מארק
7102,מכשירי תנועה ומשאיות שות' מוגבלת,מוסך מורשה,חיפה,הדגן 13,04-8493855,26294,550243356,7,מכונאות רכב בנזין | מכונאות רכב דיזל | מכונאות דיזל משאיות ואוטובוסים | תיקון אחזקת רכב חשמלי/היברידי | חשמלאות רכב | אוטוטק מרכבי רכב וצביעתם | שירות תיקון למזגן אויר לרכב,סויסה יצחק | דהן שלמה | כהן דוד שי
7104,כהן  אברהם - מוסך ע ש עמנואל,מוסך מורשה,חיפה,ת.ד.10774 י.לוי 9/7,04-8722782,26110,,4,מכונאות רכב בנזין | מכונאות רכב דיזל | תיקון מרכבי רכב | צבעות רכב,כהן אברהם | ארמלי סאמר
7113,חליל מוניר ומחמוד מוסך,מוסך מורשה,עכו,ת.ד. 1129 רח' הגדוד 22,04-9912507,24518,23486814,2,תיקון מרכבי רכב | צבעות רכב,ח'ליל מוניר
7117,מכון צפורי רשיד בע מ נצרת,מכון רישוי,נצרת,א.תעשייה -ת ד 2318,04-6572222,16000,513348524,2,בדיקות עשן ברכב דיזל | מכון רישוי-פתוח לשרות הציבור,ג'ריס חביב
7124,מוסך נאסר מישעל,מוסך מורשה,קריית אתא,ת.ד 611 קרן היסוד,04-8724616,28000,2037083,3,מכונאות רכב בנזין | אוטוטק רכב קל | מכונאות רכב דיזל,מישעל נאסר | משיעל סאמר
7126,מוסך ג - ד ג'ורג' חוף שמן בע מ,מוסך מורשה,חיפה,רח אופיר 33 א.תעשיה חוף שמן,04-8625451,32325,515377562,2,תיקון מרכבי רכב | צבעות רכב,דבאג ג'ורג'
7138,שירותי רכב רוממה,מוסך מורשה,חיפה,יוליוס סימון 49,04-8419181,26248,5388046,2,מכונאות רכב בנזין | מכונאות רכב דיזל,צברי יצחק
7144,ליבוביץ יובל טרקטורים ומלגזות,מוסך מורשה,נהלל,ב ס חקלאי ויצו,050-7809063,10600,27748094,4,אישור כשירות לצמ ה ומכונה ניידת | טרקטורים ומכונות ניידות | תיקון טרקטורונים | תיקון מלגזות הרמה,ליבוביץ יובל
7148,אלטמרק זאב - מוסך,מוסך מורשה,חיפה,יוליוס סימון 58,04-8418852,26248,50632231,2,מכונאות רכב בנזין | מכונאות רכב דיזל,אלטמרק יניב
7151,אטיאס ציון מוסך ציון למכונאות,מוסך מורשה,קריית אתא,דרך חיפה 6 תד'892 א.תעשיה,04-8407474,28000,,2,מכונאות רכב בנזין | מכונאות רכב דיזל,אטיאס ציון
7166,זהראן מונעם - ברק המפרץ,מוסך מורשה,קריית אתא,רח קרן היסוד,04-8724818,28000,23467855,2,חשמלאות רכב | שירות תיקון למזגן אויר לרכב,זהראן מונעם | גביש נינו
7172,מוסך בן משה עובדיה ובניו בע מ,מוסך מורשה,עפולה,רח קהילת ציון18,052-6527834,18000,512290172,6,מכונאות רכב בנזין | מכונאות רכב דיזל | תיקון אחזקת רכב חשמלי/היברידי | תיקון מרכבי רכב | צבעות רכב | שירות תיקון למזגן אויר לרכב,עקיבא יחזקאל | אבו רביע שמואל | בן משה דרור
7177,מוסך חרמון 2002 בע מ,מוסך מורשה,קריית שמונה,א.תעשיה דרומי,04-6949778,10200,513343129,3,מכונאות רכב בנזין | מכונאות רכב דיזל | טרקטורים ומכונות ניידות,סבג יצחק | בחרק שלמה
7181,היתם מאי - מוסך הגליל,מוסך מורשה,נהרייה,הניירטה סולד 1,04-9517055,22447,25821182,2,מכונאות רכב בנזין | מכונאות רכב דיזל,זיני מוחמד
7184,חמדוני ראיד המוסך שלי,מוסך מורשה,חיפה,שלמה בן יוסף 4,04-8413165,32960,,2,מכונאות רכב בנזין | מכונאות רכב דיזל,שטיין אברהם יש
7186,אדלמן אריה - מכונאות רכב,מוסך מורשה,קריית אתא,דרך חיפה 6,04-8720944,28000,65272205,2,מכונאות רכב בנזין | מכונאות רכב דיזל,אדלמן אריה
7187,מכנו אור בע מ,מוסך מורשה,חיפה,ת.ד.10180 דרך האיצטדיון 23,04-8411444,26100,511099566,2,חשמלאות רכב | שירות תיקון למזגן אויר לרכב,גרשון שמואל
7188,גשר כרמיאל בע מ,מוסך מורשה,כרמיאל,ת.ד. 1202  רח' האופן 11,04-9886640,21661,512832270,4,אוטוטק רכב קל | תיקון אחזקת רכב חשמלי/היברידי | תיקון מרכבי רכב | צבעות רכב,אסולין מאיר
7204,שמיר מוטי חשמלאות רכב פרדס חנה,מוסך מורשה,פרדס חנה-כרכור,ע י מכון רישוי ת.ד.1024,04-6370347,37000,42945303,1,חשמלאות רכב,שמיר מוטי
7211,יהודה מלגזות ובניו בע מ,מוסך מורשה,קריית ביאליק,המלאכה 10/3 א.תעשיה,04-8765913,27000,512581422,4,אישור כשירות לצמ ה ומכונה ניידת | טרקטורים ומכונות ניידות | תיקון טרקטורונים | תיקון מלגזות הרמה,קטלן יהודה
7217,קרסו מוטורס בע מ,מוסך מורשה,חיפה,שד'ההסתדרות 163 תד' 20013,04-8472233,32960,514065283,7,מכונאות רכב בנזין | מכונאות רכב דיזל | תיקון אחזקת רכב חשמלי/היברידי | חשמלאות רכב | תיקון מרכבי רכב | צבעות רכב | שירות תיקון למזגן אויר לרכב,גירשסון יעקב | אשכנזי יוסף | אבו שאח דהוד
7222,מוסך ישראל שליין ובניו בע מ,מוסך מורשה,קריית ביאליק,תד 1166 רח' יוסף לוי 32,04-8761438,21600,511633828,5,אוטוטק רכב קל | תיקון אחזקת רכב חשמלי/היברידי | תיקון מרכבי רכב | צבעות רכב | תיקון וכוון מתלים ברכב,קימן עידן | שליין מאיר
7224,אחים דעים בע מ,מוסך מורשה,שפרעם,ת.ד. 459 סונול עדוויה,04-9860325,20200,510983935,1,תיקון והחלפת צמיגים,דעים חנא
7225,טכנו טסט שרותי רכב בע מ,מכון רישוי,טירת כרמל,רחוב העוצמה 11 תד'164 אזה ת,04-8572304,30200,511314320,4,בדיקות עשן ברכב דיזל | בדיקות-רכב )קניה ומכירה) | מכון רישוי-פתוח לשרות הציבור | תיקון וכוון מתלים ברכב,מוחסן נאדר
7229,פיק לסלו,מוסך מורשה,מגדל העמק,בתחנת סונול,04-6546052,10500,14709851,2,חשמלאות רכב | שירות תיקון למזגן אויר לרכב,לסלו פיק
7232,מוסך סירג חדאד ובניו בע מ,מוסך מורשה,חיפה,רח טובים 33 חוף שמן,04-8626074,32235,516444288,2,מכונאות רכב בנזין | מכונאות רכב דיזל,ואכד אחמד
7243,טסט קל 1993 בע מ,מוסך רישוי לרכב בטיפול המוסך,טירת כרמל,רח' הלחי 2 א.תעשיה,04-8571666,30200,511775272,7,מכונאות רכב בנזין | מכונאות רכב דיזל | תיקון מרכבי רכב | צבעות רכב | בדיקות עשן ברכב דיזל | בדיקות-רכב )קניה ומכירה) | רישוי לרכב בטיפול המוסך בלבד,חזן סמי | אשרף גבארין
7258,חגאזי רסלאן מוסך אדם,מוסך מורשה,חיפה,י.לוי 5 מפרץ חיפה,054-4617479,26260,23302961,1,תיקון מרכבי רכב,חגאג' רסלאן
7259,הודא עסלי - תחנת דלק  דלק,מוסך מורשה,אום אל-פחם,ת.דלק דור כניסה ראשית,04-6313519,30010,52399110,1,תיקון והחלפת צמיגים,רפקי עסלי
7265,מוסך זיוד נאיף,מוסך מורשה,חיפה,האשלג 21,04-8723959,32960,,2,מכונאות רכב בנזין | מכונאות רכב דיזל,חוג'יראת מוחמד
7278,אחים פרטוש בע מ,מוסך מורשה,עכו,ת.ד.2802 עכו בלטימור,04-9018200,24103,511062408,5,אוטוטק רכב קל | תיקון אחזקת רכב חשמלי/היברידי | מסגרות רכב )תיקון ארגזים) | אוטוטק מרכבי רכב וצביעתם +מסגרות | תיקון וכוון מתלים ברכב,פרטוש סבן צחי | פרטוש אלי
7280,דרוש גורג חשמל עין דור,מוסך מורשה,חיפה,רח תל אביב 14,058-5707205,35412,,4,מכונאות רכב בנזין | מכונאות רכב דיזל | חשמלאות רכב | שירות תיקון למזגן אויר לרכב,עג'ינה מארון | דרוש ג'ורג'
7281,צמיגי א.ג.פ בע מ,מוסך מורשה,קריית אתא,דרך חיפה 18,04-8723979,28000,515237626,1,תיקון והחלפת צמיגים,חורי יוסף
7282,גיריס סמיר וג'ורג' חשמל רכב,מוסך מורשה,כפר יאסיף,א.תעשיה ת.ד. 989,04-9961260,24908,52432804,1,חשמלאות רכב,ג'יריס סמיר
7285,מוסך גולשמידט יהודה,מוסך רישוי לציוד חקלאי,שדמות דבורה,שדמות דבורה,04-6767253,15240,5613260,6,בדיקות עשן ברכב דיזל | מוסך רישוי לציוד חקלאי | אישור כשירות לצמ ה ומכונה ניידת | טרקטורים ומכונות ניידות | תיקון טרקטורונים | תיקון מלגזות הרמה,גולדשמידט יהודה
7291,ב.אמין מוטורס בע מ,מוסך מורשה,נשר,בר יהודה 116 ת ד 421,04-8215155,20302,513178814,5,מכונאות רכב בנזין | מכונאות רכב דיזל | תיקון אחזקת רכב חשמלי/היברידי | חשמלאות רכב | תיקון מרכבי רכב,בחוס גהאד | נופי שרבל | טורעני אליאס
7300,עימאד אל דין חסן מוסך שחאדה,מוסך מורשה,חיפה,ת.ד.10575 י.סימון 44,04-8415925,26248,59927723,2,מכונאות רכב בנזין | מכונאות רכב דיזל,חסן פואד
7305,פנצ'ריית מעיליא ח'ורי,מוסך מורשה,מעיליא,ת.ד.117 מתחם ת.דלק סונול,052-2690295,25140,,1,תיקון והחלפת צמיגים,ח'ורי מובדא
7320,ד ר מוטור שירותי רכב 2007 בע מ,מוסך מורשה,טבריה,רח' המלאכה  3 א.תעשיה,04-6726004,14115,513990291,3,מכונאות רכב בנזין | מכונאות רכב דיזל | שירות תיקון למזגן אויר לרכב,מדהלה איל
7337,צמיגי בני עבדאללה אבו סלאח,מוסך מורשה,סח'נין,ת.ד.8 מול המכללה הארצית,04-6741437,24950,28295442,3,תיקון רדיאטורים )מצננים) | תיקון צנורות פליטה ודודי עמם | תיקון והחלפת צמיגים,אבו סאלח חסין
7341,שרותי רכב מיכאלי יעקב ובניו,מוסך מורשה,גבעת עדה,גבעת עדה,04-6389292,37808,,6,אוטוטק רכב קל | תיקון והחלפת צמיגים | טרקטורים ומכונות ניידות | תיקון טרקטורונים | תיקון מלגזות הרמה | תיקון וכוון מתלים ברכב,מיכאלי אייל
7342,מוסך תל-חנן בע מ,מוסך מורשה,נשר,התעשיה 10 גוש 11220 חלקה 5,04-8200286,20302,511277923,4,מכונאות רכב בנזין | מכונאות רכב דיזל | תיקון אחזקת רכב חשמלי/היברידי | שירות תיקון למזגן אויר לרכב,מזריב סאמי | מזאריב סאמי | מזריב סמי
7356,רמת מגשימים מושב שיתופי - מוסך,מוסך מורשה,רמת מגשימים,ד.נ.רמת הגולן,06-6764478,12917,570020263,8,מכונאות רכב בנזין | מכונאות רכב דיזל | תיקון אחזקת רכב חשמלי/היברידי | חשמלאות רכב | טרקטורים ומכונות ניידות | תיקון טרקטורונים | תיקון מלגזות הרמה | שירות תיקון למזגן אויר לרכב,וויס יוסף | מתוסוב מנחם נתן | מתוסוב מנחם
7357,טסט בעכו בע מ,מכון רישוי,עכו,בורנשטיין 3 א.ת.דרום תד'3232,04-9916773,24103,511479891,5,בדיקות עשן ברכב דיזל | בדיקות-רכב )קניה ומכירה) | מכון רישוי-פתוח לשרות הציבור | תיקון וכוון מתלים ברכב | בדיקת רכב לאחר תאונה,חיז'ראן היתם
7358,אבו רגב אמין צמיגי אמין,מוסך מורשה,נצרת,דרך 101 ת ד 3197,04-6555649,16000,52539178,1,תיקון והחלפת צמיגים,אבו רגב אמין
7373,כרמל הדס מוסך סי,מוסך מורשה,חדרה,פרילנדר 12 ת ד 5676,050-7317274,38380,37643459,2,מכונאות רכב בנזין | מכונאות רכב דיזל,הדס כרמל
7376,גאזי ווליד אלקטרו חשמל,מוסך מורשה,נצרת,רח 1000 בית 37 א ת ד 3078,04-6576223,16000,35155670,1,חשמלאות רכב,גאזי ווליד
7378,חיים קרייסברג תיקון רדיאטורים,מוסך מורשה,חדרה,מנאי 27 א.תעשיה ישן,04-6333730,38101,51524833,2,תיקון רדיאטורים )מצננים) | תיקון צנורות פליטה ודודי עמם,קרייסברג חיים
7379,שיטרית אלעד צמיגי אמצע הדרך,מוסך מורשה,חדרה,מנאי 27,04-6218123,38131,,1,תיקון והחלפת צמיגים,מואסי עורוה
7382,א.ח.מ.אנלימיתד סירוויס בע מ,מוסך מורשה,חיפה,גזאל 13,054-7779124,31014,516075967,5,מכונאות רכב בנזין | מכונאות רכב דיזל | תיקון אחזקת רכב חשמלי/היברידי | תיקון מרכבי רכב | צבעות רכב,ראשד ענאן | אשקר יוסף | שלח ג'יריס
7383,עזמי ג'יוסי מוסך אחים ג'יוסי,מוסך מורשה,נוף הגליל,רח' היצירה א.תעשיה,04-6511729,17000,23255409,2,מכונאות רכב בנזין | מכונאות רכב דיזל,עזמי גיוסי
7394,חאג רודא  מוסך גנים,מוסך מורשה,קריית אתא,בצרי 8 עיר גנים,052-5359122,28000,,2,מכונאות רכב בנזין | מכונאות רכב דיזל,חסון נאזם
7398,אגד חברה לתחבורה בע מ,מוסך מורשה,נוף הגליל,העבודה 70,03-9145352,17000,516041118,5,מכונאות דיזל משאיות ואוטובוסים | חשמלאות רכב | תחזוקה ובדיקת מערכת כיבוי אש באוטו' | שירות תיקון למזגן אויר לרכב | תיקון וכיול טכוגרפים,זין אל דין מונז | ג'מאמעה סובחי
7401,עיסא עדנאן ואחיו מכונאות רכב,מוסך מורשה,נצרת,ת.ד.9241 המחצבות 207,04-6569996,16000,52495413,4,מכונאות רכב בנזין | מכונאות רכב דיזל | תיקון מרכבי רכב | צבעות רכב,עיסא פואד | עיסא עאוני
7403,נג'אר מארון מוסך אליא,מוסך מורשה,חיפה,רח המוסכים 4,04-8720783,32960,,2,מכונאות רכב בנזין | מכונאות רכב דיזל,נג'אר איליא
7406,מוסך גזית  1996 בע מ,מוסך מורשה,חיפה,רח השיש 40,04-8724304,26291,512283342,5,מכונאות רכב בנזין | מכונאות רכב דיזל | תיקון אחזקת רכב חשמלי/היברידי | תיקון מרכבי רכב | צבעות רכב,חורייה אניס | ח'וריה אניס | עבוד באסם
7409,עודה חטר - עוספיה,מוסך מורשה,עספיא,עוספיא כביש ראשי  ת.ד. 114,052-8463625,30096,20216404,1,מכונאות רכב בנזין,חטר עודה
7412,ספיה פואד,מוסך מורשה,קריית ביאליק,ת.ד.9311 י.לוי 34,04-8775901,27000,50202555,2,תיקון מרכבי רכב | צבעות רכב,ספיה פואד
7418,עזאיזה פתחי חאלד מצננים,מוסך מורשה,נצרת,רח 206 / מוסכים,04-0,16000,,1,תיקון רדיאטורים )מצננים),עזיזה פתחי
7420,מוסך שפיק וטל רכבים בע מ,מוסך מורשה,חיפה,ההסתדרות 200,04-8721496,32960,516191178,4,מכונאות רכב בנזין | מכונאות רכב דיזל | בדיקות-רכב )קניה ומכירה) | בדיקת רכב לאחר תאונה,רפול גסאן | טבר שיבלי | רפול-נח'לה גסאן
7421,מוסך דיוקו ביאדסי,מוסך מורשה,באקה אל-גרביה,ת.ד. 81 באקה,04-6383797,30100,52560554,2,תיקון מרכבי רכב | צבעות רכב,ביאדסי גמאל | ביאדסי תאופיק
7424,מוסך מקאלדה מורסי,מוסך מורשה,באקה אל-גרביה,ת.ד.125 בקה,04-6385123,30100,37732864,1,אוטוטק רכב קל,מקאלדה מורסי
7425,טסט קאר בע מ,מכון רישוי,נשר,ת.ד.342 אזור תעשיה נשר,04-8211922,20302,511009409,3,בדיקות עשן ברכב דיזל | בדיקות-רכב )קניה ומכירה) | מכון רישוי-פתוח לשרות הציבור,עבוד סמיר
7441,אל ארז פהים - פהים עדי,מוסך מורשה,נצרת,6/4059 רחוב איכסאל,04-6572856,16000,,2,מכונאות רכב בנזין | מכונאות רכב דיזל,עדי פהים
7452,מאיר סבג - מוסך צמרת בע מ,מוסך מורשה,טבריה,א. תעשיה 18,04-6721387,14000,511886590,5,מכונאות רכב בנזין | מכונאות רכב דיזל | תיקון אחזקת רכב חשמלי/היברידי | תיקון מרכבי רכב | שירות תיקון למזגן אויר לרכב,סבג מאיר | מאיר סבג | סבג דוד | עואד כיאד
7456,מוסך עפולה י.א בע מ,מוסך מורשה,עפולה,קהילת ציון 15 א.ת.,04-6596262,18301,516298312,2,תיקון מרכבי רכב | צבעות רכב,חורי אוסמה
7463,בדרנה סובחי חסן מוסך מכונאות,מוסך מורשה,דייר חנא,ת.ד.2322 .צ.מכון רישוי,050-9122339,20173,57005027,2,מכונאות רכב בנזין | מכונאות רכב דיזל,בדארנה ברכאת
7467,מוסך דיזל סאלח שהואן בע מ,מוסך מורשה,נצרת,כביש עוקף ת.ד.10002,04-6559533,16000,514508001,4,מכונאות רכב בנזין | מכונאות רכב דיזל | מכונאות דיזל משאיות ואוטובוסים | תחזוקה ובדיקת מערכת כיבוי אש באוטו',שהואן מוחמד
7468,תיסיר אגבריה מוסך המרכז,מוסך מורשה,אום אל-פחם,ת.ד.36 שכ מועיאה,052-3237911,30010,,2,מכונאות רכב בנזין | מכונאות רכב דיזל,תיסיר אגבריה | תייסיר אגבריה
7469,סופר צבע נהריה בע מ,מוסך מורשה,נהרייה,לוחמי הגיטאות 26,04-9923757,22442,510496474,2,תיקון מרכבי רכב | צבעות רכב,חסן עאטף | חסן נסיף
7491,ב.מ. גנטוס צמיגים בע מ,מוסך מורשה,כפר יאסיף,א.תעשיה תד'310,04-9961543,24908,517130548,1,תיקון והחלפת צמיגים,גנטוס רמי
7497,אי-מוטורוס בע מ,מוסך מורשה,חיפה,חלוצי התעשיה 64,04-8410371,26294,515879476,5,מכונאות רכב בנזין | מכונאות רכב דיזל | תיקון אחזקת רכב חשמלי/היברידי | תיקון וכוון מתלים ברכב | שירות תיקון למזגן אויר לרכב,גליאנוב אלכסיי
7500,בלמי המפרץ בע מ,מוסך מורשה,חיפה,ת.ד.25395 האשלג 41,04-8422833,31025,512218181,3,מכונאות רכב בנזין | מכונאות רכב דיזל | מכונאות דיזל משאיות ואוטובוסים,סליבא סוהיל
7501,נאדר חסון מכונאות רכב עוספיה,מוסך מורשה,עספיא,ת.ד. 2528  דאליית אלכרמל,04-8399091,30090,,2,מכונאות רכב בנזין | מכונאות רכב דיזל,תלחמי אליאס
7502,שיא סוכניות רכב שחודה 2000 בע מ,מוסך מורשה,נשר,תד'197 דרך בר יהודה 69,04-8202024,36883,512947375,4,אוטוטק רכב קל | תיקון אחזקת רכב חשמלי/היברידי | תיקון מרכבי רכב | צבעות רכב,עמשה סאלח | עזאם באסם
7513,זיאדאת אחמד  מוסך העמקים,מוסך מורשה,עפולה,רח המגל 11 עפולה,04-6528666,18290,203920657,3,מכונאות רכב בנזין | מכונאות רכב דיזל | חשמלאות רכב,זיאדאת אחמד
7519,י.ט.רדיאטורים ואגזוזים בעמ,מוסך מורשה,חיפה,חלוציי תעשיה 79 ת.ד.10415,04-8722487,26113,511361461,2,תיקון רדיאטורים )מצננים) | תיקון צנורות פליטה ודודי עמם,טולדנו יעקב
7524,ממן מאיר מוסך מרכזי,מוסך מורשה,פרדס חנה-כרכור,ליד מכון רישוי חן,050-7294615,37000,,2,מכונאות רכב בנזין | מכונאות רכב דיזל,בן מרדכי נתן
7526,ראיף עומר צמיגי גינגי,מוסך מורשה,יפיע,כביש ראשי ת ד 177,052-8199345,16955,28296713,1,תיקון והחלפת צמיגים,עומר ראיף
7536,סליבה מאהר ונעים מ.נ.למכונאות,מוסך מורשה,חיפה,המוסכים 33,04-8419577,32960,54483110,2,מכונאות רכב בנזין | מכונאות רכב דיזל,סליבא מאהר
7537,מוסך ענק הרכב בע מ עפולה,מוסך מורשה,עפולה,ת.ד.2286 שד' רבין עפולה עילית,04-6523352,18120,513724880,1,אוטוטק מרכבי רכב וצביעתם +מסגרות,מרג'יה אנטון
7539,עיסאווי סאלח מוסך מהיר,מוסך רישוי לציוד חקלאי,ריינה,ת.ד.2567 א.ת.דרך שפרעם,050-5240760,16100,20607693,7,מכונאות רכב בנזין | מכונאות רכב דיזל | בדיקות עשן ברכב דיזל | מוסך רישוי לציוד חקלאי | אישור כשירות לצמ ה ומכונה ניידת | טרקטורים ומכונות ניידות | תיקון מלגזות הרמה,סאלח עיסאווי | עיסאווי סאלח | עיסאוי סאלח
7544,מוסך עומר בע מ,מוסך מורשה,חיפה,חלוצי התעשיה   80/78,04-8412405,26294,515787653,4,מכונאות רכב בנזין | מכונאות רכב דיזל | תיקון מרכבי רכב | צבעות רכב,רוח בצלאל | זערורה ג'מאל
7546,יוסי כהן - תקר הגליל,מוסך מורשה,ראש פינה,דרך צפת ישן  ת.ד. 16,04-6937063,12000,5818216,3,תיקון רדיאטורים )מצננים) | תיקון צנורות פליטה ודודי עמם | תיקון והחלפת צמיגים,כהן יוסף
7553,כהן אהרון רון אגזוז ורדיאטור,מוסך מורשה,טבריה,רח העמקים 10,04-6721326,14204,23954571,2,תיקון רדיאטורים )מצננים) | תיקון צנורות פליטה ודודי עמם,כהן אהרון
7554,א.מ.ן בסול שרותי רכב בע מ,מוסך מורשה,ריינה,ת ד 1832 כביש ראשי,04-6001597,16940,514694207,4,מכונאות רכב בנזין | מכונאות רכב דיזל | מכונאות דיזל משאיות ואוטובוסים | תיקון וכוון מתלים ברכב,בסול חאלד | בסול ח'אלד
7558,יאסין כמאל מוסך שמוליק 2018,מוסך מורשה,חיפה,ההסתדרות 73,04-8729983,32960,34942326,2,מכונאות רכב בנזין | מכונאות רכב דיזל,יאסין כמאל
7562,נג'ידאת עלי מוסך כמאל עלי,מוסך מורשה,עראבה,א.תעשיה מפעלי בטון,04-6745480,24945,,3,מכונאות רכב בנזין | מכונאות רכב דיזל | תיקון וכוון מתלים ברכב,נג'ידאת מוחמד
7572,חברת חשמל לישראל בע מ,מוסך מורשה,חיפה,טובים 19,076-8637309,31000,520000472,6,מכונאות רכב בנזין | מכונאות רכב דיזל | מכונאות דיזל משאיות ואוטובוסים | אישור כשירות לצמ ה ומכונה ניידת | טרקטורים ומכונות ניידות | תיקון מלגזות הרמה,דמרי בנימין | לבי אדם
7596,מוסך מ.ט.ר.א  בע מ,מוסך מורשה,נשר,ת.ד.390 התעשיה 23,04-8215199,20302,512861725,2,מכונאות רכב בנזין | מכונאות רכב דיזל,נג'מי ג'עפר
7604,מוסך עש ר  עשהאל קסטנבאום,מוסך מורשה,קצרין,רחוב סמדר 5,054-7731211,12900,,2,אוטוטק רכב קל | תיקון טרקטורונים,קסטנבאום עשהאל
7610,יראון  מוסך הקיבוץ,מוסך מורשה,יראון,ד.נ מרום הגליל,04-6868316,13855,570007765,6,מכונאות רכב בנזין | מכונאות רכב דיזל | תיקון והחלפת צמיגים | טרקטורים ומכונות ניידות | תיקון טרקטורונים | תיקון מלגזות הרמה,לנגר שמעון
7611,דני גלס בע מ מוסך,מוסך מורשה,טבריה,ת.ד.832 א.תעשיה,04-6792798,14107,511259178,6,מכונאות רכב בנזין | מכונאות רכב דיזל | תיקון אחזקת רכב חשמלי/היברידי | חשמלאות רכב | תיקון מרכבי רכב | צבעות רכב,ח'לאילה איהאב | חלאילה איהאב | ממן דניאל | איטח יוסף
7612,כילאני מוחמד מוסך לאגזוזים,מוסך מורשה,יפיע,ת.ד. 1382 רח'  14\300  א.תעשיה,052-7568077,16955,,1,תיקון צנורות פליטה ודודי עמם,כילאני  מוחמד
7613,יחיא יצחק - מוסך אלמוג,מוסך מורשה,כרמיאל,ת.ד.6397 א.תעשיה,04-9886193,20100,51383800,2,חשמלאות רכב | שירות תיקון למזגן אויר לרכב,יחיה יצחק | יחיא יצחק
7624,רודולף מוסך יוני 2024,מוסך מורשה,חיפה,רח מרקוני 3,04-8416464,20300,310299367,2,מכונאות רכב בנזין | מכונאות רכב דיזל,פין יונתן
7632,האשם שלבי מוסך הדוקטור,מוסך מורשה,אכסאל,ת.ד.377 איכסאל,04-6560453,16920,25785643,4,מכונאות רכב בנזין | מכונאות רכב דיזל | תיקון מרכבי רכב | צבעות רכב,שלבי מוחמד | שלבי האשם
7634,מרגיה אליאס מכון דיזל(2007)בע מ,מוסך מורשה,נצרת,א.ת.חדש ריינה תד 3115 דואר אלרם,04-6555208,16000,513919605,1,תיקון משאבות ומתזים לדיזל,מרג'יה אמיר
7641,ג'מאל שבל מוסך ראשיד לפחחות וצבע,מוסך מורשה,חיפה,אדיסון 15 מפרץ,04-8725568,32960,23326549,2,תיקון מרכבי רכב | צבעות רכב,ג'מאל שבל
7642,קרחי ליאור מוסך אלי ובניו,מוסך מורשה,חיפה,רחוב השיש 47,04-8404546,32160,,2,מכונאות רכב בנזין | מכונאות רכב דיזל,ליאור קרחי
7643,וקנין  אגזוזים,מוסך מורשה,חדרה,אזור התעשיה ישן,04-6330907,38101,40815078,1,תיקון צנורות פליטה ודודי עמם,וקנין מאיר
7647,דאוד ז'אן מוסך דיאגנוזה,מוסך מורשה,חיפה,רח' יפו 152/א,04-8522538,35251,,3,מכונאות רכב בנזין | מכונאות רכב דיזל | שירות תיקון למזגן אויר לרכב,דאוד ג'אן | דאוד גאן
7651,מגיד סאלם  אגזוזים וקפיצים,מוסך מורשה,עכו,רח הגדוד 22,04-9914061,24505,20715470,3,מסגרות רכב )תיקון ארגזים) | תיקון צנורות פליטה ודודי עמם | תיקון קפיצים ברכב מנועי,סאלם מג'יד | סאלם מגיד | סאלם  ספואן
7658,מועתז נאדר עלי ובניו מוסך,מוסך מורשה,נצרת,דרך נצרת עפולה,052-9510256,16000,300293727,2,מכונאות רכב בנזין | מכונאות רכב דיזל,נאדר עלי
7660,י.י.ש.מוסכי הגליל בע מ,מוסך מורשה,חיפה,רח האשלג 19,04-8410292,31092,510821069,5,מכונאות רכב בנזין | מכונאות רכב דיזל | תיקון אחזקת רכב חשמלי/היברידי | תיקון מרכבי רכב | צבעות רכב,יונס מוחמד | חלווה שלמה
7680,אגד חברה לתחבורה בע מ,מוסך מורשה,חיפה,יעקב דורי 2,04-8298212,31086,516041118,5,מכונאות רכב דיזל | מכונאות דיזל משאיות ואוטובוסים | חשמלאות רכב | תחזוקה ובדיקת מערכת כיבוי אש באוטו' | שירות תיקון למזגן אויר לרכב,שיינברגר עידן-ד | שיינברגר עידן
7682,ניקולא ניבאל צמיגי ראמה ניקולא,מוסך מורשה,ראמה,ראמה,04-9880562,20102,,1,תיקון והחלפת צמיגים,ניקולא נאדר
7691,מ.ג.ס.מוסך פחחות וצבע בתנור בע מ,מוסך מורשה,חיפה,בל אלכסנדר 6,04-8727171,32960,513448944,2,תיקון מרכבי רכב | צבעות רכב,שלח בשיר
7693,צוקים ר. 2015 בע מ,מוסך מורשה,סח'נין,ת.ד.1679 מול המכללה הארצית,04-6745644,24950,515202752,2,תיקון צנורות פליטה ודודי עמם | תיקון והחלפת צמיגים,אבו סאלח ריאד
7699,מזור אבי אופנועים וקטנועים,מוסך מורשה,חיפה,רח תל אביב 5,04-8537484,35416,50155472,1,מכונאות אופנועים וקטנועים,מזור אברהם
7700,בכרייה יוסף,מוסך רישוי לציוד חקלאי,פקיעין (בוקייעה),ת.ד.225,04-9977548,24994,50761303,8,מכונאות רכב בנזין | מכונאות רכב דיזל | מוסך רישוי לציוד חקלאי | אישור כשירות לצמ ה ומכונה ניידת | בדיקות-רכב )קניה ומכירה) | טרקטורים ומכונות ניידות | תיקון טרקטורונים | תיקון וכוון מתלים ברכב,בקריה יוסף | בכרייה יוסף | בכריה יוסף
7706,טורבו גיר מנסור בע מ,מוסך מורשה,נצרת,ת.ד.20066 כביש נצרת 1029,04-6465373,16000,511448532,2,מכונאות רכב בנזין | מכונאות רכב דיזל,סולימן מנסור
7708,מוסך המרכז החדש בע מ,מוסך מורשה,נהרייה,לוחמי הגיטאות 53 - מול שטראוס,04-9920333,22447,512611021,8,מכונאות רכב בנזין | מכונאות רכב דיזל | תיקון אחזקת רכב חשמלי/היברידי | תיקון מרכבי רכב | צבעות רכב | תיקון והחלפת צמיגים | בדיקות-רכב )קניה ומכירה) | תיקון וכוון מתלים ברכב,מסאלחה עאטף | דור רשיד
7723,בנג'ו יהודה  פרונט  בי.א,מוסך מורשה,חצור הגלילית,ת.ד. 184 א.תעשיה,052-4722249,10300,,2,תיקון והחלפת צמיגים | תיקון וכוון מתלים ברכב,יהודה בנג'ו | בנג'ו יהודה
7725,עדו שיפורי רכב בע מ,מוסך מורשה,פרדס חנה-כרכור,ת.ד.1111 רחוב תדהר,04-6270633,37100,512971094,4,מכונאות רכב בנזין | מכונאות רכב דיזל | תיקון מרכבי רכב | צבעות רכב,כהן עידו
7728,הקריה נ.ע.מוסך בע מ,מוסך מורשה,נוף הגליל,א תעשיה ג תד 1002,04-6571919,17000,512571068,7,מכונאות רכב בנזין | מכונאות רכב דיזל | תיקון אחזקת רכב חשמלי/היברידי | חשמלאות רכב | תיקון מרכבי רכב | צבעות רכב | שירות תיקון למזגן אויר לרכב,סוקולסקי ולדיסל | יאסין מוחמד | פראן סאמי
7729,אסעד הייב - מוסך  המומחים,מוסך מורשה,קצרין,ת.ד.120,054-8145672,12900,59986828,3,מכונאות רכב בנזין | מכונאות רכב דיזל | תיקון וכוון מתלים ברכב,אסעד הייב | הייב אסעד
7739,עבדאללה נחלה מרכז שירות רמה,מוסך מורשה,ראמה,כביש עכו צפת,04-9984517,20102,25933268,2,מכונאות רכב בנזין | מכונאות רכב דיזל,נחלה עבדאללה
7740,א.ע.מ.פנצריות שיווק צ.ד.בע מ,מוסך מורשה,רמת ישי,מתחם תחנת דלק ת.ד.115,04-9830612,30095,513942995,1,תיקון והחלפת צמיגים,אבו עבאד חוסאם
7749,אבו הדבה מוחמד מוסך חמדאן מייסר,מוסך מורשה,מייסר,תד'199 ד.נ.חפר,050-4399765,38815,,2,מכונאות רכב בנזין | מכונאות רכב דיזל,אבו הדבה מוחמד
7750,סמידרסמן רוני - מוסך פחחות וצבע,מוסך מורשה,פרדס חנה-כרכור,רח' נעורים 31,04-6370094,37000,52762341,2,תיקון מרכבי רכב | צבעות רכב,סמדרסמן רולנד
7763,בני משה ביטון  ד.א.ש בע מ,מוסך מורשה,בית שאן,ת.ד. 310  א.תעשיה ישן,04-6588574,10900,511036832,1,תיקון והחלפת צמיגים,בן ברוך נורית
7767,מוסך הנוצץ )ש.ר.95( בע מ,מוסך מורשה,קריית אתא,דרך חיפה 6,04-8727013,28000,512248667,5,מכונאות רכב בנזין | מכונאות רכב דיזל | תיקון אחזקת רכב חשמלי/היברידי | תיקון מרכבי רכב | צבעות רכב,שתייה אבראהים | חוסרי עמאד
7775,מרואן האני שרות בלמים,מוסך מורשה,עכו,רח הגדוד 22,04-9915588,24516,50097567,1,רפידות ותופי בלם,מרואן האני
7776,הארז  ק.י.ט השקעות בע מ,מוסך מורשה,מגאר,ת.ד. 2419  מגאר,04-6785645,14930,516348307,1,תיקון והחלפת צמיגים,קופטמן טרבוש
7783,קייסי עומר וחאפז - מוסך,מוסך מורשה,חדרה,ת.ד.3388 א.תעשיה צפון,04-6344734,,50048685,2,מכונאות רכב בנזין | מכונאות רכב דיזל,קייסי עומר
7784,צמיגי אמין אחמד סייד,מוסך מורשה,מג'דל שמס,ת.ד. 1213 ד.נ. רמת הגולן,04-6983408,12900,80912603,1,תיקון והחלפת צמיגים,אחמד אמין
7785,חמדן ווליד סעיד - תקרים,מוסך מורשה,כפר כנא,ת.ד.1220,052-31441244,16930,5448006,1,תיקון והחלפת צמיגים,חמדן ווליד
7794,מוסך מוסטפא אבו עביד בע מ,מוסך מורשה,מענית,ת.ד.62 בכניסה למענית,050-7708674,38815,515151421,4,מכונאות רכב בנזין | מכונאות רכב דיזל | מכונאות דיזל משאיות ואוטובוסים | טרקטורים ומכונות ניידות,אבו עבד לואי
7795,לב הגליל תחבורה בע ם,מכון רישוי,דייר חנא,ת.ד.33,04-6746762,20173,513391219,2,בדיקות עשן ברכב דיזל | מכון רישוי-פתוח לשרות הציבור,אסדי עבד
7796,מוסך אליאס בחוס בע מ למכונאות,מוסך מורשה,שפרעם,רח תופיק זיאד 14 תד'486,04-9869380,20200,513649939,2,מכונאות רכב בנזין | מכונאות רכב דיזל,בחוס סוהיל
7802,אברהים חוסין מוסך,מוסך מורשה,כפר מנדא,רחוב אלבוסתאן ת ד 1490,052-4542117,16965,,3,מכונאות רכב בנזין | מכונאות רכב דיזל | תיקון והחלפת צמיגים,טאהא ג'ואד | טאה איברהים
7806,ברו אוריאל - בירו,מוסך מורשה,חיפה,הבשן 1 ת.ד.1363,04-8627608,32235,58338716,1,תיקון צנורות פליטה ודודי עמם,ברו אוריאל
7807,סקר פואד מוסך למכונאות רכב מכר,מוסך מורשה,מכר,ת.ד. 100 מכר,04-9969174,25105,581921262,2,מכונאות רכב בנזין | מכונאות רכב דיזל,סקר פואד
7812,מח'ול ג'מאל פנצ'רייה,מוסך מורשה,פקיעין (בוקייעה),מתחם ת.דלק פז  ת.ד.254,04-9976192,24914,58207473,1,תיקון והחלפת צמיגים,מחול גאמל
7825,יוסף - פרונט וצמיגי יוסף יוסף,מוסך מורשה,נצרת,רחוב איקסל 2/705תד'3031,04-9998280,16000,55754477,2,תיקון והחלפת צמיגים | תיקון וכוון מתלים ברכב,אבו רג'ב מוהנד | אבו רגב יוסף
7831,מרינה ג'ורג' מכונאות רכב,מוסך מורשה,ראמה,ת.ד.170,04-9581168,30055,,3,מכונאות רכב בנזין | מכונאות רכב דיזל | תיקון וכוון מתלים ברכב,כליל פאריס
7832,עיאד אחמד מוסך בני אחמד עיאד,מוסך מורשה,נצרת,תד'9542 ביר אל אמיר 110,04-6551267,16000,20232492,2,תיקון מרכבי רכב | צבעות רכב,עיאד נאסר | עיאד וליד
7833,טאהא פדיל חוסין כפר-מנדא,מוסך רישוי לציוד חקלאי,כפר מנדא,ת.ד 365 מנדא,04-9864390,17907,56246036,7,מכונאות רכב בנזין | מכונאות רכב דיזל | מוסך רישוי לציוד חקלאי | אישור כשירות לצמ ה ומכונה ניידת | טרקטורים ומכונות ניידות | תיקון טרקטורונים | תיקון מלגזות הרמה,טאהא פדיל
7836,והבי פואד - כרמל אור,מוסך מורשה,דאלית אל-כרמל,ת.ד. 90 כביש עוקף דאליה,04-8393441,30056,,4,מכונאות רכב בנזין | מכונאות רכב דיזל | תיקון אחזקת רכב חשמלי/היברידי | חשמלאות רכב,והבי פואד | ווהבי פואד | והבה פואד
7841,הריש סלימאן ואסעד מוסך מרכז העיר,מוסך מורשה,נצרת,תד' 4012 רח המוסכים,050-7956614,16000,,2,מכונאות רכב בנזין | מכונאות רכב דיזל,הריש אסעד
7845,צמיגי נעמן א.ד.(1990) בע מ,מוסך מורשה,קריית ביאליק,ת ד 1382 צור שלום,04-9911641,24104,511530255,1,תיקון והחלפת צמיגים,ברקוביץ אלכסנדר
7850,אמארה ראפע מוסך אלהודא למכונאות,מוסך מורשה,כפר כנא,ת.ד.1243 כפר כנא,050-2336143,16930,32981581,2,מכונאות רכב בנזין | מכונאות רכב דיזל,אמארה ראפע
7863,מוסך השלושה א.ת חדרה 2003 בע מ,מוסך מורשה,חדרה,פרידלנדיר 12 א,04-6332650,38134,513480590,2,מכונאות רכב בנזין | מכונאות רכב דיזל,פריזנט אלכס
7869,מוסך רכב אומגה חדרה 91 בע מ,מוסך מורשה,חדרה,רח' קומבה 8 א.תעשיה תד'3590,04-6331901,38134,511632556,7,מכונאות רכב בנזין | מכונאות רכב דיזל | תיקון אחזקת רכב חשמלי/היברידי | חשמלאות רכב | תיקון מרכבי רכב | צבעות רכב | שירות תיקון למזגן אויר לרכב,אובר בנימין | פסו יהודה | בן בכר אורן
7875,גרוס שאדי עבודת פחחות וצבע בע מ,מוסך מורשה,חיפה,אריה שנקר 9,053-5205543,26247,515928828,3,מכונאות רכב בנזין | מכונאות רכב דיזל | תיקון מרכבי רכב,עבד אל גני עבד | גרוס שאדי
7909,הס שמואל מכונאות רכב,מוסך מורשה,חדרה,מנאי 7 חדרה,050-7616622,38100,42942961,2,מכונאות רכב בנזין | מכונאות רכב דיזל,הס שמואל
7920,נ.א.א. דיזל מוטורס בע מ,מוסך מורשה,טבריה,רח' המלאכה 10  ת.ד. 282,04-6724240,14000,515261501,2,מכונאות רכב בנזין | מכונאות רכב דיזל,נואטחה ג'יריס
7923,תעבורה אחזקות בע מ,מוסך מורשה,חיפה,חלוצי התעשייה 118,04-8214086,32960,557532264,7,מכונאות רכב בנזין | מכונאות רכב דיזל | מכונאות דיזל משאיות ואוטובוסים | תיקון אחזקת רכב חשמלי/היברידי | חשמלאות רכב | תיקון מרכבי רכב | שירות תיקון למזגן אויר לרכב,מתא אליאס | עליסאת עליסאת | עליסאת בהא
7929,עותמאן עבדאללה -מוסך הצפון פיג'ו,מוסך מורשה,נצרת,רח המחצבות ת ד 51228,04-6561104,16000,52537065,2,מכונאות רכב בנזין | מכונאות רכב דיזל,שחאדה יוסף
7930,מ.סחר  המומחים לצמיגים בע מ,מוסך מורשה,כרמיאל,"רח' הכבאי  , ת.ד.  6396",04-9983803,21652,515637999,1,תיקון והחלפת צמיגים,כהן מרדכי
7938,טועמה ג'אמל מכון לכיון פרונטים,מוסך מורשה,עכו,הגדוד 22,04-9915479,24518,53691978,4,מכונאות רכב בנזין | מכונאות רכב דיזל | תיקון וכוון מתלים ברכב | בדיקת רכב לאחר תאונה,טועמה אדוארד
7944,שחאדה פרג' וסיהם תקרים,מוסך מורשה,קריית אתא,הציונות 5,04-8451567,20200,,1,תיקון והחלפת צמיגים,שחאדה מאהר
7952,אחמד זועבי מוסך א.פרג זועבי,מוסך מורשה,נצרת,רח 113,052-6377852,16000,55836555,2,מכונאות רכב בנזין | מכונאות רכב דיזל,זועבי אחמד
7956,אמיר זאהר - מוסך אבו אמיר זאהר,מוסך מורשה,עספיא,רחוב 6 ת ד 2600,04-8390033,30090,35313782,2,מכונאות רכב בנזין | מכונאות רכב דיזל,זאהר יעקוב
7961,אבו אחמד עאמר מוסך עאמר,מוסך מורשה,נצרת,ת.ד. 5562  א.תעשיה,050-8989666,16000,201259645,2,מכונאות רכב בנזין | מכונאות רכב דיזל,אבו אחמד עאמר
7975,מרכז השרות הרצל פרי בע מ,מוסך מורשה,טבריה,ת.ד.1631 רח אילת,04-6790905,14242,512049578,1,שירות תיקון למזגן אויר לרכב,פרי יוסי
7976,שפיגל אריה מכונאות וחשמל רכב,מוסך מורשה,קריית ביאליק,החרושת 12 ת.ד.1005,04-8765263,27000,14502157,3,מכונאות רכב בנזין | מכונאות רכב דיזל | חשמלאות רכב,יוסף משה | שפיגל לאופולד
7977,רכב עירון בע מ,מוסך מורשה,באקה אל-גרביה,ת.ד.196 בקה,04-6384585,30100,511260838,6,מכונאות רכב בנזין | מכונאות רכב דיזל | חשמלאות רכב | מוסך  מומחה | תיקון מרכבי רכב | צבעות רכב,זהרה נזאר | ג'בארין מוהנד | ג'בארין פאוזי | גבארין מוחמד
7992,גזמאוי אבראהים,מוסך מורשה,עארה,ת.ד.382 כפר-ערה,052-5961793,30025,55848048,2,מכונאות רכב בנזין | מכונאות רכב דיזל,גזמואוי אברהים | גזמאוי אבראהים
7995,ירון גרינשטיין פחחות וצבע בע מ,מוסך מורשה,נשר,ת.ד.384 התעשיה 23,04-8210389,20302,512859349,2,תיקון מרכבי רכב | צבעות רכב,גרינשטיין ירון
7996,שלח זוהיר פחחות וצבע לרכב,מוסך מורשה,חיפה,השיש 53 מפרץ,04-8722868,26291,,2,תיקון מרכבי רכב | צבעות רכב,שלח זוהיר | זאיד זאהי
8002,מוסך הנוצץ - שטרית דוד,מוסך מורשה,באר שבע,הנגרים 14 רסקו,08-6279215,84100,68540327,1,אוטוטק מרכבי רכב וצביעתם,שטרית אילן מור
8003,צמיגי שמעוני בע מ,מוסך מורשה,קריית גת,ישראל פולק 53 ת.ד 8410,08-6811431,82000,516574670,2,תיקון והחלפת צמיגים | תיקון וכוון מתלים ברכב,שמעוני דוד | תוינה אליהו
8008,דני סיילס - חשמל רכב האחים,מוסך מורשה,אשדוד,העבודה 17/1 ת.ד. 12247,08-8567831,77600,53242723,2,חשמלאות רכב | שירות תיקון למזגן אויר לרכב,סיילס דני
8009,מוסך משה אלי בע''מ,מוסך מורשה,אשדוד,א.ת צפוני רח' הקידמה 24,08-8565307,77105,515247153,6,מכונאות רכב בנזין | מכונאות רכב דיזל | מכונאות דיזל משאיות ואוטובוסים | אישור כשירות לצמ ה ומכונה ניידת | טרקטורים ומכונות ניידות | תיקון מלגזות הרמה,אלי משה | ברזס אריה
8010,בוריס סגל - מוסך אוטו פורום,מוסך מורשה,ירושלים,תלפיות הרכב 22,02-6782227,93420,307093450,1,מכונאות רכב בנזין,סגל בוריס
8019,אגד חברה לתחבורה בע מ,מוסך מורשה,ירושלים,תלפיות א.תעשיה,02-5685677,93420,516041118,6,אוטוטק רכב קל | מכונאות דיזל משאיות ואוטובוסים | תיקון אחזקת רכב חשמלי/היברידי | תחזוקה ובדיקת מערכת כיבוי אש באוטו' | אוטוטק מרכבי רכב וצביעתם +מסגרות | תיקון וכיול טכוגרפים,נתן רן | בן ברוך משה
8023,צמיגי רפי מלכה בע מ,מוסך מורשה,באר שבע,דרך חברון 7/9,08-6231626,84890,516209475,1,תיקון והחלפת צמיגים,מלכה רחמים
8034,אלעסאוי יוסף - פנצרית הצומת,מוסך מורשה,נחשון,ד.נ שמשון,08-9990855,99760,59891044,1,תיקון והחלפת צמיגים,אלעסאוי יוסף
8039,מוסך אסי שירותי רכב,מוסך מורשה,באר שבע,פנחס החוצב 12,053-7914194,84101,32061244,1,אוטוטק רכב קל,הורוויץ אסף
8056,מפעלי אלן 79 בע מ,מכון רישוי,באר שבע,המנוף 21  עמק שרה,08-6235937,84100,510800881,5,בדיקות עשן ברכב דיזל | בדיקות-רכב )קניה ומכירה) | מכון רישוי-פתוח לשרות הציבור | רישום ראשוני לרכב חדש | בדיקת רכב לאחר תאונה,תורג'מן עופר | בוגנים רפי
8058,מירה רוברט - מוסך המאה,מוסך מורשה,אשדוד,העבודה 4/16 ת.ד 15037,08-8560479,77600,324694215,2,מכונאות רכב בנזין | מכונאות רכב דיזל,ממן גבריאל
8059,צמיגי מצדה א.גזית ובניו בע מ,מוסך מורשה,באר שבע,דרך מצדה ת.ד 3712,08-6417999,84100,513493973,1,תיקון והחלפת צמיגים,אילייסוב יעקב
8072,מוסך יוני - אשטמקר יוני,מוסך מורשה,אופקים,הפלדה 47,054-6833392,80300,23789746,2,מכונאות רכב בנזין | מכונאות רכב דיזל,אשטמקר יוני
8074,שבי את נחום - מוסך שבי,מוסך מורשה,ירושלים,תלפיות רח' שביל האריה 7,02-6799948,93420,441378,2,מכונאות רכב בנזין | מכונאות רכב דיזל,יצחק נחום
8081,י.ש.י.ב. מוסכים בע מ,מוסך מורשה,אשדוד,א.ת הצפוני רח' הפלדה 2 ת.ד 828,08-8563111,77100,510974033,6,מכונאות רכב בנזין | מכונאות רכב דיזל | מכונאות דיזל משאיות ואוטובוסים | חשמלאות רכב | טרקטורים ומכונות ניידות | שירות תיקון למזגן אויר לרכב,שושן יעקב
8084,מוסך טכנוקאר ירושלים,מוסך מורשה,ירושלים,בעלי המלאכה 10,02-5001006,93420,36696664,2,מכונאות רכב בנזין | מכונאות רכב דיזל,גרגור גמאל
8090,מוסך ויקטור,מוסך מורשה,אשקלון,המחרשה 4,08-6758822,78633,51093789,2,מכונאות רכב בנזין | מכונאות רכב דיזל,מסיקה ויקטור
8097,מרציאנו רפי - רון שרותי רכב,מוסך מורשה,ירושלים,בית היוצר 2,02-6794344,93420,56059785,4,מכונאות רכב בנזין | אוטוטק רכב קל | מכונאות רכב דיזל | תיקון מרכבי רכב,מרציאנו רפאל | סלמן מוסה
8098,מוסך האיכות - דהן את נגב,מוסך מורשה,באר שבע,יהודה הנחתום 25,08-6273511,84101,54509567,2,מכונאות רכב בנזין | מכונאות רכב דיזל,מזור אליעזר
8100,ברנשטיין ישראל ובניו,מוסך מורשה,באר טוביה,מושב תלמי יחיאל 73,08-8583776,79810,43047455,2,חשמלאות רכב | שירות תיקון למזגן אויר לרכב,מנדלסון צחי יצח
8103,מ.הצמיגים בנגב - ליבוביץ יעקב בע,מוסך מורשה,באר שבע,דרך חברון  4,08-6237105,84100,511083164,4,מכונאות רכב בנזין | מכונאות רכב דיזל | אוטוטק תיקון והחלפת צמיגים | תיקון וכוון מתלים ברכב,מדינה גבריאל | אידל מיכאל
8104,טרקטורים וציוד )אי.טי.אי( בע מ,מוסך מורשה,באר שבע,הבונים 47 ת.ד.2174,08-6273810,84100,512994054,2,מכונאות דיזל משאיות ואוטובוסים | טרקטורים ומכונות ניידות,לב יזהר
8105,מוסך אבי זליג בע מ,מוסך מורשה,ירושלים,ק. המוסכים 17 תלפיות,02-6790033,93420,513873372,3,תיקון אחזקת רכב חשמלי/היברידי | תיקון מרכבי רכב | צבעות רכב,זליג אברהם | זליג אבי
8106,מוסך אריה גארלה בע''מ,מוסך מורשה,קריית מלאכי,א תעשיה באר טוביה,08-8591489,70900,514853829,2,תיקון מרכבי רכב | צבעות רכב,גרלה זוהר
8110,מזרחי אלי חשמל רכב,מוסך מורשה,ירושלים,תלפ.בעלי מלאכה 23,02-6782525,93420,50626878,2,מכונאות רכב בנזין | חשמלאות רכב,מזרחי אלי
8116,מוסך אופקים - יורי את ולדימיר,מוסך מורשה,אופקים,המסגר 54,052-3381543,80300,309038537,2,מכונאות רכב בנזין | שירות תיקון למזגן אויר לרכב,רבינסקי יורי
8122,י.ח.ד דיגיטל  *2012* בע מ,מוסך מורשה,באר שבע,הפלס 8 עמק שרה,08-6270698,84540,514813633,2,מכונאות רכב בנזין | מכונאות רכב דיזל,בן ישי יוסף
8129,הקריה למחקר גרעיני,מוסך מורשה,באר שבע,תד 9001,08-6568102,84190,,10,מכונאות רכב בנזין | מכונאות רכב דיזל | מכונאות דיזל משאיות ואוטובוסים | חשמלאות רכב | תחזוקה ובדיקת מערכת כיבוי אש באוטו' | מוסך רישוי לציוד חקלאי | אישור כשירות לצמ ה ומכונה ניידת | טרקטורים ומכונות ניידות | תיקון מלגזות הרמה | שירות תיקון למזגן אויר לרכב,ברמי אופיר מאיר | רוזנברג יעקב
8130,קאר סרוויס - בהנהלת משה,מוסך מורשה,אשקלון,המחרשה 1,053-4286842,78100,37392909,1,אוטוטק רכב קל,מיכאלי משה
8138,מ. מוסך סמו בע מ,מוסך מורשה,אשדוד,א התעשיה הצפוני ת.ד. 72,08-8522053,77100,51125672,2,תיקון מרכבי רכב | צבעות רכב,סמו משה
8141,מוסך איילון.ס.(2006) שירות בע מ,מוסך מורשה,אשקלון,המרכבה 11,050-2705500,78100,513840595,4,מכונאות רכב בנזין | מכונאות רכב דיזל | תיקון מרכבי רכב | צבעות רכב,שרביט סמי | חבני יצחק
8147,אגד חברה לתחבורה בע מ,מוסך מורשה,אשדוד,א התעשיה הדרומי,08-8556970,77100,516041118,4,מכונאות רכב דיזל | מכונאות דיזל משאיות ואוטובוסים | תיקון אחזקת רכב חשמלי/היברידי | מסגרות רכב )תיקון ארגזים),סיבוני חנניה | סעדה הרצל
8153,זכי ואלון צמיגים ושרותי רכב בע מ,מוסך מורשה,ירושלים,רוממה רחוב אהליאב 14,02-5383222,94467,517091450,3,אוטוטק רכב קל | אוטוטק תיקון והחלפת צמיגים | תיקון וכוון מתלים ברכב,דוד פור יהודה | אברהם זכי
8155,זאב הטורים בע מ,מוסך מורשה,ירושלים,ק המוסכים 12 ת.ד. 52173,02-6782719,93420,513473454,2,תיקון מרכבי רכב | צבעות רכב,ברבש דורון
8159,ימין את יהודה - מוסך מושיקו,מוסך מורשה,ירושלים,תלפ.בעלי מלאכה 8,02-6783791,93420,59781872,4,מכונאות רכב בנזין | מכונאות רכב דיזל | תיקון אחזקת רכב חשמלי/היברידי | שירות תיקון למזגן אויר לרכב,ימין שי
8161,יבגניה דרויש - אור קור ח.י,מוסך מורשה,אשדוד,א. ת. רח' העבודה 1/8 ת.ד 12292,08-8564255,77600,307206573,2,חשמלאות רכב | שירות תיקון למזגן אויר לרכב,קורן אלי
8168,נילי שרותי רכב בע מ,מוסך מורשה,ירושלים,שד' בן צבי ת.ד. 9394,02-6255718,94555,511717522,1,תיקון והחלפת צמיגים,קסוטו אורון
8169,ג'אבר מוחמד - מוסך ג'אבר,מוסך מורשה,ירושלים,תלפיות רח' הרכב 28,054-6967268,93420,34679118,2,מכונאות רכב בנזין | מכונאות רכב דיזל,ג'אבר מוחמד
8181,חיי איציק - מוסך המרכב,מוסך מורשה,ירושלים,תלפיות רח' בעלי מלאכה 6,02-6782293,93420,59729707,2,תיקון מרכבי רכב | צבעות רכב,חיי יצחק
8183,צבעות רכב - סולימני יעקב,מוסך מורשה,באר שבע,דרך חברון  12\40,08-6233713,84100,52472412,1,צבעות רכב,סולמני יעקב
8197,שחר את אשוש - מוסך הבלוק,מוסך מורשה,ירושלים,תלפיות רח' חרשי ברזל 1,02-6788348,93420,300897287,2,מכונאות רכב בנזין | מכונאות רכב דיזל,בן אלול אשר
8200,גדעון לוי בע מ,מוסך מורשה,ירושלים,תלפיות רח' הרכב 1,02-6782233,93420,511411464,4,מכונאות רכב בנזין | מכונאות רכב דיזל | תיקון מרכבי רכב | צבעות רכב,גדעון לוי | דרויש דרויש | דודו לוי
8202,מוסך מנחם לוי בע מ,מוסך מורשה,ירושלים,תלפיות הרכב 1 ת.ד 52265,02-6782989,93420,517226106,2,תיקון מרכבי רכב | צבעות רכב,מנחם לוי
8204,מוסך המכונית י-ם בע מ,מוסך מורשה,ירושלים,ק המוסכים 16 52191,02-6783866,93420,510962459,5,מכונאות רכב בנזין | מכונאות רכב דיזל | תיקון אחזקת רכב חשמלי/היברידי | חשמלאות רכב | שירות תיקון למזגן אויר לרכב,בטט שאול | בטט אורן כדו
8205,ברהום יצחק ובניו בע מ,מוסך מורשה,ירושלים,בית היוצר 11 ת.ד 52050,02-6782681,93420,511333825,2,חשמלאות רכב | שירות תיקון למזגן אויר לרכב,ברהום אהוד
8208,לנדס ג'רמי - ק.ל. אלקטריק,מוסך מורשה,ירושלים,בית היוצר 9,02-6783448,93420,13841614,5,מכונאות רכב בנזין | מכונאות רכב דיזל | תיקון אחזקת רכב חשמלי/היברידי | חשמלאות רכב | שירות תיקון למזגן אויר לרכב,לנדס ג'ירמי
8210,אלרו קאר בע מ,מוסך מורשה,ירושלים,תלפיות רחוב בית היוצר 5,02-6667960,93420,516191749,4,מכונאות רכב בנזין | מכונאות רכב דיזל | תיקון מרכבי רכב | צבעות רכב,ברגר מנחם | נצאר פאיז
8217,געפר אקרם מוסך אל אמל,מוסך מורשה,ירושלים,ד ענתא שועפט ת.ד. 20258,02-5813218,97504,80170970,1,מכונאות רכב בנזין,געפר אכרם מוסטפ
8229,אריה קופרשטיין נגררים בע מ,מוסך רישוי לרכב חדש,באר שבע,דרך חברון 2/9,08-6289772,84100,515694271,3,תיקון רדיאטורים )מצננים) | תיקון צנורות פליטה ודודי עמם | רישום ראשוני לרכב חדש,קופרשטיין אריה
8230,ממסי שרותי רכב וגרירה בע מ,מוסך מורשה,ירושלים,הרכב 10 תלפיות,02-6782806,93420,514257278,2,אוטוטק רכב קל | תיקון אחזקת רכב חשמלי/היברידי,עפרוני זאב
8232,מוסך היוצר בע מ,מוסך מורשה,ירושלים,ק מוסכים 3 תלפיות,02-6785758,93420,514708916,4,תיקון אחזקת רכב חשמלי/היברידי | תיקון מרכבי רכב | צבעות רכב | שירות תיקון למזגן אויר לרכב,חדאד נסים | חדד ניסים
8233,אלפא מוריס בע מ,מוסך מורשה,ירושלים,תלפיות ק.מוסכים 7,02-6795660,93420,512038522,4,מכונאות רכב בנזין | מכונאות רכב דיזל | תיקון אחזקת רכב חשמלי/היברידי | שירות תיקון למזגן אויר לרכב,ברדוגו מוריס
8239,מסקוביץ שמואל אגזוזים ורדיאטורים,מוסך מורשה,באר שבע,הנגרים 12 ת.ד. 281,08-6278161,84890,51721991,2,תיקון רדיאטורים )מצננים) | תיקון צנורות פליטה ודודי עמם,מוסקוביץ שמואל
8240,חלפי מוסך מרום הנגב בע מ,מוסך מורשה,באר שבע,דרך חברון 30 ת.ד. 361,08-6237259,84890,512068552,3,מכונאות רכב בנזין | מכונאות רכב דיזל | רפידות ותופי בלם,חדד חיים
8241,מיכאל פולטקין - פורוורד שרותי ר,מוסך מורשה,ירושלים,ק המוסכים 19,02-6482296,93420,309437333,2,מכונאות רכב בנזין | מכונאות רכב דיזל,דניאל מזרחי
8248,המאיר בדרום ש. רכב - אזולאי דוד,מוסך מורשה,באר שבע,הנגרים 4 ת.ד. 7458,08-6276812,84000,79991030,5,מכונאות רכב בנזין | מכונאות רכב דיזל | חשמלאות רכב | תיקון קרבורטורים | שירות תיקון למזגן אויר לרכב,לוי שלמה | אזולאי דוד
8254,מוסך ברק ב ש )מ.ג.י.י.( בע מ,מוסך מורשה,באר שבע,המלאכה 24,08-6230996,84890,511027807,6,מכונאות רכב בנזין | מכונאות רכב דיזל | תיקון אחזקת רכב חשמלי/היברידי | חשמלאות רכב | תיקון וכוון מתלים ברכב | שירות תיקון למזגן אויר לרכב,זילברמן יצחק
8258,צמיגי אורנים,מוסך מורשה,ירושלים,תלפיות פייר קניג 1,02-6721854,93469,66667718,1,תיקון והחלפת צמיגים,רחמין יונתן
8260,אדורין אסף - אור טכנולוגיות רכב,מוסך מורשה,ירושלים,תלפיות רח' ב. מלאכה 10,02-6787902,93420,36282754,2,מכונאות רכב בנזין | מכונאות רכב דיזל,אדוריאן אסף
8264,נביאן את רווה מוסך רן,מוסך מורשה,קריית מלאכי,אזור תעשיה ת.ד 763,08-8583666,70900,50314996,2,תיקון מרכבי רכב | צבעות רכב,רווה נפתלי
8266,נ.ז. ערן שירותי רכב בע מ,מוסך מורשה,ירושלים,תלפיות רח' האומן 2,02-6793555,93420,513608968,6,מכונאות רכב בנזין | מכונאות רכב דיזל | תיקון אחזקת רכב חשמלי/היברידי | תיקון מרכבי רכב | צבעות רכב | שירות תיקון למזגן אויר לרכב,ברזני ערן | אדריס רגאאי
8268,אלף אופנועים - דאבוש שי,מוסך מורשה,באר שבע,פנחס החוצב 12,08-6284480,84100,34047803,2,מכונאות אופנועים וקטנועים | תיקון טרקטורונים,דאבוש שי שלום
8272,אוריה צעידי - צעידי פחחות וצבע,מוסך מורשה,אשדוד,רחוב העמל 41,08-8524503,77100,203776885,2,תיקון מרכבי רכב | צבעות רכב,יצחקוב מישאל
8273,כהן משה תקון צמיגים,מוסך מורשה,אילת,יוזמה 4 ת.ד. 1614,08-6378710,88000,51345502,1,תיקון והחלפת צמיגים,כהן משה
8275,חברת מוסך אלופאא בע מ,מוסך מורשה,ירושלים,ואדי אל אגוז ת.ד. 66543,052-2993451,97400,516123049,5,מכונאות רכב בנזין | מכונאות רכב דיזל | תיקון אחזקת רכב חשמלי/היברידי | בדיקות-רכב )קניה ומכירה) | בדיקת רכב לאחר תאונה,נתשה בהאא
8276,מור יוסף  בע מ,מוסך מורשה,אילת,התוכנה 8 ת.ד 8828,08-6339090,88100,512883919,3,תיקון אחזקת רכב חשמלי/היברידי | תיקון מרכבי רכב | צבעות רכב,מורי יוסף דוד | מור יוסף דוד
8282,מוסך אביעד בהנהלת  גבריאל,מוסך מורשה,אילת,סמתט המכונאים 4 ת ד 1910,052-3235031,88110,80683337,2,מכונאות רכב בנזין | מכונאות רכב דיזל,קוך יוסף | כוך יוסף
8283,צמיגי  אמיל  בע מ,מוסך מורשה,באר שבע,שד' דוד טוביהו 100,08-6109444,84100,512561838,1,תיקון והחלפת צמיגים,אוחיון מאיר
8285,עמיגל סוכנויות ושירותים בע מ,מוסך מורשה,באר שבע,הפלדה 25,08-6270911,84100,510985518,7,מכונאות רכב בנזין | מכונאות רכב דיזל | תיקון אחזקת רכב חשמלי/היברידי | חשמלאות רכב | תיקון מרכבי רכב | צבעות רכב | שירות תיקון למזגן אויר לרכב,אבו גניים סלאמה | חסן יעקוב | חסן יעקב | בן-דוד ראובן | תורגמן מכלוף | לוי משה
8294,מוסך המרכז - רסוני אברהם,מוסך מורשה,אילת,המסגר 10 ת.ד. 4093,08-6378085,88100,63788442,2,מכונאות רכב בנזין | מכונאות רכב דיזל,רסוני אברהם
8295,מרכז שירות אופיר- ש. ארמוזה בע מ,מוסך מורשה,ירושלים,אהליאב 4 רוממה,02-5388551,94467,511079881,6,מכונאות רכב בנזין | מכונאות רכב דיזל | תיקון אחזקת רכב חשמלי/היברידי | תיקון מרכבי רכב | צבעות רכב | שירות תיקון למזגן אויר לרכב,ארמוזה אופיר | ארמוזה אברהם
8298,ספיר אקספרט פחחות וצבע בע מ,מוסך מורשה,באר טוביה,חרמש 4 א.ת באר טוביה,08-8582083,70996,517238606,2,תיקון אחזקת רכב חשמלי/היברידי | אוטוטק מרכבי רכב וצביעתם,ג'נח בני
8299,גריסי את שטרית - דוד את אהרון,מוסך מורשה,באר שבע,הפלדה 36,08-6230226,84100,67697706,2,מכונאות רכב בנזין | מכונאות רכב דיזל,אלגריסי הנרי
8303,המוסך של מייק,מוסך מורשה,מדרשת בן גוריון,ד.נ. מדרשת בן גוריון דרך הנבטים,052-4764461,84990,40329922,5,מכונאות רכב בנזין | מכונאות רכב דיזל | טרקטורים ומכונות ניידות | תיקון טרקטורונים | תיקון מלגזות הרמה,נץ טושי
8304,מוסך צמרת - אביעד תומר,מוסך מורשה,אשקלון,התעשייה 29,052-8286652,78100,33795899,2,מכונאות רכב בנזין | מכונאות רכב דיזל,אביעד שמואל
8305,ר.מ האומנים בע מ,מוסך מורשה,אשדוד,א ת הכבדה רסקו 12 ת.ד 12660,08-8562121,77100,516487501,5,מכונאות רכב בנזין | מכונאות רכב דיזל | תיקון אחזקת רכב חשמלי/היברידי | תיקון מרכבי רכב | צבעות רכב,דוידי יואב | אטיאס יוסף
8307,דוידוב שרותי דיזל בע מ,מוסך מורשה,ירושלים,תלפיות רח' האומן 26,02-6794041,93420,512170010,5,מכונאות רכב בנזין | מכונאות רכב דיזל | תיקון אחזקת רכב חשמלי/היברידי | חשמלאות רכב | שירות תיקון למזגן אויר לרכב,דוידוב שרון | דוידוף שרון
8308,חיון יהודה ובניו בע מ,מוסך מורשה,אמונים,מושב אמונים,08-8542604,79265,511129173,1,תיקון והחלפת צמיגים,חיון חיים
8311,מוסך אי קאר בהנהלת אנדריי,מוסך מורשה,אשקלון,המסגר 4,052-4602859,78100,317288934,2,מכונאות רכב בנזין | מכונאות רכב דיזל,בוגוסלבסקי אנדר
8314,חלפי מוסך מרום הנגב בע מ,מוסך מורשה,באר שבע,הבדיל 7 ת ד 361,08-6650119,84100,512068552,2,מכונאות רכב בנזין | מכונאות רכב דיזל,חדד משה
8317,ב.ש. פחחות רכב - שלומי,מוסך מורשה,באר שבע,המוסכים 16,058-6826149,84100,305561755,1,תיקון מרכבי רכב,נויסרי הארון
8323,צמיגי מורן חי - שמעון את מעיין,מוסך מורשה,אשקלון,עליית הנוער 20,053-5515502,78100,203072681,1,אוטוטק תיקון והחלפת צמיגים,מדר רפי חי
8328,עמית שרותי רכב ומוסכים 2005 בע מ,מוסך מורשה,באר שבע,פנחס החוצב 16,08-6233498,84100,513700765,2,מכונאות רכב בנזין | מכונאות רכב דיזל,דנינו גבריאל
8329,מוסך מוסמך כדר אמנון,מוסך מורשה,בית שמש,יגאל אלון 10,02-9917646,99000,60669652,5,מכונאות רכב בנזין | מכונאות רכב דיזל | תיקון מרכבי רכב | צבעות רכב | תיקון והחלפת צמיגים,שיטרית דוד | אמנון כדר | כאדר ויקטור
8336,דיקלה שרותי רכב ) 1998 ( בע מ,מוסך מורשה,ירושלים,תלפ. רח' יד חרוצים 5,02-6722226,93420,512712761,4,מכונאות רכב בנזין | מכונאות רכב דיזל | תיקון מרכבי רכב | צבעות רכב,שם טוב משה | אבודלו מוסא | סכור חאלד
8347,מוסך אלכסנדר,מוסך מורשה,באר שבע,דקל 2\8,054-6610669,84890,304517246,2,תיקון מרכבי רכב | צבעות רכב,זרחין ולדימיר
8349,מוסך לכיש- חיון ניסים,מוסך מורשה,קריית גת,ישראל פולק 27,08-6811071,82000,56560642,2,מכונאות רכב בנזין | מכונאות רכב דיזל,ברדה משה
8359,כנפו-מוסך מיקי לקרבורטורים,מוסך מורשה,ירושלים,תלפיות התעשיה 2 )אמינפא (1,02-6788406,93420,67633214,2,מכונאות רכב בנזין | מכונאות רכב דיזל,קנפו מיכאל
8368,פנצ'רית אלקובי,מוסך מורשה,דימונה,העמל 67 ת.ד. 1586,08-6558725,86000,57529554,2,תיקון והחלפת צמיגים | תיקון וכוון מתלים ברכב,אלקובי שמעון
8373,אוטו חן בע מ,מוסך מורשה,ירושלים,מפעלות 13 ת ד 27030,02-5833777,91270,510421787,8,מכונאות רכב בנזין | מכונאות רכב דיזל | מכונאות דיזל משאיות ואוטובוסים | תיקון אחזקת רכב חשמלי/היברידי | חשמלאות רכב | תחזוקה ובדיקת מערכת כיבוי אש באוטו' | אוטוטק מרכבי רכב וצביעתם | שירות תיקון למזגן אויר לרכב,סוואחרה מחמוד
8374,אגד חברה לתחבורה בע מ,מוסך רישוי לשרות עצמי ורכב חדש,ירושלים,המפעלות 25 א.ת עטרות,03-9145238,91131,516041118,12,אוטוטק רכב קל | מכונאות דיזל משאיות ואוטובוסים | תיקון אחזקת רכב חשמלי/היברידי | חשמלאות רכב | מסגרות רכב )תיקון ארגזים) | תחזוקה ובדיקת מערכת כיבוי אש באוטו' | בדיקות עשן ברכב דיזל | מוסך רישוי לשרות עצמי | אוטוטק מרכבי רכב וצביעתם | רישום ורישוי לרכב חדש | תיקון וכוון מתלים ברכב | תיקון וכיול טכוגרפים,איבלב יורי | עוודאללה שפיק | סעדיה יוסף | כהן  ששון | כהן ששון | מרדכי רונן
8377,א.ב מוטורסקאר בע מ,מוסך מורשה,אשדוד,א.ת. הצפוני האשלג 50,050-9799965,77100,517237327,5,מכונאות רכב בנזין | מכונאות רכב דיזל | תיקון אחזקת רכב חשמלי/היברידי | תיקון מרכבי רכב | צבעות רכב,פיליפ מיכאי | גווילס פהמי | בוקובזה נסים
8379,אלבז י.נ.ג בירכת הדרך צמיגים,מוסך מורשה,שדרות,הפלדה 1 ת.ד. 562,050-6935251,80100,514397587,1,תיקון והחלפת צמיגים,אלבז יובל
8380,מוסך עלומים אגש ח בע מ,מוסך מורשה,עלומים,ד.נ. הנגב עלומים,08-9937219,85138,570068585,9,מכונאות רכב בנזין | מכונאות רכב דיזל | תיקון אחזקת רכב חשמלי/היברידי | מסגרות רכב )תיקון ארגזים) | תיקון והחלפת צמיגים | אישור כשירות לצמ ה ומכונה ניידת | טרקטורים ומכונות ניידות | תיקון מלגזות הרמה | תיקון וכוון מתלים ברכב,סגל מיכה | פנחס רחמני | ברגשטיין דוב | בן דב  גבריאל | בן דב גבריאל
8381,מוסך א.א כדורי בע מ,מוסך מורשה,באר שבע,הנחושת 8 ת.ד 2072,08-6273007,84110,512067240,2,מכונאות רכב בנזין | מכונאות רכב דיזל,עבדו ראובן
8383,מוסך ערבה אילת בע מ,מוסך מורשה,אילת,זעת אפיך 13 ת ד 247,08-6378220,88000,511365330,2,תיקון מרכבי רכב | צבעות רכב,סעאידה פהד
8385,מוסך דוקטור לרכב,מוסך מורשה,באר שבע,הפחח 9 ת.ד 5269,052-6761170,84130,201332368,1,אוטוטק רכב קל,גבר שי
8395,א.י צמיגי יעד 1992 בע מ,מוסך מורשה,קריית מלאכי,תחנת פז ק מלאכי,08-8585234,70900,511752057,1,תיקון והחלפת צמיגים,אוזן אבי
8397,פנצ'רית הדרום בע מ,מוסך מורשה,באר טוביה,א התעשיה ת.ד. 1075,08-8586192,70996,512707548,1,תיקון והחלפת צמיגים,יעקב אביב
8402,צרפתי משה - צרפתי שירותי רכב,מוסך מורשה,אשדוד,העבודה 17/20 ת.ד. 12704,052-9533925,77100,28820306,2,תיקון מרכבי רכב | צבעות רכב,צרפתי משה
8420,מוסך א.ש. שירותי מכונאות - אביב,מוסך מורשה,אשקלון,הכישור 16,08-6750620,78100,60125499,2,מכונאות רכב בנזין | מכונאות רכב דיזל,חטאב יהודה
8421,מוסך דיזל עטרות ירושלים בע מ,מוסך מורשה,ירושלים,עטרות 35,02-5834066,91720,510811151,13,מכונאות רכב בנזין | אוטוטק רכב קל | מכונאות רכב דיזל | מכונאות דיזל משאיות ואוטובוסים | תיקון אחזקת רכב חשמלי/היברידי | חשמלאות רכב | תיקון מרכבי רכב | מסגרות רכב )תיקון ארגזים) | צבעות רכב | תחזוקה ובדיקת מערכת כיבוי אש באוטו' | תיקון מלגזות הרמה | תיקון וכוון מתלים ברכב | שירות תיקון למזגן אויר לרכב,יצחק אליהו | נתשה דיב | יצחקי אליהו | גלילי בנימין | ויינשטיין גיל | מזרחי שמעון
8425,מ. הדרום ש.רכב- אבו עבדון נואף,מוסך מורשה,באר שבע,המלאכה 10\9  ת.ד.17315,08-6650178,84100,23403868,2,מכונאות רכב בנזין | מכונאות רכב דיזל,אבו עבדון נואף
8428,מוסך  ירין - אבו דוד,מוסך מורשה,שדרות,בלגרד 60 ת.ד. 24,08-6899492,80100,67585430,2,מכונאות רכב בנזין | מכונאות רכב דיזל,אבו דוד
8429,מוסך אחים ראמי,מוסך מורשה,באר שבע,הפועלים 13 ת ד 2077,054-7937098,8429,302992367,2,מכונאות רכב בנזין | מכונאות רכב דיזל,כהן רפאל
8438,צמיגי אוזן שלמה,מוסך מורשה,בני ראם,תחנת פז מסמיה,050-5264783,79830,55683452,1,תיקון והחלפת צמיגים,אוזן שלמה
8440,הצומת מרכז לשרותי רכב בע מ,מוסך מורשה,בית שמש,א התעשיה תד 185,02-9916520,99000,511934564,8,מכונאות רכב בנזין | מכונאות רכב דיזל | חשמלאות רכב | תיקון מרכבי רכב | צבעות רכב | תיקון והחלפת צמיגים | בדיקות-רכב )קניה ומכירה) | שירות תיקון למזגן אויר לרכב,ניסן אברהם | אבו ניגמה אסעד
8448,מוסך ליעד - סעדה מאיר,מוסך מורשה,אילת,התושיה 14 ת.ד 5447,050-7303328,88125,57706350,3,מכונאות רכב בנזין | מכונאות רכב דיזל | שירות תיקון למזגן אויר לרכב,סעדה מאיר
8462,ציוד בע מ,מוסך מורשה,אשדוד,א.ת. צפוני רחוב המתכת 13,08-8564064,77163,51016467,3,אישור כשירות לצמ ה ומכונה ניידת | טרקטורים ומכונות ניידות | תיקון מלגזות הרמה,בר כוכבא אברהם
8466,מוסך כלל - אבו סולים הישאם,מוסך מורשה,באר שבע,פנחס החוצב 139,08-6278804,84890,315990572,2,מכונאות רכב בנזין | מכונאות רכב דיזל,ארבל אלון
8471,פנצרית דוד - טויטו דוד,מוסך מורשה,נתיבות,רבי עקיבא 10,08-9944392,80200,56569031,1,תיקון והחלפת צמיגים,טויטו דוד
8474,נסים יוסף צמיגי דניה,מוסך מורשה,ירושלים,גולומב תחנת דלק,02-6438244,96903,51158095,1,תיקון והחלפת צמיגים,נסים יוסף
8476,א.א אשקלון - סטוליאר גריגורי,מוסך מורשה,אשקלון,צה ל 16 בתחנת דלק,08-6756001,78100,304255516,2,אוטוטק רכב קל | תיקון אחזקת רכב חשמלי/היברידי,סטוליאר גריגורי
8477,א.י.ע. ניו מוטורס (2010) בע מ,מוסך מורשה,אשדוד,העבודה 12 ת.ד 12592,08-8561057,78100,514474642,8,מכונאות רכב בנזין | מכונאות רכב דיזל | מכונאות דיזל משאיות ואוטובוסים | תיקון אחזקת רכב חשמלי/היברידי | אישור כשירות לצמ ה ומכונה ניידת | טרקטורים ומכונות ניידות | תיקון מלגזות הרמה | שירות תיקון למזגן אויר לרכב,ביטון אברהם
8480,פנצרית יוסי בע מ,מוסך מורשה,בית שמש,אזור התעשיה רח' יגאל אלון,02-9916260,99000,512409962,1,תיקון והחלפת צמיגים,חגג יוסי
8486,גבים אחזקות אגש ח בע מ,מוסך מורשה,גבים,ד.נ חוף אשקלון,08-6802265,79165,570045641,5,מכונאות רכב בנזין | מכונאות רכב דיזל | טרקטורים ומכונות ניידות | תיקון טרקטורונים | תיקון מלגזות הרמה,אושרי חיים
8497,ביטון אילן בע מ - מוסך,מוסך מורשה,אשדוד,עד הלום תד 2580,08-8557271,77124,513617738,2,חשמלאות רכב | שירות תיקון למזגן אויר לרכב,שי אברהם
8507,מוסך טורבו גת - נגר דוד,מוסך מורשה,קריית גת,כסלו 11,08-6882133,82000,67216762,6,אוטוטק רכב קל | מכונאות רכב דיזל | בדיקות-רכב )קניה ומכירה) | תיקון טרקטורונים | תיקון וכוון מתלים ברכב | בדיקת רכב לאחר תאונה,נגר ירון | נגר דוד
8510,נמיר מאהר - מוסך נמיר מאהר,מוסך מורשה,אשדוד,ניר גלים 1 צ.הנמל אשדוד,08-86203443,77100,26403493,3,תיקון אחזקת רכב חשמלי/היברידי | תיקון מרכבי רכב | צבעות רכב,חשים פארוק
8516,צמיגי פז ערד בע מ,מוסך מורשה,ערד,תחנת דלק ת.ד 1412,08-9950070,80700,512069881,1,תיקון והחלפת צמיגים,פרץ משה
8518,מוסך סופי - פרץ חיים,מוסך מורשה,שדרות,הנחלים 1 א.ת ישן,050-5252493,80100,58900556,9,מכונאות רכב בנזין | מכונאות רכב דיזל | מכונאות דיזל משאיות ואוטובוסים | תיקון מרכבי רכב | צבעות רכב | אישור כשירות לצמ ה ומכונה ניידת | טרקטורים ומכונות ניידות | תיקון מלגזות הרמה | שירות תיקון למזגן אויר לרכב,פרץ חיים
8521,ברינדר יואב - יואב שרותי רכב,מוסך מורשה,ירושלים,בית היוצר 8 ת ד 52093,02-6788899,93420,56637655,2,מכונאות רכב בנזין | מכונאות רכב דיזל,ברינדר יואב
8522,א.מ.ש. מוסך בר נתן בע מ,מוסך מורשה,אשקלון,הכישור 20 ת.ד. 306,08-6722268,78100,516127503,2,תיקון מרכבי רכב | צבעות רכב,אלמה שמעון
8528,מוסך גד ש  - קיבוץ גבולות,מוסך מורשה,גבולות,קיבוץ גבולות,08-9983113,85525,570041095,5,אוטוטק רכב קל | אישור כשירות לצמ ה ומכונה ניידת | תיקון טרקטורונים | אוטוטק טרקטורים ומכונות ניידות | תיקון מלגזות הרמה,דיאמנט פסח אלי
8533,חברת החשמל מוסך החברה,מוסך מורשה,באר שבע,דרך חברון,08-6463454,84244,520000472,3,אוטוטק רכב קל | מכונאות דיזל משאיות ואוטובוסים | חשמלאות רכב,זינו דוד | פרץ חגי מאיר
8539,רדיאטור ואגזוזים - אמויאל שמעון,מוסך מורשה,דימונה,המלאכה 51,08-6559792,86000,27055128,2,תיקון רדיאטורים )מצננים) | תיקון צנורות פליטה ודודי עמם,אמויאל שמעון
8542,מוסך קלדרון ב ש בע מ,מוסך מורשה,באר שבע,הנחושת 14 ת.ד 7022,08-6282299,84845,510920325,7,אוטוטק רכב קל | מכונאות דיזל משאיות ואוטובוסים | תיקון אחזקת רכב חשמלי/היברידי | תחזוקה ובדיקת מערכת כיבוי אש באוטו' | אישור כשירות לצמ ה ומכונה ניידת | אוטוטק מרכבי רכב וצביעתם | אוטוטק טרקטורים ומכונות ניידות,קלדרון אלי | בוזגלו מרדכי
8545,עין השלושה מוסך הקבוץ,מוסך מורשה,עין השלושה,ד.נ. הנגב,08-9985786,85128,570007823,4,מכונאות רכב בנזין | מכונאות רכב דיזל | טרקטורים ומכונות ניידות | תיקון מלגזות הרמה,אזולי יורם | אזולאי יורם
8555,מוסך אוטו - גת בע מ,מוסך מורשה,קריית גת,תמוז 22,08-6811534,82000,514274059,7,מכונאות רכב בנזין | מכונאות רכב דיזל | תיקון אחזקת רכב חשמלי/היברידי | חשמלאות רכב | תיקון מרכבי רכב | צבעות רכב | שירות תיקון למזגן אויר לרכב,פרץ מיכאל | קדוש מאיר
8557,קרית האחים בהג'ת,מוסך מורשה,באר שבע,פנחס החוצב 145,052-6492250,84890,318181765,4,מכונאות רכב בנזין | מכונאות רכב דיזל | תיקון והחלפת צמיגים | תיקון וכוון מתלים ברכב,כהן יצחק
8563,מוסך מוניטין - חדד אהרון,מוסך מורשה,באר שבע,פנחס החוצב 6,08-6289959,84100,55015317,1,אוטוטק מרכבי רכב וצביעתם,חדד אהרן
8570,מוסך רואי מרדכי - בהנהלת רגב,מוסך מורשה,שדרות,בלגרד 4,053-3919119,80100,39055926,2,תיקון מרכבי רכב | צבעות רכב,טויטו יורם
8573,אברהם את שלום - מוסך גלקסי,מוסך מורשה,קריית מלאכי,א.תעשיה רח' העמל 15,054-4324632,70900,26935650,2,מכונאות רכב בנזין | מכונאות רכב דיזל,אברהם יהודה | גידה שלום
8575,ע.נ. הבודק בע מ,מוסך מורשה,באר שבע,הפחח 7,054-8780866,84100,516752177,3,אוטוטק רכב קל | בדיקות-רכב )קניה ומכירה) | תיקון וכוון מתלים ברכב,ישי נדיר
8580,אגד חברה לתחבורה בע מ,מוסך מורשה,ירושלים,גבעת שאול הר תבור,02-6557722,95477,516041118,5,אוטוטק רכב קל | מכונאות דיזל משאיות ואוטובוסים | תיקון אחזקת רכב חשמלי/היברידי | תחזוקה ובדיקת מערכת כיבוי אש באוטו' | תיקון וכיול טכוגרפים,אלמוג יאיר | כהן אורן
8581,אשרף אחמד חשמל רכב אשרף,מוסך מורשה,ירושלים,ואדי אל אגוז 76 ת.ד 54960,052-8443267,97400,29849551,2,חשמלאות רכב | שירות תיקון למזגן אויר לרכב,אחמד אשרף
8588,עסקים שדה בוקר אגש ח בע מ,מוסך מורשה,שדה בוקר,קיבוץ שדה בוקר,08-6560128,84993,570071340,6,אוטוטק רכב קל | תיקון אחזקת רכב חשמלי/היברידי | תיקון והחלפת צמיגים | אישור כשירות לצמ ה ומכונה ניידת | אוטוטק טרקטורים ומכונות ניידות | תיקון מלגזות הרמה,גוניקמן אלכסנדר | ליבנה דניאל
8591,מוסך אריה - אלוש אריה,מוסך מורשה,באר שבע,דקל 3\8,08-6278777,84890,63054084,2,מכונאות רכב בנזין | מכונאות רכב דיזל,בינדר וולף
8599,מסגריית אקספרס בע מ,מוסך מורשה,באר שבע,הבדיל 29 ת.ד. 2138,08-6272913,84105,512433327,1,מסגרות רכב )תיקון ארגזים),אלי שלי
8600,מוסך הקיבוץ חצרים,מוסך מורשה,חצרים,ד.נ הנגב חצרים,08-6473322,85505,570006239,7,מכונאות רכב בנזין | מכונאות רכב דיזל | תיקון אחזקת רכב חשמלי/היברידי | תיקון והחלפת צמיגים | טרקטורים ומכונות ניידות | תיקון טרקטורונים | תיקון מלגזות הרמה,שטוטמן שמואל
8602,דוידיאן את אוריאל _ מוסך אופק,מוסך מורשה,ירושלים,תלפיות יד חרוצים 14,02-6715076,93420,53662771,2,מכונאות רכב בנזין | מכונאות רכב דיזל,דוידיאן שלום | מרטינוטי אוריאל
8605,כלמוביל בע מ,מוסך רישוי לרכב חדש,אשדוד,היוזמה 33,08-8518555,77100,510242670,4,תיקון אחזקת רכב חשמלי/היברידי | חשמלאות רכב | אוטוטק מרכבי רכב וצביעתם | רישום ורישוי לרכב חדש,אמסלם אילן אלי | אמסלם אילן | סלבאק וסים | בוכריס אליהו
8613,מוסך דודו כהן (2009) בע מ,מוסך מורשה,ירושלים,תלפיות יד חרוצים 14,02-5379995,93420,514332600,1,אוטוטק מרכבי רכב וצביעתם,כהן דוד
8614,מוסך הניצוץ אילת - קבלן ברוך,מוסך מורשה,אילת,יוזמה 4 ת.ד 203,052-8990055,,57715708,4,מכונאות רכב בנזין | מכונאות רכב דיזל | חשמלאות רכב | תיקון צנורות פליטה ודודי עמם,קבלו ברוך
8618,צמיגי פאר - חנוך,מוסך מורשה,אופקים,אפיקים בנגב 1,08-9925283,80300,23794852,2,תיקון והחלפת צמיגים | תיקון וכוון מתלים ברכב,צפרירי חנוך
8620,הסעות ומוסך אחים אדם,מוסך מורשה,באר שבע,פנחס החוצב 138,050-8721143,84890,26426247,3,מכונאות רכב בנזין | מכונאות רכב דיזל | מכונאות דיזל משאיות ואוטובוסים,נבארי קמאל
8629,א.ח.כרמלי (1992)בע מ,מוסך מורשה,באר שבע,תוצרת הארץ 1 ת ד 2314,08-6900949,84874,511722019,6,אוטוטק רכב קל | תיקון אחזקת רכב חשמלי/היברידי | תיקון מרכבי רכב | צבעות רכב | תיקון טרקטורונים | תיקון וכוון מתלים ברכב,אלעוברה עומר | ביליה דוד | ביליה  דוד
8633,מרכז שירות אקספרס אשדוד,מוסך מורשה,אשדוד,רחוב העמל 29 ת.ד 12365,08-6440500,77100,514257278,3,מכונאות רכב בנזין | מכונאות רכב דיזל | תיקון אחזקת רכב חשמלי/היברידי,בן ברוך אליהו ח
8635,רפי אסרף בע מ פחחות וצבעות רכב,מוסך מורשה,באר שבע,פנחס החוצב 36,08-6235386,84112,511147019,3,תיקון אחזקת רכב חשמלי/היברידי | תיקון מרכבי רכב | צבעות רכב,אסרף אבי | אסרף  אבי
8643,מהנד כורד מוסך אמאל,מוסך מורשה,ירושלים,ואדי אל אג'וז ת.ד 83359,02-6282003,97400,60609476,1,חשמלאות רכב,מהנד כורד
8647,מוסך רעים - סויסה מתן,מוסך מורשה,דימונה,העמל 70,08-6550057,86000,300715489,2,מכונאות רכב בנזין | מכונאות רכב דיזל,סויסה אשר
8652,מוסך אוורסט - טוויל יצחק,מוסך מורשה,אילת,הבנאי 3 ת.ד. 9239,052-8993001,88000,80766033,1,תיקון מרכבי רכב,טוויל יצחק
8657,גרופית מוסך הקיבוץ,מוסך מורשה,גרופית,ד.נ חבל אילות גרופית,08-6357750,88825,570040139,7,אוטוטק רכב קל | מכונאות רכב דיזל | תיקון אחזקת רכב חשמלי/היברידי | תיקון והחלפת צמיגים | אישור כשירות לצמ ה ומכונה ניידת | טרקטורים ומכונות ניידות | תיקון מלגזות הרמה,זאבי שלום | שטרום אליחי
8661,חרש אשדוד 2000 בע מ,מוסך רישוי לרכב חדש,אשדוד,רח הקידמה 14 א.ת צפוני אשדוד,08-8564330,77100,512946112,1,רישום ורישוי לרכב חדש,ארד מנשה
8663,מוטי צמיגים,מוסך מורשה,אופקים,המלאכה 50,050-7543333,80200,28974699,1,תיקון והחלפת צמיגים,צפרירי מרדכי
8673,זיר מחמד עמאד - מוסך בקעה,מוסך מורשה,ירושלים,יד חרוצים 14 ת.ד 52300,02-6719982,93420,23309230,2,מכונאות רכב בנזין | מכונאות רכב דיזל,זיר מחמד עמאד
8680,רוכמן הנריק מוסך הרשלה,מוסך מורשה,אשדוד,א. תעשיה הצפוני,08-8561865,77100,64470099,2,חשמלאות רכב | שירות תיקון למזגן אויר לרכב,רוכמן)צבי(הנריק
8700,עתיד העמק 1993 - בהנהלת עבד,מוסך מורשה,באר שבע,הפלדה 15א  ת.ד 2200,08-6273485,84100,54412945,2,מכונאות רכב בנזין | מכונאות רכב דיזל,עבד אל רחמן
8707,פרופשיונל מוטורס 3 בע מ,מוסך מורשה,באר טוביה,ניר 5,08-8501267,70900,515019537,1,אוטוטק רכב קל,בן שימול שלמה
8708,מטרו מוטור שיווק (1981) בע מ,מוסך מורשה,באר שבע,פנחס החוצב 7,08-6278278,84890,510892490,3,תיקון והחלפת צמיגים | מכונאות אופנועים וקטנועים | תיקון טרקטורונים,פרלמן דניס
8710,אוטו - טופ בנגב בע מ,מוסך מורשה,באר שבע,הפועלים 13 ת ד 2150,08-6652191,84100,513986539,1,בדיקות-רכב )קניה ומכירה),בראנץ עמוס
8718,מולדת בע מ-מוסך למכונאות ופחחות,מוסך מורשה,ירושלים,תלפיות יד חרוצים 4,02-6731606,97800,511185126,5,מכונאות רכב בנזין | מכונאות רכב דיזל | תיקון מרכבי רכב | צבעות רכב | שירות תיקון למזגן אויר לרכב,בן שמעון אושיק | שחאדי פאיז | גד אחמד
8725,אלת הצמיגים סחר והשקעות בע מ,מוסך מורשה,אשקלון,הפנינים 2,052-3333384,78100,516333416,1,תיקון והחלפת צמיגים,אליהו חיים
8728,רלקס הנדסה (1996) בע מ,מוסך מורשה,אשדוד,שד-בני ברית צומת הנמל ת.ד. 6508,08-8535038,77100,512319385,8,מכונאות רכב בנזין | אוטוטק רכב קל | מכונאות רכב דיזל | תיקון אחזקת רכב חשמלי/היברידי | תיקון מרכבי רכב | צבעות רכב | בדיקות-רכב )קניה ומכירה) | בדיקת רכב לאחר תאונה,הרשקוביץ רפאל | הרשקוביץ שמואל
8734,צמיגי אחים ברנס אשדוד בע מ,מוסך מורשה,אשדוד,האופים 6 ת.ד. 12063,08-8560480,77100,512872623,1,תיקון והחלפת צמיגים,ברנס ברוך
8735,ניקולאי פירוגוב - מוסך ניקולאי,מוסך מורשה,אשדוד,א.תעשיה רח' העבודה 54,052-8198923,77100,323493163,2,מכונאות רכב בנזין | מכונאות רכב דיזל,פירוגוב ניקולאי
8737,מלגזות הדרום בע מ,מוסך מורשה,באר שבע,הבדיל 24,052-3960336,84100,516241247,3,אישור כשירות לצמ ה ומכונה ניידת | תיקון טרקטורונים | אוטוטק טרקטורים ומכונות ניידות,מארק גיל
8738,מרכז כלי רכב מ.ו. בע מ,מוסך מורשה,אשקלון,הגלגל 4,054-9438497,78100,517130688,2,תיקון מרכבי רכב | צבעות רכב,מסיכה יעקב
8741,מוסך גבעת שאול,מוסך מורשה,ירושלים,ג.שאול ב.דפוס 29 ת.ד 34519,052-3327017,95477,326237906,3,מכונאות רכב בנזין | מכונאות רכב דיזל | תיקון אחזקת רכב חשמלי/היברידי,רימר זמיר
8750,מכון טורבו קרבורטור- מכלוף ניסים,מוסך מורשה,אשקלון,עליית הנוער 1 ת.ד 5475,052-2600156,78100,54715974,1,תיקון קרבורטורים,מכלוף ניסים
8752,תייסיר חלוואני - תייסיר ש' רכב,מוסך מורשה,ירושלים,תלפיות רחוב הסדנא 7,02-6783592,93420,81039620,2,חשמלאות רכב | שירות תיקון למזגן אויר לרכב,חלואני תיסיר
8753,שריד איתן-מוסך חפץ חיים,מוסך מורשה,ירושלים,ג.שאול רח' בית הדפוס 24,02-6511539,91000,28799435,4,מכונאות רכב בנזין | מכונאות רכב דיזל | תיקון מרכבי רכב | צבעות רכב,שריד איתן
8756,צמיגי ניסימוב,מוסך מורשה,קריית גת,טבת 5,08-6600524,82000,303845614,2,תיקון והחלפת צמיגים | תיקון וכוון מתלים ברכב,ניסימוב יפים | בלינדר יבגני
8761,א. אור חדש בהנהלת אבי זיקרי,מוסך מורשה,אילת,התבונה 3,08-6318840,88000,58013442,4,מכונאות רכב בנזין | מכונאות רכב דיזל | חשמלאות רכב | שירות תיקון למזגן אויר לרכב,זיקרי אברהם
8771,אור - צת שרותי רכב בע מ,מוסך מורשה,ירושלים,בית הדפוס 24,02-6514446,95483,511853186,3,מכונאות רכב בנזין | מכונאות רכב דיזל | שירות תיקון למזגן אויר לרכב,הרשקוביץ יהושוע
8783,צמיגי רונדו 1989 בע מ,מוסך מורשה,ירושלים,בית הדפוס 3 ת ד 34672,02-6525842,95477,511380040,1,תיקון והחלפת צמיגים,שבת דוד
8789,א.א ניר פחחות וצבע בע מ,מוסך מורשה,באר שבע,הנחושת 1 ת ד 2204,08-9105454,84100,514888130,5,מכונאות רכב בנזין | מכונאות רכב דיזל | מכונאות דיזל משאיות ואוטובוסים | תיקון מרכבי רכב | צבעות רכב,ויסמן בוריס | ניר איתן
8790,מכון רישוי - היימן 1990 בע מ,מכון רישוי,אשדוד,הקידמה 2 ת.ד 414,08-8563323,77100,511465767,2,בדיקות עשן ברכב דיזל | מכון רישוי-פתוח לשרות הציבור,קרוטורו חיים
8791,סופר צמיג - נהור בע מ,מוסך מורשה,ירושלים,האומן 26 ת.ד 53373,02-6781363,93420,513340919,2,תיקון והחלפת צמיגים | תיקון וכוון מתלים ברכב,נהור אלי | נתנאל יהודה
8796,בסט מוטורס מכונאות כללית,מוסך מורשה,באר שבע,פנחס החוצב 20,08-6900020,84890,321140253,3,מכונאות רכב בנזין | מכונאות רכב דיזל | תיקון וכוון מתלים ברכב,אטיאס אשר | אבוטבול משה
8798,חסן מאיר - מוסך מאיר,מוסך מורשה,קריית מלאכי,א. התעשיה,08-8580063,70900,55866982,2,מכונאות רכב בנזין | מכונאות רכב דיזל,חסן מאיר
8804,בני את דוד בע מ,מוסך מורשה,אשקלון,המרכבה 16 ת.ד. 353,08-6750649,78102,511719288,3,מכונאות רכב בנזין | מכונאות רכב דיזל | תיקון אחזקת רכב חשמלי/היברידי,שלום בנימין
8805,חיים לוי 1998 בע מ,מוסך מורשה,ירושלים,תלפיות רח' הרכבים 15,02-6225999,93420,512699109,6,מכונאות רכב בנזין | אוטוטק רכב קל | מכונאות רכב דיזל | תיקון אחזקת רכב חשמלי/היברידי | תיקון מרכבי רכב | צבעות רכב,לוי רונן | סלהב יאסר | גבר האני
8806,מוסך לוק בע מ,מוסך מורשה,שדרות,לונדון 6 ת ד 435,08-6899072,80100,515089753,3,תיקון אחזקת רכב חשמלי/היברידי | תיקון מרכבי רכב | צבעות רכב,לוק רונן
8811,מעבדות פרונט ירושלים בע מ,מוסך מורשה,ירושלים,ג.שאול רח' בית הדפוס 24,02-6521520,91000,512044561,4,אוטוטק רכב קל | תיקון אחזקת רכב חשמלי/היברידי | תיקון מרכבי רכב | צבעות רכב,אלפי יצחק יצי | נתשה עלי
8812,ארמונד מוסך מרכזי - ארמנדו עבד,מוסך מורשה,באר שבע,פנחס החוצב 85 ת.ד.6243,052-2765513,84890,58328725,1,אוטוטק רכב קל,עבד ארמנדו
8813,השכרת רכב בע מ - מאל מור,מוסך מורשה,אשקלון,המסלול 2 א.ת צפוני,08-6750714,78100,511178329,2,מכונאות רכב בנזין | מכונאות רכב דיזל,מורדוך יחזקאל
8821,צמיגי תלפיות בע מ,מוסך מורשה,ירושלים,תלפיות - רח' צרת 2,02-6781508,93420,512883380,4,מכונאות רכב בנזין | תיקון והחלפת צמיגים | תיקון וכוון מתלים ברכב | בדיקת רכב לאחר תאונה,בן גיגי אורי | בן גיגי אורי יה | דדיה ליאור
8822,כ.פ.-א.ב. בע'מ -מוסך מכונאות,מוסך מורשה,אשדוד,העבודה 10,08-8533790,77600,511643264,4,מכונאות רכב בנזין | מכונאות רכב דיזל | תיקון אחזקת רכב חשמלי/היברידי | חשמלאות רכב,קןרן טל | קורן טל
8825,מוקה פחחות וצבע בע מ,מוסך מורשה,אשדוד,האופים 4,08-6230001,77604,517337648,2,תיקון אחזקת רכב חשמלי/היברידי | אוטוטק מרכבי רכב וצביעתם,טה מחמוד
8828,איטח זילבר-חשמל ומיזוג אויר לרכב,מוסך מורשה,אשדוד,האופים 7 א. תעשיה,08-8522011,77100,24013971,2,חשמלאות רכב | שירות תיקון למזגן אויר לרכב,איטח זילבר
8829,עירית ירושלים- מוסך,מוסך מורשה,ירושלים,ג.שאול מרכז תחזוקה,02-5314622,95477,500230008,6,מכונאות רכב בנזין | מכונאות רכב דיזל | מכונאות דיזל משאיות ואוטובוסים | חשמלאות רכב | אישור כשירות לצמ ה ומכונה ניידת | טרקטורים ומכונות ניידות,בן ישי אבשלום-ח | הרצל פיטל | טיאר אברהם
8833,חברון עסיס - מוסך מילניום,מוסך מורשה,ירושלים,תלפיות התעשיה 5 ת ד 53401,02-6731313,93420,59794446,3,מכונאות רכב בנזין | מכונאות רכב דיזל | תיקון טרקטורונים,עסיס חברון
8836,מוסך בני יצחק אסייג בע מ,מוסך מורשה,ירושלים,תלפיות תעשיה 5 ת.ד. 52184,02-6734756,93920,513558742,6,מכונאות רכב בנזין | מכונאות רכב דיזל | חשמלאות רכב | תיקון מרכבי רכב | צבעות רכב | שירות תיקון למזגן אויר לרכב,ניימן דב | עאבדין עמאר
8837,אוחיון סימון חשמל רכב סימון,מוסך מורשה,אשדוד,הנחושת 33 ת.ד 2473,08-8562024,77607,63503635,1,חשמלאות רכב,אוחיון סימון
8838,ישראלי יעקב חשמל רכב ישראלי,מוסך מורשה,אשדוד,העבודה 20 ת ד 12131,08-8566372,77601,27741354,2,חשמלאות רכב | שירות תיקון למזגן אויר לרכב,ישראלי יעקב
8840,סדי מתתיהו - מוסך לב זהב,מוסך מורשה,ירושלים,ג.שאול בית הדפוס 24,02-6522750,95477,34205781,2,מכונאות רכב בנזין | מכונאות רכב דיזל,פופוביץ איל
8841,מוסך רמזור בע מ,מוסך מורשה,ירושלים,רח' התעשיה 5 תלפיות,02-6711442,93420,515773000,1,מכונאות אופנועים וקטנועים,רדוץ עמיר
8843,גאבר נאג'י - מוסך לחברה,מוסך מורשה,ירושלים,תלפיות רח' יד חרוצים 14,02-6718570,93420,57036543,2,מכונאות רכב בנזין | מכונאות רכב דיזל,גאבר נאג'י
8846,מלול עמי-מוסך רדיאטורים ואגזוזים,מוסך מורשה,קריית מלאכי,א.התעשיה מבנה 55 ת.ד. 768,08-8586210,70900,63205553,2,תיקון רדיאטורים )מצננים) | תיקון צנורות פליטה ודודי עמם,מלול עמי
8849,מוסך טובאי - טובאי שלמה,מוסך מורשה,אשקלון,צה ל 25,08-6750799,78593,12490041,1,מכונאות רכב בנזין,כהן מרדכי
8850,בן עמי ארמונד - מכון רדיאטורים,מוסך מורשה,ירושלים,תלפ.בעלי מלאכה 17,02-6788678,93420,231431,1,תיקון רדיאטורים )מצננים),בן-עמי ארמונד
8854,מימד מרכז שירות בע מ,מוסך מורשה,באר שבע,הבדיל 21,053-6670074,84100,514415074,3,מכונאות רכב בנזין | מכונאות רכב דיזל | תיקון וכוון מתלים ברכב,דנינו אורי הרצ
8855,מוסך המומחה בע מ,מוסך מורשה,באר שבע,פנחס החוצב 2,08-6238296,84890,511030421,2,תיקון מרכבי רכב | צבעות רכב,פנסו אבנר | פנסו אהרון
8858,מטרו הבירה - מומנט אופנועים,מוסך מורשה,ירושלים,התעשייה 5 מרכז בליליוס,053-7351897,93420,43547546,2,מכונאות אופנועים וקטנועים | תיקון טרקטורונים,ברמן אברהם
8861,דינו יהודה-מוסך יהודה,מוסך רישוי לציוד חקלאי,סגולה,מרכז מנס דנ.שקמים,08-8501826,79835,45729142,8,מכונאות רכב בנזין | מכונאות רכב דיזל | מכונאות דיזל משאיות ואוטובוסים | מוסך רישוי לציוד חקלאי | אישור כשירות לצמ ה ומכונה ניידת | טרקטורים ומכונות ניידות | תיקון טרקטורונים | תיקון מלגזות הרמה,דינו יהודה | דינו משה
8867,חב' החשמל לישראל בעמ' סניף י -ם,מוסך מורשה,ירושלים,המלמד 44 ג. שאול,054-6091743,95477,520000472,2,אוטוטק רכב קל | מכונאות דיזל משאיות ואוטובוסים,כהן אבא יצחק
8870,מכשירי תנועה ומכוניות 2004 בע מ,מוסך מורשה,ירושלים,תלפיות ד.בית לחם 144,02-6715017,93420,513619601,6,אוטוטק רכב קל | תיקון אחזקת רכב חשמלי/היברידי | תיקון מרכבי רכב | צבעות רכב | תיקון והחלפת צמיגים | תיקון וכוון מתלים ברכב,פוליטי עדי יעקב | רגבי דאוד | אדקידק עמאד
8875,מוסך מדינה בע מ,מוסך מורשה,ירושלים,תלפיות רח' התעשיה 5,02-6732503,93420,511475600,3,תיקון אחזקת רכב חשמלי/היברידי | תיקון מרכבי רכב | צבעות רכב,מדינה גבריאל | מדינה גבי
8879,יחזקאל שלום ורחמים בע מ,מוסך מורשה,אשקלון,המרכבה 16,08-6750561,78100,51118875,2,תיקון מרכבי רכב | צבעות רכב,שלום יחזקאל
8881,מוסך רושל בע מ,מוסך מורשה,באר שבע,הבדיל 39 ת ד 2020,050-7231822,84100,516879848,1,אוטוטק רכב קל,ברזילאי מצליח ד
8884,מוסך אשקלון - גויטע גבעתי רחמים,מוסך מורשה,אשקלון,הגלגל 1,08-6751682,78100,51743599,4,מכונאות רכב בנזין | מכונאות רכב דיזל | תיקון מרכבי רכב | צבעות רכב,גויטע רחמים | פייגין אולג
8888,ב.מ עדן שירותי רכב בע מ,מוסך מורשה,אשקלון,הכישור 10,08-6750494,78100,512704495,3,מכונאות רכב בנזין | מכונאות רכב דיזל | תיקון אחזקת רכב חשמלי/היברידי,גדיאן שלמה
8890,מוסך אור וקור - לרבוני דוד,מוסך מורשה,באר שבע,המלאכה 28 ת.ד. 17341,08-6232556,84244,54349998,4,מכונאות רכב בנזין | מכונאות רכב דיזל | חשמלאות רכב | שירות תיקון למזגן אויר לרכב,לרבוני דוד
8893,סבח את אמויאל - א.א פחחות וצבע,מוסך מורשה,ירושלים,"תלפיות, התעשיה 5",02-6723232,93420,23872252,2,תיקון מרכבי רכב | צבעות רכב,אלי אברגיל
8897,מוסך ניר,מוסך מורשה,ישע,מושב ישע בית 246,053-2824724,85430,23797186,2,מכונאות רכב בנזין | מכונאות רכב דיזל,יפרח אשר
8904,יוני אופנועים בע מ,מוסך מורשה,ירושלים,"תלפיות, האומן 20",02-6789422,93420,513336966,1,אוטוטק אופנועים/קטונעים/טרקטרונים,כהן יונתן
8906,מוסך חלילי,מוסך מורשה,נתיבות,האסיף 606,045-3208227,80200,54357249,2,חשמלאות רכב | שירות תיקון למזגן אויר לרכב,חלילי שלום
8913,ר.ח נועם בנגב שירותי רכב בע מ,מוסך מורשה,באר שבע,הבורסקאי 56,08-6232542,84100,515402089,4,מכונאות רכב בנזין | מכונאות רכב דיזל | חשמלאות רכב | שירות תיקון למזגן אויר לרכב,ביטון חנן
8917,רן סמו שרותי שדה בע מ,מוסך מורשה,אשקלון,צה ל 66 ליד עשות,08-6722049,78594,512704248,2,אישור כשירות לצמ ה ומכונה ניידת | תיקון מלגזות הרמה,רן רחמים
8919,אזוט שמעון - פחחות הדרום,מוסך מורשה,אשדוד,העבודה 10 ת.ד 12323,08-8562185,77600,68597145,2,תיקון מרכבי רכב | צבעות רכב,אזוט שמעון
8921,מוסך החבר בע מ,מוסך מורשה,ירושלים,יד חרוצים 16 ת ד 53094,02-6713356,93420,511399594,1,אוטוטק מרכבי רכב וצביעתם,בן חמו משה
8922,אילוז מאיר - מוסך העיר א.מ- אל,מוסך מורשה,בית שמש,א. ת המסגר 13,02-9915401,99000,55469449,2,מכונאות רכב בנזין | מכונאות רכב דיזל,אילוז מאיר
8928,מוסך מאיר דהן הובלות בע מ,מוסך מורשה,אשקלון,צה ל 30 ת.ד. 5002,053-7793297,78594,513069054,1,תיקון והחלפת צמיגים,חיים ששון
8931,מוסך ישראל הכפר - פימא מיכאל,מוסך רישוי לציוד חקלאי,תדהר,מושב תדהר משק 60,08-9924657,85270,54631692,7,מכונאות רכב בנזין | מכונאות רכב דיזל | מוסך רישוי לציוד חקלאי | אישור כשירות לצמ ה ומכונה ניידת | טרקטורים ומכונות ניידות | תיקון טרקטורונים | תיקון מלגזות הרמה,פימא מיכאל
8932,דוד לובינסקי בע מ '-ם,מוסך מורשה,ירושלים,א.ת יד חרוצים 9,02-6756555,93420,510515752,7,מכונאות רכב בנזין | מכונאות רכב דיזל | תיקון אחזקת רכב חשמלי/היברידי | חשמלאות רכב | תיקון מרכבי רכב | צבעות רכב | שירות תיקון למזגן אויר לרכב,דקידק עלא | צדוק שמעון | מצליח דוד
8938,דדיה שמעון - מרכז הדיזל 1 י-ם,מוסך מורשה,ירושלים,תלפיות יד חרוצים 16,02-6722256,93420,54581004,2,מכונאות רכב בנזין | מכונאות רכב דיזל,דדיה שמעון
8940,אריה ניסים - מוסך אריה,מוסך מורשה,ירושלים,ג.שאול ב.דפוס 24,02-6537457,95477,56061922,2,מכונאות רכב בנזין | מכונאות רכב דיזל,אריה ניסים
8946,כהן יצחק _ מוסך צמרת,מוסך מורשה,ירושלים,תלפיות מ.בליליוס התעשיה 5,02-6723818,93420,5213210,2,תיקון מרכבי רכב | צבעות רכב,כהן יצחק
8949,אלכטר עדנאן-מוסך שילדה,מוסך מורשה,אשדוד,האשלג 47 א.ת צפוני,08-8565751,77100,50853126,1,מסגרות רכב )תיקון ארגזים),אלכטר עדנאן
8953,זני מרכז ירושלים בע מ,מוסך מורשה,ירושלים,תלפיות רח' הסדנא 4/הסדנא 1,02-5655555,93420,515859072,8,מכונאות רכב בנזין | אוטוטק רכב קל | מכונאות רכב דיזל | תיקון אחזקת רכב חשמלי/היברידי | תיקון מרכבי רכב | צבעות רכב | תיקון והחלפת צמיגים | תיקון וכוון מתלים ברכב,ירושלמי אלדד | דוויק בלאל | אבו סארה עמאר | אבוסארה מראד | אשהב עאמר
8956,מוסך אוטו בום,מוסך מורשה,אשדוד,רח' הבטיחות 3,088-6718000,77100,24084782,2,תיקון מרכבי רכב | צבעות רכב,סמו ניסים
8957,מוסך ליטל תורג'מן י-ם בע מ,מוסך מורשה,ירושלים,ת.מרכז בליליוס רח' התעשיה 5,02-6717105,93420,513627281,2,מכונאות רכב בנזין | מכונאות רכב דיזל,תורגמן אדוארד | תורג'מן אדוארד
8958,צמיגי רם בע מ,מוסך מורשה,באר שבע,פ.חוצב פ. יצחק נפחא,08-6277736,84890,511638298,2,תיקון והחלפת צמיגים | תיקון וכוון מתלים ברכב,פנחס ירדן | עצמון יהואש
8959,מוסך הנאמן בהנהלת אבגי מאיר,מוסך מורשה,דימונה,הפועלים 58,053-6677766,86000,36455137,1,תיקון מרכבי רכב,אבגי יעקב
8960,בן זנו רונן - מוסך פיני רונן,מוסך מורשה,ירושלים,רח' התעשיה 5 ת ד 52218,02-6735361,93420,28780013,1,אוטוטק מרכבי רכב וצביעתם,בן-זנו רונן
8963,מחלקה ראשונה לצמיגים ואביזרים בע,מוסך מורשה,באר שבע,בן גוריון 8,08-6282220,84100,513568402,1,תיקון והחלפת צמיגים,בן חמו משה
8964,לוי מוריס -חשמל רכב,מוסך מורשה,קריית מלאכי,אזור התעשיה 1,08-8501859,70900,61374880,1,חשמלאות רכב,לוי מוריס
8971,מוסך החברים - פ.ח 1993 בע מ,מוסך מורשה,ירושלים,עטרות א.ת. רח' מפעלות 23 ת.ד 27306,02-6565625,97800,511864746,2,אוטוטק רכב קל | מכונאות דיזל משאיות ואוטובוסים,חסונה סאמי
8978,מוסך פאר - כהן דוד,מוסך מורשה,דימונה,העמל 8  ת.ד. 841,08-6554436,86000,65892457,2,מכונאות רכב בנזין | מכונאות רכב דיזל,כהן דוד
8981,ירוחם עזרא שרותי רכב 1994 בע מ,מוסך מורשה,באר שבע,המלאכה 5 ת.ד. 145,08-6202000,84100,512066838,5,מכונאות רכב בנזין | מכונאות רכב דיזל | תיקון אחזקת רכב חשמלי/היברידי | תיקון מרכבי רכב | צבעות רכב,פלקוביץ צביקה | בוחבוט יצחק
8983,רותמוטו מ.אופנועים - אגסי רותם,מוסך מורשה,באר שבע,פנחס החוצב 23,08-6450070,84100,37653102,2,מכונאות אופנועים וקטנועים | תיקון טרקטורונים,אגסי רותם
8984,מוסך צוריאל - גלאם צורי,מוסך מורשה,אשקלון,המחוגה 32,050-7863964,77100,51490977,2,מכונאות רכב בנזין | מכונאות רכב דיזל,גלם  צורי | גלם צורי
8985,חשמל ראדי,מוסך מורשה,באר שבע,פנחס החוצב 24 ת.ד 137,08-6281086,84890,29997046,2,חשמלאות רכב | שירות תיקון למזגן אויר לרכב,אל סייד סלאם
8992,שני האומנים י-ם בע מ,מוסך מורשה,ירושלים,תלפיות מ.בלליוס התעשיה 5,02-6712347,93420,511636151,3,תיקון אחזקת רכב חשמלי/היברידי | תיקון מרכבי רכב | צבעות רכב,מויאל אליה | מויאל יוסף
8994,גמא טסט ליין )ישראל( בע מ,מכון רישוי,ירושלים,ג. שאול יעקב אליאב 2,02-6536333,95478,511709933,6,בדיקות עשן ברכב דיזל | בדיקות-רכב )קניה ומכירה) | מכון רישוי-פתוח לשרות הציבור | רישום ראשוני לרכב חדש | תיקון וכוון מתלים ברכב | בדיקת רכב לאחר תאונה,רזוק סאמי | יגמור אשרף
8996,איציק אלמלם-שיא בייק-אופנועי י-ם,מוסך מורשה,ירושלים,בית היוצר 15 תלפיות,052-6111981,93420,40572620,2,מכונאות אופנועים וקטנועים | תיקון טרקטורונים,אלמלם יצחק ברק
8999,מוסך ג'.ג. המשפצים בע מ,מוסך מורשה,באר שבע,פנחס החוצב 10,08-6237799,84840,513953190,2,תיקון מרכבי רכב | צבעות רכב,נגר עמוס
9002,מוסך  ד.נחום בע מ,מוסך מורשה,פתח תקווה,ת ד 3217 גיסין  106,03-9243172,49222,512091992,2,מכונאות רכב בנזין | מכונאות רכב דיזל,דגמי  נחום | דגמי נחום
9009,מוסך מוטורוני בעמ,מוסך מורשה,תל אביב -יפו,ישראל בק 28,03-5625454,67019,511391484,4,מכונאות רכב בנזין | מכונאות רכב דיזל | תיקון אחזקת רכב חשמלי/היברידי | תיקון מרכבי רכב,יאסין אמין | מבורך חיים
9011,נוימן את שמולוביץ ארנון אופנועים,מוסך מורשה,רמת השרון,המסגר 3 א.ת נוה מגן,03-5405279,47262,54240577,1,מכונאות אופנועים וקטנועים,נוימן ארנון
9013,יצהרי נפתלי מוסך נפתלי,מוסך מורשה,כפר יעבץ,מושב כפר יעבץ,09-7963181,45830,52906559,2,מכונאות רכב בנזין | מכונאות רכב דיזל,יצהרי נפתלי
9017,י.ג.ל. מוסך אוטו פרונט בע מ,מוסך מורשה,ראשון לציון,שמוטקין 31,03-9660992,75363,516086733,2,מכונאות רכב בנזין | מכונאות רכב דיזל,חפץ ישראל
9019,מוסך ליטל 2008 בע מ,מוסך מורשה,תל אביב -יפו,אחים מסלויטה 8,03-5622072,67010,514090505,2,מכונאות רכב בנזין | מכונאות רכב דיזל,גבאי פנחס
9034,פנצריית א.ל.הדרך בע מ,מוסך מורשה,ראשון לציון,שמוטקין 31 א ת ישן,03-9643232,75383,515471159,1,תיקון והחלפת צמיגים,מינאי אבי
9035,מוסך ג'ורג' - בולוס גורג,מוסך מורשה,תל אביב -יפו,יצחק אבנרי 4,050-7667840,68031,27681667,2,מכונאות רכב בנזין | מכונאות רכב דיזל,שמרוק עמאד
9036,מוסכי רמת החייל בע מ,מוסך מורשה,תל אביב -יפו,הברזל 13 רמת החייל,052-4200730,69710,512639253,3,מכונאות רכב בנזין | מכונאות רכב דיזל | תיקון מרכבי רכב,סבאג יעקב | קזנטיני עמוס
9040,איציק קטנועים בע מ,מוסך מורשה,תל אביב -יפו,המסגר 19,03-6870190,67776,512251331,1,מכונאות אופנועים וקטנועים,קפויה יצחק
9055,מוסכי אלדן בע מ,מוסך מורשה,תל אביב -יפו,פאול קור 13,03-5376499,65116,511353278,2,תיקון אחזקת רכב חשמלי/היברידי | אוטוטק מרכבי רכב וצביעתם,אלדן יואב
9059,אליה זקי מוסך הדקל,מוסך מורשה,ראשון לציון,שמוטקין 31 א ת,03-9648210,76363,73760662,2,תיקון מרכבי רכב | צבעות רכב,אליה זקי
9060,אוטו טק פז ווים וגררים בע מ,מוסך רישוי לרכב חדש,כפר סבא,המסגר 3,09-7667300,44426,514504711,1,רישום ראשוני לרכב חדש,סייגר יואב
9077,דראי שלמה - מוסך אריאל,מוסך מורשה,פתח תקווה,אימבר 11,054-4412779,51325,56685852,1,אוטוטק רכב קל,דראי שלמה
9078,מלכה חנניה מוסך הצוות,מוסך מורשה,בת ים,מנחם יקואל 1,03-5527035,59596,12347621,2,מכונאות רכב בנזין | מכונאות רכב דיזל,וידר מיקי
9079,דרויש שלום מוסך היוזמים,מוסך מורשה,אור יהודה,היוזמים 6,03-5335210,60373,70376637,5,מכונאות רכב בנזין | מכונאות רכב דיזל | תיקון אחזקת רכב חשמלי/היברידי | תיקון מרכבי רכב | צבעות רכב,דרוויש אליהו | אלי דרוויש | סבח מנשה | אבו נאר מוחמד
9080,ס.י.פ חשמלאות רכב בע מ,מוסך מורשה,כפר ויתקין,ת.ד 570,052-2592198,40200,511659070,3,מכונאות רכב בנזין | מכונאות רכב דיזל | חשמלאות רכב,כץ יעקב | פרץ יצחק
9083,מרכז שרות 10 בע מ,מוסך מורשה,תל אביב -יפו,עציון גבר 5,03-6331010,68111,512291337,4,מכונאות רכב בנזין | מכונאות רכב דיזל | חשמלאות רכב | תיקון מרכבי רכב,זרחיה ניסים | מחאמיד מוחמד על | לוי משולם
9085,משה גמרו ובניו רשת מוסכים בע מ,מוסך מורשה,ראשון לציון,שמוטקין 31 א ת,03-9659395,76363,515564003,4,מכונאות רכב בנזין | מכונאות רכב דיזל | תיקון מרכבי רכב | צבעות רכב,משה גמרו | אשקלון אריה | מאור יעקב
9091,מוזס אברהם - צמיגי דוד,מוסך מורשה,רמת גן,תובל 16,03-7511074,52522,36678043,1,תיקון והחלפת צמיגים,מוזס אלי
9094,א.דיוואן המרכז הארצי לפחחות וצבע,מוסך מורשה,ראשון לציון,לישנסקי 8,054-8318418,75650,514077122,4,מכונאות רכב בנזין | מכונאות רכב דיזל | תיקון אחזקת רכב חשמלי/היברידי | אוטוטק מרכבי רכב וצביעתם,עוזון שמעון | אלעד כשרי
9096,מוסך נחלת יצחק,מוסך מורשה,תל אביב -יפו,חיי אדם 10,03-6965685,67449,25470436,2,מכונאות רכב בנזין | מכונאות רכב דיזל,יונגרמן שמואל
9108,מוסכי עדן מרכז בעמ,מוסך מורשה,ראשון לציון,בקר 25 א ת ישן,03-9504049,75280,512618943,7,מכונאות רכב בנזין | מכונאות רכב דיזל | מכונאות דיזל משאיות ואוטובוסים | תיקון אחזקת רכב חשמלי/היברידי | חשמלאות רכב | תיקון מרכבי רכב | שירות תיקון למזגן אויר לרכב,גלבוע שי | סטבסקי עמיר | בסילה עבד אל ח
9122,מטרו מוטור שווק (1981) בע מ,מוסך מורשה,תל אביב -יפו,הפלך 2,03-7294544,68168,510892490,3,תיקון אחזקת רכב חשמלי/היברידי | מכונאות אופנועים וקטנועים | אוטוטק אופנועים/קטונעים/טרקטרונים,מטלון איתי
9123,און קור מאירי כפיר,מוסך מורשה,נתניה,פנקס 16,09-8841524,42377,32404931,3,מכונאות רכב בנזין | מכונאות רכב דיזל | שירות תיקון למזגן אויר לרכב,מאירי כפיר | מאירי חזי
9130,בר אליעזר מוסך מכונאות רכב כללית,מוסך מורשה,תל אביב -יפו,עציון גבר 8,03-6831020,68164,1855493,2,מכונאות רכב בנזין | מכונאות רכב דיזל,בר אליעזר
9133,ברוך ומשה - ב.מ. מוטורס,מוסך מורשה,חולון,האורגים 8,03-5567899,58859,37535572,3,מכונאות רכב בנזין | מכונאות רכב דיזל | חשמלאות רכב,כהן משה
9135,בכר חיים - מוסך עמל,מוסך מורשה,רעננה,היצירה 9,050-5349312,,23643828,3,מכונאות רכב בנזין | מכונאות רכב דיזל | שירות תיקון למזגן אויר לרכב,הוכמן מיכאל
9140,אוטומטיבי פי.אס.טי בע מ,מוסך מורשה,הרצלייה,הסדנאות  5,09-9501551,46728,515675692,7,מכונאות רכב בנזין | מכונאות רכב דיזל | תיקון אחזקת רכב חשמלי/היברידי | חשמלאות רכב | תיקון מרכבי רכב | תיקון וכוון מתלים ברכב | שירות תיקון למזגן אויר לרכב,עידן שי | מזרחי יואל | שי עידן
9141,מרכז שרות אהרון בע מ,מוסך מורשה,הרצלייה,ת.ד 2118  ברקת 7,052-2436652,46733,513048397,4,מכונאות רכב בנזין | מכונאות רכב דיזל | תיקון אחזקת רכב חשמלי/היברידי | אוטוטק מרכבי רכב וצביעתם,מוכתר אהרון | סמארה אחמד
9143,בלאיש דוד מוטו סקוטר קטנועים,מוסך מורשה,תל אביב -יפו,שלבים 12,03-6815769,68167,53675435,2,תיקון אחזקת רכב חשמלי/היברידי | מכונאות אופנועים וקטנועים,בלאיש יוסף
9144,גז פרו בע מ,מוסך רישוי לרכב חדש,עמק חפר,ת..ד. 12100 גשר העץ 10,050-2277802,38800,513647248,2,מכונאות רכב בנזין | רישום ורישוי לרכב חדש,ירון יצחק | בן עזרא אריה
9152,מזרחי יוסף מוסך הסינרמה,מוסך מורשה,תל אביב -יפו,ת.ד. 57523 בן אביגדור 13,052-2924944,67218,9068792,2,תיקון מרכבי רכב | צבעות רכב,מזרחי יצחק
9157,לידאוי חוסין אחמד מ.צמיגי קלנסאה,מוסך מורשה,קלנסווה,כביש ראשי ת.ד. 5607,09-8782857,42837,56322266,1,תיקון והחלפת צמיגים,לידאוי חוסין
9160,מרק גוזלן - פרו ווילס,מוסך מורשה,רמת השרון,החרש 1,054-9739336,47262,317439743,1,תיקון והחלפת צמיגים,גוזלן מרק
9163,דן תחבורה ציבורית-סי אמ בע מ,מוסך מורשה,חולון,תמנע 2,050-6790022,58812,513183046,16,מכונאות רכב דיזל | מכונאות דיזל משאיות ואוטובוסים | תיקון אחזקת רכב חשמלי/היברידי | חשמלאות רכב | תיקון רדיאטורים )מצננים) | תיקון מרכבי רכב | מסגרות רכב )תיקון ארגזים) | תיקון צנורות פליטה ודודי עמם | צבעות רכב | תחזוקה ובדיקת מערכת כיבוי אש באוטו' | תיקון וכיול טכוגרפים דגיטלי | תיקון והחלפת צמיגים | חידוש ושיפוץ מכללי חשמל | רפידות ותופי בלם | שירות תיקון למזגן אויר לרכב | תיקון וכיול טכוגרפים,ארונוביץ מתתיהו | כהן אברהם | גרביץ בוריס | שימונוב אמנון | אבו שנדי ווליד | ביטנסקי יהודה ע | ורשביאק ירון | משה טל | להם אבי
9175,חסקיה עבדל רחמן פחחות רכב,מוסך מורשה,טירה,ת.ד 4217,052-8776405,44915,54444484,1,תיקון מרכבי רכב,חאסקיה עבד אל ר
9177,פופלוב גרגורי מוסך פרופ' מוטורס,מוסך מורשה,כפר סבא,יוחנן הסנדלר 8,052-8730556,44426,307031104,2,מכונאות רכב בנזין | מכונאות רכב דיזל,פופלוב גרגורי
9178,ברוש שירותי רכב 2020 בע מ,מוסך מורשה,כנות,הכחול 4 א.ת כנות,08-6917492,70700,516300415,5,אוטוטק רכב קל | מכונאות רכב דיזל | מכונאות דיזל משאיות ואוטובוסים | תיקון אחזקת רכב חשמלי/היברידי | תחזוקה ובדיקת מערכת כיבוי אש באוטו',פישלר בנימין | היינה יורם
9181,רפי נבון מוסך ד.ר קור,מוסך מורשה,חולון,דרך השבעה   20 מאחורי תחנת הדלק,054-2424274,58010,51457661,1,שירות תיקון למזגן אויר לרכב,נבון רפי
9183,מוסך הברושים,מוסך מורשה,ראשון לציון,שמוטקין 4,03-9644518,75363,51854990,2,מכונאות רכב בנזין | מכונאות רכב דיזל,אהרון אליהו
9191,צמיגי סגולה,מוסך מורשה,פתח תקווה,סגולה 17,03-9312539,49277,56816523,1,תיקון והחלפת צמיגים,פיטוסי משה
9204,סיאני אברהם מוסך הציר,מוסך מורשה,פתח תקווה,גזית_1 סגולה,052-2447283,49279,24651077,1,תיקון וכוון מתלים ברכב,סיאני שלמה
9209,קשר רנט א קאר בעמ,מוסך רישוי לשרות עצמי,לוד,אזור תעשיה צפוני לוד,054-9770235,,520039876,9,מכונאות רכב בנזין | מכונאות רכב דיזל | תיקון אחזקת רכב חשמלי/היברידי | חשמלאות רכב | תיקון מרכבי רכב | צבעות רכב | בדיקות עשן ברכב דיזל | מוסך רישוי לשרות עצמי | שירות תיקון למזגן אויר לרכב,איגור לוניאקין | איגור לואינקין | לוניאקין איגור | כן ישר שרון | אלעיסאוי מחמוד | שבו ניסים | ניסים שבו | לונקין איגור
9224,מפעלי דינמומטר לבדיקת רכב (1965),מכון רישוי,רעננה,התעשיה 13 ת.ד 2345,09-7419872,43655,510459860,5,בדיקות עשן ברכב דיזל | בדיקות-רכב )קניה ומכירה) | מכון רישוי-פתוח לשרות הציבור | תיקון וכוון מתלים ברכב | בדיקת רכב לאחר תאונה,זוארס אליהו | יבדייב ארקדי | פישר מיכאל
9238,מוסך עד חן בע מ,מוסך מורשה,לוד,מודיעין 1 א. ת )ע י טלרד(,08-9255446,71201,511500597,3,מכונאות רכב בנזין | מכונאות רכב דיזל | מכונאות דיזל משאיות ואוטובוסים,בראון דוד
9256,ש.ח לוי ובניו בע מ,מוסך מורשה,פתח תקווה,בזל 28,03-9248828,49510,512757634,5,מכונאות רכב בנזין | מכונאות רכב דיזל | תיקון אחזקת רכב חשמלי/היברידי | חשמלאות רכב | מוסך  מומחה,לוי סימון
9257,עוזי דרויש צמיגי מוריס,מוסך מורשה,פתח תקווה,גזית 1,050-5490335,49279,28933190,1,תיקון והחלפת צמיגים,דרויש עוזי
9273,פינוק הרכב פחחות וצבע,מוסך מורשה,חולון,המלאכה 17,052-6727488,58812,558432142,2,תיקון מרכבי רכב | צבעות רכב,קיסלב דמיטרי | אוחיון חיים
9281,ספייס קאר בהנהלת אנואר,מוסך מורשה,בת ים,קוממיות תחנת דלק,052-4030110,,38070561,1,אוטוטק תיקון והחלפת צמיגים,עיסאוי אנואר
9289,בנימין יפה מוסך המניע חולון,מוסך מורשה,חולון,הבנאי 10,03-5502243,58850,53650065,3,מכונאות רכב בנזין | מכונאות רכב דיזל | שירות תיקון למזגן אויר לרכב,בנימין יפה
9291,שומרון דוד צמיגי יהלום,מוסך מורשה,רמת גן,זבוטינסקי 4,03-7513223,52520,58485046,1,תיקון והחלפת צמיגים,שומרון דוד
9292,תוהמי - מוסך שלמה את עזרא,מוסך מורשה,פתח תקווה,אלוף מרכוס 16,03-9305893,49565,,1,חשמלאות רכב,גיאת עזרא
9293,ח.מ.ג. מוטורס למכונאות בע מ,מוסך מורשה,רמלה,קלאוזנר 17,08-9240859,72440,515913507,2,מכונאות רכב בנזין | מכונאות רכב דיזל,אלוהאב חמיס
9299,אלי חי איתן מוסכי איתן,מוסך מורשה,רעננה,התעשיה 3 ת.ד 2285,09-7452345,43654,54700786,3,מכונאות רכב בנזין | מכונאות רכב דיזל | תיקון מרכבי רכב,לוי אליהו | אליחי איתן
9303,י א א שרותי רכב בעמ,מוסך מורשה,תל אביב -יפו,עציון גבר 3,050-3035553,68111,511746752,3,מכונאות רכב בנזין | מכונאות רכב דיזל | בדיקות-רכב )קניה ומכירה),חדאד גיא | יתר חדד
9311,עמירה ברוך מוסך מיטב,מוסך מורשה,קריית עקרון,ק.עקרון ת.ד 1142,08-9413755,70500,57377731,2,מכונאות רכב בנזין | מכונאות רכב דיזל,עמירה ברוך
9314,פרונט יפו 2000 - ששו רוני,מוסך מורשה,תל אביב -יפו,שארית ישראל 11,053-4441020,68154,53892493,2,מכונאות רכב בנזין | מכונאות רכב דיזל,ששו רוני
9318,איציק בו שושן מוסך,מוסך מורשה,חולון,פליקס זנדמן 10 חולון,054-4610471,58814,63127740,2,מכונאות רכב בנזין | מכונאות רכב דיזל,בן נפשי ניסן
9322,מרכז שירות השרון בע מ,מוסך מורשה,רעננה,החרושת 9,052-5779373,43656,516828027,4,מכונאות רכב בנזין | מכונאות רכב דיזל | חשמלאות רכב | שירות תיקון למזגן אויר לרכב,עקיבא פרי
9327,י.מ. מוסכים בע מ,מוסך מורשה,נתניה,"הכדר 53, ת.ד. 13005",09-8843344,42377,513598698,5,מכונאות רכב בנזין | מכונאות רכב דיזל | תיקון אחזקת רכב חשמלי/היברידי | חשמלאות רכב | שירות תיקון למזגן אויר לרכב,שרון שלמה
9330,פניקס שרותי רכב - ארטים חרולוב,מוסך מורשה,ראשון לציון,ההגנה 42,054-7457135,67449,321242059,2,מכונאות רכב בנזין | מכונאות רכב דיזל,כהן לירון-)י
9333,שנני שדמן צמיגי שדמן,מוסך מורשה,נתניה,שלמה המלך 58 נתניה,09-8351237,,43646041,1,תיקון והחלפת צמיגים,שדמן יוסי
9344,ירון מוטורס ו.ש בע מ,מוסך מורשה,פתח תקווה,הרכב 8/6,03-5286618,49277,516915618,5,אוטוטק רכב קל | מכונאות רכב דיזל | תיקון אחזקת רכב חשמלי/היברידי | תיקון מרכבי רכב | צבעות רכב,שוורצמן ויאצסלב | שורצמן ויאצסלב | שורצמן ויאציסלב | חאסקיה עלי
9349,גימני מאיר חשמל רכב,מוסך מורשה,רעננה,החרושת 64ת.ד 2189,09-7604029,43614,50853670,2,חשמלאות רכב | שירות תיקון למזגן אויר לרכב,גימני מאיר
9351,ד . א . הרשת לצמיגים בע מ,מוסך מורשה,חולון,הפלד 21,03-5581992,58814,513148502,3,מכונאות רכב בנזין | מכונאות רכב דיזל | תיקון והחלפת צמיגים,יחיא דוד | בר אלי דוד יהוד
9353,פנצריית האור - נור אלעיסאוי,מוסך מורשה,רמת גן,שלם 1,054-7856667,52215,305776502,1,תיקון והחלפת צמיגים,אנטילי עבדל חלי
9354,סיגלית בן שלוש מוסך רון קור,מוסך מורשה,יהוד-מונוסון,אלטלף 3 ת.ד  2748,03-5361247,56400,59622324,4,מכונאות רכב בנזין | מכונאות רכב דיזל | אוטוטק מרכבי רכב וצביעתם | שירות תיקון למזגן אויר לרכב,בן שלוש שלום | שיטרית עידן
9369,סימן טוב תיקון אופנועים,מוסך מורשה,תל אביב -יפו,מסילת ישרים 12,03-6881476,66035,437699,1,מכונאות אופנועים וקטנועים,סמן טוב שלמה
9380,בר אל יוסף נתניה בע מ,מוסך מורשה,נתניה,ת.ד 13714 האורג 22,09-8627171,42377,513940160,3,מכונאות רכב בנזין | מכונאות רכב דיזל | תיקון מרכבי רכב,בראל יוסף | מסיקה ראובן
9381,התאומים- מרכז שרות לרכב בע מ,מוסך מורשה,בני ברק,הקישון 15,03-5700585,51203,515632867,2,תיקון מרכבי רכב | צבעות רכב,זיתוני יהודה
9387,מטרו מוטור שיווק (1981) בע מ,מוסך רישוי לרכב בטיפול המוסך,תל אביב -יפו,תושיה 21 תד 57266,054-4718431,67218,510892490,4,תיקון אחזקת רכב חשמלי/היברידי | מכונאות אופנועים וקטנועים | רישוי לרכב בטיפול המוסך בלבד | תיקון טרקטורונים,פלשקה דן | פלשקה מריאןדנוט | פלשקה מריאן דנ
9388,א.י. מוסך טיראן בעמ,מוסך מורשה,הרצלייה,ת.ד 326 מדינת היהודים 95,09-9558554,46103,514201771,2,מכונאות רכב בנזין | מכונאות רכב דיזל,מנדה אלירן
9397,רונן קאפח אוקסיג'ן מוטורסייקלס,מוסך מורשה,תל אביב -יפו,המנור 15,03-6820755,66558,28564391,1,מכונאות אופנועים וקטנועים,קאפח רונן
9399,דוד צפניק ובניו בע מ,מוסך רישוי לטרקטורים ורכב חדש,מודיעין-מכבים-רעות*,המעיין 26,054-7070844,75633,510642341,11,מכונאות רכב בנזין | מכונאות רכב דיזל | תיקון אחזקת רכב חשמלי/היברידי | חשמלאות רכב | מוסך רישוי לציוד חקלאי | אישור כשירות לצמ ה ומכונה ניידת | רישום ורישוי לרכב חדש | טרקטורים ומכונות ניידות | תיקון טרקטורונים | תיקון מלגזות הרמה | שירות תיקון למזגן אויר לרכב,אנטה חיים | חיים אנטה | ערוסי שלמה
9404,דה בסט קור בע מ,מוסך מורשה,פתח תקווה,סגולה_17,03-9309093,49277,513033449,1,שירות תיקון למזגן אויר לרכב,אביר  דוד
9407,יהודה גל מוסך חן,מוסך מורשה,יבנה,הירמוך 5 א ת,050-5255783,70650,24005167,2,מכונאות רכב בנזין | מכונאות רכב דיזל,יונה יוסף
9410,טביב אבי גרנד פרי,מוסך מורשה,תל אביב -יפו,יצחק שדה 5/3,053-7400452,67775,22970925,2,מכונאות רכב בנזין | מכונאות רכב דיזל,טביב אבי
9411,יורם מלאכי - צמיגי מלאכי רעננה,מוסך מורשה,רעננה,החרושת  13,09-7417120,43656,50842376,1,תיקון והחלפת צמיגים,דוד מלאכי יורם
9425,משעלי אפרים  מוסך אפרים,מוסך מורשה,פתח תקווה,ת ד 3138 עמל 11,03-9245416,49513,30398903,2,מכונאות רכב בנזין | מכונאות רכב דיזל,משעלי אפרים
9427,מימון מוסך מכונאות,מוסך מורשה,פתח תקווה,המפלסים 16,053-2269700,49120,56472848,3,מכונאות רכב בנזין | מכונאות רכב דיזל | תיקון והחלפת צמיגים,מימון חיים | אבולכיר ראובן
9432,חשמל אבי מזרחי,מוסך מורשה,ראשון לציון,שמוטקין 23 א.ת. ישן,03-9660577,75363,57147951,1,חשמלאות רכב,מזרחי אבי
9433,א א נגררים - מקור הקור,מוסך מורשה,אור יהודה,היוזמים 3,03-6343057,60373,22530216,1,שירות תיקון למזגן אויר לרכב,פאי אריה
9443,אמנו-אור בע מ,מוסך מורשה,רחובות,משה יתום 24,052-3815123,76341,511110447,4,מכונאות רכב בנזין | מכונאות רכב דיזל | חשמלאות רכב | שירות תיקון למזגן אויר לרכב,כהן תומר
9447,ניקולה סאסין פחחות וצבע לרכב,מוסך מורשה,תל אביב -יפו,מעפילי סלודור 10,03-6839569,68083,20343703,2,תיקון מרכבי רכב | צבעות רכב,סאסין ניקולא | סאסין מישל
9457,צמיגי טירה  1990 בע מ,מוסך מורשה,טירה,ת.ד 168 כביש ראשי,050-7922391,44915,511491840,1,תיקון והחלפת צמיגים,סמארה פיראס
9458,צמיגי בר רחובות בעמ,מוסך מורשה,רחובות,משה יתום 33,08-9464779,76343,511683674,1,תיקון והחלפת צמיגים,בר לב גדי
9460,מוסך יורם אזולאי ישרש,מוסך מורשה,ישרש,מושב ישרש 13,052-2775467,73275,534950811,3,מכונאות רכב בנזין | מכונאות רכב דיזל | שירות תיקון למזגן אויר לרכב,אזואלי יורם
9466,אהרון משה מוסך הפלד,מוסך מורשה,חולון,הפלד 30,03-5561812,58816,59755728,2,תיקון מרכבי רכב | צבעות רכב,אהרון משה | רותם אברהם
9471,מרכז שרות דור חדש בע מ,מוסך מורשה,בני ברק,ברוך הירש 4,03-5791923,51511,514257385,4,מכונאות רכב בנזין | מכונאות רכב דיזל | תיקון מרכבי רכב | צבעות רכב,לוי ישראל דוד | דוד נפתלי | נג'אר ניקולאיס
9474,ויקי גולן מצילי המכוניות,מוסך מורשה,נתניה,שכטרמן 5,050-5360013,,58757345,1,צבעות רכב,בר מימון נסים
9480,שרון רדיאטורים ומכונאות כללית,מוסך מורשה,ראשון לציון,שמוטקין 11,058-6262388,75363,38453056,2,מכונאות רכב בנזין | מכונאות רכב דיזל,דיירי אמנון
9490,כהן ארזי רפי מוסך ארזים,מוסך מורשה,ראשון לציון,פרשקובסקי 2,03-9697690,75621,57438780,2,מכונאות רכב בנזין | מכונאות רכב דיזל,כהן ארזי | כהו ארזי
9491,גילי חאמי צמיגי בית עובד,מוסך מורשה,בית עובד,ת.סונול בית עובד,08-9406629,76800,33991704,1,תיקון והחלפת צמיגים,גילי חאמי
9505,חטיב מונדר מוסך התאומים,מוסך מורשה,טירה,ת.ד 2878,09-7930834,44915,57002032,2,מכונאות רכב בנזין | מכונאות רכב דיזל,מונדר חטיב
9508,שהרבני ובניו בעמ מוסך סטאר,מוסך מורשה,פתח תקווה,מרכוס 14,03-9316972,49277,512268822,2,תיקון מרכבי רכב | צבעות רכב,שהרבני רונן | שהרבי רונן
9510,מוסך אור אל  א.ב.א.  בע מ,מוסך מורשה,בת ים,אורט ישראל 46,054-4640718,59595,515362390,1,אוטוטק מרכבי רכב וצביעתם,מנטין שלום
9519,לוי חנוך מוסך אוטו 10,מוסך מורשה,נווה נאמן,הרקון 10 א.ת,09-7455500,45800,54899257,2,מכונאות רכב בנזין | מכונאות רכב דיזל,שירי שלום
9520,מוסך גבי מיארה ושות בע מ,מוסך מורשה,תל אביב -יפו,נחלת יצחק 24,03-6954571,67649,511355067,2,תיקון מרכבי רכב | צבעות רכב,ריחאן סמיר | כבסה משה
9521,דלק מוטורס בע מ,מוסך רישוי לרכב חדש,ניר צבי,מ.ניר צבי ת.ד 200,053-7719514,72905,510947153,1,רישום ורישוי לרכב חדש,בורשה מיכאל
9529,חג'ג' מאיר מוסך מרתון,מוסך מורשה,נתניה,המסגר 18,054-5572070,42378,56009020,1,צבעות רכב,חגג מאיר
9537,עמיאל שווק צמיגים בראשל צ בע מ,מוסך מורשה,ראשון לציון,רוזנסקי 8תד 5024,03-9612586,75105,511629727,1,תיקון והחלפת צמיגים,ברנס אילן
9540,רובס בני מכונאות,מוסך מורשה,נתניה,הפלדה 18,09-8621265,42378,56570369,4,מכונאות רכב בנזין | מכונאות רכב דיזל | בדיקות-רכב )קניה ומכירה) | בדיקת רכב לאחר תאונה,עומר סאמר | עומר סמאר
9543,צסנר את עאדל בע מ )מוסך עמית(,מוסך מורשה,בני ברק,סמטת שניר 8,03-5705076,51204,512089566,4,מכונאות רכב בנזין | מכונאות רכב דיזל | חשמלאות רכב | שירות תיקון למזגן אויר לרכב,אבו חוסיין עאדל
9548,מוסך ג.א פחחות וצבע -זכריא גבארה,מוסך מורשה,בני ברק,סמטת שניר 8,050-7260940,51202,26331074,2,תיקון מרכבי רכב | צבעות רכב,גבארה זכריא | אלימלך שלום
9555,וחידי רמלה בע מ,מוסך מורשה,רמלה,תל חי 6,050-5665824,72429,514093129,1,תיקון והחלפת צמיגים,וחידי אחמד
9557,מוסך בימר - לונגו צ'יפריאן,מוסך מורשה,בת ים,אורט ישראל 32,054-4645081,59595,317663409,2,מכונאות רכב בנזין | מכונאות רכב דיזל,אדריעי עבדאללה
9563,חי שמשון פחחות וצבע,מוסך מורשה,פתח תקווה,בר כוכבא 59,050-7474880,44220,53239364,2,תיקון מרכבי רכב | צבעות רכב,חי שמשון
9566,עטיה שאול מוסך מגדיאל,מוסך מורשה,הוד השרון,הסדן 17 את מגדיאל,09-7487695,45342,57701096,4,מכונאות רכב בנזין | מכונאות רכב דיזל | תיקון אחזקת רכב חשמלי/היברידי | תיקון טרקטורונים,עטיה שאול
9569,עאטף עיסא מוסך יסמין,מוסך מורשה,תל אביב -יפו,פאול קור 15,053-7294224,,53845897,2,מכונאות רכב בנזין | מכונאות רכב דיזל,חנוכה שאול
9571,מוסך שילת בע מ,מוסך מורשה,שילת,דאר נע מרכז,08-9761032,73188,513073627,5,מכונאות רכב בנזין | מכונאות רכב דיזל | תיקון אחזקת רכב חשמלי/היברידי | חשמלאות רכב | שירות תיקון למזגן אויר לרכב,בן סדון מיכאל | בן סעדון מיכאל | בנסדון מיכאל
9578,מוסך הדקל הירוק בע מ,מוסך מורשה,הרצלייה,גלגלי הפלדה 14 ת.ד 12019,09-9586104,46722,512063975,4,מכונאות רכב בנזין | מכונאות רכב דיזל | תיקון אחזקת רכב חשמלי/היברידי | חשמלאות רכב,גברין מורד עבד | מוראד עבד אלטיף | דוד חסיד
9581,שלום לוי סטאר אגזוז,מוסך מורשה,פתח תקווה,המכבים 25,03-9305266,49220,27084631,2,תיקון רדיאטורים )מצננים) | תיקון צנורות פליטה ודודי עמם,שלום לוי
9587,ביטון חיים מוסך צמרת,מוסך מורשה,בת ים,האורגים 17,03-5535041,59595,57323461,2,מכונאות רכב בנזין | מכונאות רכב דיזל,חן שלום
9595,אביב ווי.זד.אר פרפומנס בע מ,מוסך מורשה,פתח תקווה,הרכב 14,054-9833337,49277,514063783,2,מכונאות רכב בנזין | מכונאות רכב דיזל,לוי גיורא
9603,יצחקוב מוטי מוסך מוטי,מוסך מורשה,בני ברק,הירקון 41,050-5297717,51261,75356808,2,מכונאות רכב בנזין | מכונאות רכב דיזל,ראובני ראובן
9604,מוסך דרור,מוסך מורשה,רחובות,המפוח 1,052-8356250,76341,205503121,3,אוטוטק רכב קל | תיקון אחזקת רכב חשמלי/היברידי | אוטוטק מרכבי רכב וצביעתם +מסגרות,רפילוב אליאור | אליאור רפילוב
9609,בללטי יוסי - מוסך בצרה,מוסך מורשה,בצרה,ת.ד 73,09-7485049,60944,23961998,3,מכונאות רכב בנזין | מכונאות רכב דיזל | תיקון אחזקת רכב חשמלי/היברידי,בלאלטי יוסף | בללטי יוסי
9616,איי קאר מ.ש.ט בע מ,מוסך מורשה,יהוד-מונוסון,אברהם גירון 3,03-5363357,56000,515138659,3,מכונאות רכב בנזין | מכונאות רכב דיזל | תיקון אחזקת רכב חשמלי/היברידי,שאהין מוחמד
9625,גני יהושע )פרק הירקון(חב' בע מ,מוסך מורשה,תל אביב -יפו,שד רוקח ת.ד 24052,052-2643259,61024,510641103,4,מכונאות רכב בנזין | מכונאות רכב דיזל | אישור כשירות לצמ ה ומכונה ניידת | טרקטורים ומכונות ניידות,לוי אלירן אלי | לוי אלירן | אלירן לוי
9628,שושני מוסך כפר שמואל,מוסך מורשה,כפר שמואל,ת.ד- 33 / משק 33,08-9240246,73215,55666986,3,מכונאות רכב בנזין | מכונאות רכב דיזל | חשמלאות רכב,שושני אלון
9634,אשר תם מיזוג אויר לרכב,מוסך מורשה,פתח תקווה,עמל 3,03-6183434,49513,57505166,1,שירות תיקון למזגן אויר לרכב,תם אשר
9643,שחל חשמלאות רכב אלכס,מוסך מורשה,לוד,כצנלסון 19,054-6415504,71226,36672491,1,חשמלאות רכב,אבו שלח אלכסנדר
9644,מוסכי אוטו סנטר בע מ,מוסך מורשה,בת ים,העמל 19,053-5443222,59602,513138149,2,תיקון מרכבי רכב | צבעות רכב,רובין גבריאל
9650,הילוך שישי ת א בע מ,מוסך מורשה,תל אביב -יפו,וסרמן 37 פ. מברכך,03-6819561,68113,513614594,5,מכונאות רכב בנזין | מכונאות רכב דיזל | תיקון אחזקת רכב חשמלי/היברידי | חשמלאות רכב | שירות תיקון למזגן אויר לרכב,בקיש יעקב | שלום שמואל
9653,פרץ יוסף - מוסך המילניום פיתוח,מוסך מורשה,הרצלייה,מדינת היהודים 95,050-5496786,46766,58806639,2,מכונאות רכב בנזין | מכונאות רכב דיזל,פרץ יוסף
9654,מוסך גבאלי מוראד,מוסך מורשה,טייבה,ת.ד 482,052-3879480,40400,29941515,2,מכונאות רכב בנזין | מכונאות רכב דיזל,גבאלי מוראד
9659,דיזל הנדסה טכנולוגיה 2003 בע מ,מוסך רישוי לרכב חדש,לוד,לב פסח 1,052-2957714,,513368043,8,מכונאות רכב בנזין | מכונאות רכב דיזל | מכונאות דיזל משאיות ואוטובוסים | אישור כשירות לצמ ה ומכונה ניידת | רישום ראשוני לרכב חדש | טרקטורים ומכונות ניידות | תיקון מלגזות הרמה | תיקון תיבות הילוכים אוטומטיות,רחמים יואב | אבני דניאל
9665,עבאדי עמוס - מוסך עדי בע מ,מוסך מורשה,ראשון לציון,שמוטקין 31,053-2206602,75363,513741686,2,מכונאות רכב בנזין | מכונאות רכב דיזל,חורי יוסף
9667,מוסך הנכון בהנהלת אייל שחרור,מוסך מורשה,חולון,היוצר 5,03-5504515,58850,39176573,2,מכונאות רכב בנזין | מכונאות רכב דיזל,אליהו ניסן
9669,אלכסנדר ארטיומוב - פרונט ראשון,מוסך מורשה,ראשון לציון,דרך המכבים 54,054-7262612,75361,313688772,4,מכונאות רכב בנזין | מכונאות רכב דיזל | תיקון אחזקת רכב חשמלי/היברידי | תיקון וכוון מתלים ברכב,ארליך שחר
9673,פאדי טוויל מוסך השרון,מוסך מורשה,טייבה,ת.ד  9175,052-5989103,40400,301197091,2,מכונאות רכב בנזין | מכונאות רכב דיזל,טויל פאדי
9676,מרכז שרות רקורד בע מ,מוסך מורשה,כפר סבא,ת.ד 2109  החרושת 4,09-7658470,,514357425,3,מכונאות רכב בנזין | מכונאות רכב דיזל | תיקון אחזקת רכב חשמלי/היברידי,הרוש רז
9678,חשמל השרון )עבודי( בע מ,מוסך מורשה,טייבה,טייבה ת.ד 4998 א.ת,09-7993556,40400,513045807,6,מכונאות רכב בנזין | מכונאות רכב דיזל | מכונאות דיזל משאיות ואוטובוסים | תיקון אחזקת רכב חשמלי/היברידי | חשמלאות רכב | שירות תיקון למזגן אויר לרכב,חאג יחיא זוהיר | חג' יחיא זוהיר | חג יחיא זוהיר
9680,קומפיוזקאר בע מ,מוסך מורשה,פתח תקווה,נחשון 15,052-2263084,49277,516078151,4,מכונאות רכב בנזין | מכונאות רכב דיזל | תיקון אחזקת רכב חשמלי/היברידי | בדיקת רכב לאחר תאונה,עומר וליד | וליד עומר
9684,מוסך מאיר נגבי בע מ,מוסך מורשה,אבן יהודה,ת.ד 141 א.ת,09-8997777,40500,513593079,3,מכונאות רכב בנזין | מכונאות רכב דיזל | תיקון אחזקת רכב חשמלי/היברידי,נגבי מאיר
9693,אבוטבול משה  - מוסך משה,מוסך מורשה,בני ברק,עזרא דנגור 34,03-6194141,51325,22093686,4,מכונאות רכב בנזין | מכונאות רכב דיזל | חשמלאות רכב | שירות תיקון למזגן אויר לרכב,אבוטבול משה
9695,אגד חברה לתחבורה בע מ,מוסך מורשה,רחובות,מוטי קינד 1 רחובות,08-9485252,76341,516041118,7,מכונאות רכב דיזל | מכונאות דיזל משאיות ואוטובוסים | תיקון אחזקת רכב חשמלי/היברידי | חשמלאות רכב | תחזוקה ובדיקת מערכת כיבוי אש באוטו' | שירות תיקון למזגן אויר לרכב | תיקון וכיול טכוגרפים,אלעזר אורן | סלופסקי יוסף | כדמיאן יעקב | כדימיאן יעקב
9701,ניסידן נתניה שירותי רכב בע מ,מוסך מורשה,נתניה,ת.ד 13125 פנקס 20,09-8622262,42377,511719742,7,מכונאות רכב בנזין | מכונאות רכב דיזל | תיקון אחזקת רכב חשמלי/היברידי | חשמלאות רכב | תיקון מרכבי רכב | צבעות רכב | שירות תיקון למזגן אויר לרכב,ויצמן דוד | מסארוה וסאם | מסארוה ויסאם | סגל יוסף | בולוקן פרוכטמן
9705,י.מ. צמיגים בע מ,מוסך מורשה,בני ברק,מבצע קדש 60,050-3809991,51203,512816190,1,תיקון והחלפת צמיגים,כחלון עמוס
9706,א. יוסף  פחחות וצבע בע מ,מוסך מורשה,אור יהודה,דרך לוד 5,050-4563336,60200,515903334,2,תיקון מרכבי רכב | צבעות רכב,קאשי אבנר | מלכי רונן
9708,אגד אגודה שיתופית בע מ,מוסך מורשה,תל אביב -יפו,חרש,03-6383930,67773,516041118,2,מכונאות רכב דיזל | מכונאות דיזל משאיות ואוטובוסים,קרן בנימין
9710,זהבי שמעון חשמל הברון,מוסך מורשה,בני ברק,ברוך הירש 2,03-6185327,51511,45897071,1,חשמלאות רכב,זהבי שמעון
9714,מוסך היצירה רעננה ק.מ בע מ,מוסך מורשה,רעננה,היצירה 3 ת.ד 2447,052-6676875,43660,516917549,4,מכונאות רכב בנזין | מכונאות רכב דיזל | חשמלאות רכב | שירות תיקון למזגן אויר לרכב,משטה משה
9715,מוסך אורן את חנן בע מ,מוסך מורשה,תל אביב -יפו,ריבל 31,053-5558759,67778,515267755,2,מכונאות רכב בנזין | מכונאות רכב דיזל,חנן טל
9722,שרותי רכב אהרון כחלון 99 בע מ,מוסך מורשה,פתח תקווה,בן ציון גליס 42,050-5539713,49277,512875022,5,מכונאות רכב בנזין | מכונאות רכב דיזל | תיקון אחזקת רכב חשמלי/היברידי | בדיקות-רכב )קניה ומכירה) | בדיקת רכב לאחר תאונה,כחלון אהרון | כחלון שלום
9725,מוסך עבד - גאבר רידא,מוסך מורשה,טירה,כביש ראשי,050-3690487,44915,23272966,2,מכונאות רכב בנזין | מכונאות רכב דיזל,בלעום וסאם
9729,מוסך אסולין דוד,מוסך מורשה,נתניה,השיש 3 ת.ד. 13798,09-8614060,42379,58707449,2,מכונאות רכב בנזין | מכונאות רכב דיזל,אסולין דוד
9730,מוסך השושנים יצחק יברגימוב,מוסך מורשה,בת ים,ישראל וישינגרד 7,052-4773805,59594,307655225,2,מכונאות רכב בנזין | מכונאות רכב דיזל,מלמד יצחק
9731,דורון לוי מוסך סובארו פת,מוסך מורשה,פתח תקווה,עמל 2 ק.אריה ת.ד 3790,03-9234978,49120,58645540,2,מכונאות רכב בנזין | מכונאות רכב דיזל,ריימונד ברוך
9736,ש.צ מוסך דרור בע מ,מוסך מורשה,חולון,המלאכה 53,050-6793677,58850,515611754,4,אוטוטק רכב קל | מכונאות דיזל משאיות ואוטובוסים | תיקון אחזקת רכב חשמלי/היברידי | אוטוטק טרקטורים ומכונות ניידות,יעקבי צפריר
9741,מוסך א.ש.ר.כהן,מוסך מורשה,חולון,המלאכה 52,03-5592232,58855,57182362,2,מכונאות רכב בנזין | מכונאות רכב דיזל,חכם יוסף
9752,נג'ארי אבי מוסך מושון,מוסך מורשה,תל אביב -יפו,לבנדה 42,053-2208574,66020,23893191,2,מכונאות רכב בנזין | מכונאות רכב דיזל,נג'ארי אבי
9753,מייזל את מאיר מוסך נירון,מוסך מורשה,רמת גן,הרקון 5,03-7515416,52521,53320396,2,מכונאות רכב בנזין | מכונאות רכב דיזל,מייזל ניר
9762,מוסך אבי צלח שרותי רכב בע מ,מוסך מורשה,תל אביב -יפו,בן שמן 5,052-6510598,67216,514529122,2,מכונאות רכב בנזין | מכונאות רכב דיזל,חביב יהודה
9766,טלבי רפי אקסטרא בלמים,מוסך מורשה,תל אביב -יפו,אבולפיה 13,03-6824653,61751,58129149,1,שיפוץ מכללי בלמים,טלבי רפאל
9770,בינסטי יהודה ספידומטרים,מוסך מורשה,בני ברק,ברוך הירש 4,050-8520621,51511,55447148,1,תיקון מחוונים,בינסטי יהודה
9774,אדוט דני הצמיגים,מוסך מורשה,רעננה,הסדנא 3,09-7425121,43650,2782092,1,תיקון והחלפת צמיגים,אדוט דניאל
9776,ריעני גיל סופר רדיאטור-אגזוז,מוסך מורשה,יהוד-מונוסון,העצמאות 1,03-5360726,56300,58810920,2,תיקון רדיאטורים )מצננים) | תיקון צנורות פליטה ודודי עמם,ריעני גיל
9779,שיא סוכנויות רכב שחודה 2000 בע מ,מוסך מורשה,נתניה,פנקס 9,052-4686355,42377,512947375,4,מכונאות רכב בנזין | מכונאות רכב דיזל | תיקון מרכבי רכב | צבעות רכב,פיירמן יהודה | פאיר מיקי
9783,מימון ברוך מכונאות רכב,מוסך מורשה,נס ציונה,הפטיש 6 אזה ת ב' נס ציונה,08-9401352,70400,50364405,2,מכונאות רכב בנזין | מכונאות רכב דיזל,מימון ברוך
9787,קקון שמעון מוסך שמעון,מוסך מורשה,תל אביב -יפו,בן אביגדור 13,053-5506081,67218,57254120,2,מכונאות רכב בנזין | מכונאות רכב דיזל,קקון שמעון
9794,שלמה גורן מוסך געש,מוסך מורשה,ראש העין,היצירה 17 א ת,052-2455009,40800,55993174,2,מכונאות רכב בנזין | מכונאות רכב דיזל,שלמה גורן
9798,חג' יחיא עימאד חשמל רכב,מוסך מורשה,טייבה,ת.ד 7111,09-7995393,40400,57595159,2,חשמלאות רכב | שירות תיקון למזגן אויר לרכב,חג' יחיא עימאד
9809,עזאם חמזה פחחות רכב,מוסך מורשה,טייבה,טייבה משולש ת.ד 1707,052-4822593,40400,56862642,1,תיקון מרכבי רכב,עזאם חמזה
9811,גזלה יעקב מוסך הכח,מוסך מורשה,פתח תקווה,בן ציון גיליס 42 סגולה,03-9309496,49277,59762187,2,מכונאות רכב בנזין | מכונאות רכב דיזל,גזלה יעקב
9814,י.נ.מ מוסך בע מ,מוסך מורשה,תל אביב -יפו,ישראל בק 32,03-5614846,67019,511332173,4,מכונאות רכב בנזין | מכונאות רכב דיזל | תיקון אחזקת רכב חשמלי/היברידי | תיקון מרכבי רכב,כהן ניסים | כהן נסים
9822,פרוטק - סטניסלב סופלידי,מוסך מורשה,כפר סבא,המסגר 1,09-7755072,44427,311774988,3,מכונאות רכב בנזין | מכונאות רכב דיזל | תיקון וכוון מתלים ברכב,פינקלשטיין פריד | פינקלשטיין אבי
9824,מוסך רביע  2009 בע מ,מוסך מורשה,כפר סבא,ת.ד 2062  יוחנן הסנדלר 17,09-7657515,44426,514311356,2,מכונאות רכב בנזין | מכונאות רכב דיזל,רביע אורון
9829,הילוך שישי מערב ראשון בע מ,מוסך מורשה,ראשון לציון,שרת 23,052-2092700,75704,514261601,3,אוטוטק רכב קל | תיקון מרכבי רכב | צבעות רכב,אביב תמיר | מוסרי נתן | רביבו יהודה
9832,תבור בני מוסך החוף בע מ,מוסך מורשה,יבנה,ת.ד 535 המיסב 5,050-3738080,70600,514163047,4,מכונאות רכב בנזין | מכונאות רכב דיזל | חשמלאות רכב | שירות תיקון למזגן אויר לרכב,תבור בני | תבור אליהו
9844,צמיגי יוסי זוארץ (1994) בע מ,מוסך מורשה,פתח תקווה,שנקר 26,050-8106810,58261,512011271,1,תיקון והחלפת צמיגים,כהן ישראל דו
9848,חסן את אברהים מוסך שבח,מוסך מורשה,חולון,הבנאי 11,03-5591414,58857,203697404,2,מכונאות רכב בנזין | מכונאות רכב דיזל,שבח אלי
9854,מוסך דוד יצחק ובניו בע מ,מוסך מורשה,תל אביב -יפו,תל גבורים 46,03-5187964,61491,515750693,2,מכונאות רכב בנזין | מכונאות רכב דיזל,אוחנה שלמה
9867,א-קוזוקרו מוסך כללי בע מ,מוסך מורשה,בני ברק,הירקון 21,052-2590803,67132,511543126,2,מכונאות רכב בנזין | מכונאות רכב דיזל,קוזקרו אברהם | קוזוקרו אברהם
9874,צרפתי יהודה וישראל בעמ,מוסך מורשה,חולון,המשביר 20,03-5569536,58857,512124850,1,תיקון מרכבי רכב,צרפתי ישראל
9885,קלארק ויקטור אומן הרכב,מוסך מורשה,פתח תקווה,המכבים   25,03-9130086,49220,309413920,2,תיקון מרכבי רכב | צבעות רכב,ויקטור קלארק | קלאק ויקטור
9886,יעקב ישראל מוסך ישראל,מוסך מורשה,בני ברק,הירדן 28,050-5513319,51325,54104534,2,מכונאות רכב בנזין | מכונאות רכב דיזל,יעקב ישראל
9892,כהן אברהם מוסך איי סי נחלת יצחק,מוסך מורשה,תל אביב -יפו,יגאל אלון 129,053-7752492,67443,53669800,2,מכונאות רכב בנזין | מכונאות רכב דיזל,כהן אברהם
9893,טל קדם אופנועי הבורסה,מוסך מורשה,רמת גן,תובל 15,03-7515308,52522,58073172,1,מכונאות אופנועים וקטנועים,טל קדם
9897,מוסך גולי בע מ,מוסך מורשה,ראשון לציון,משה בקר 32,050-6694054,75359,514361500,2,תיקון מרכבי רכב | צבעות רכב,גולי מרדכי
9898,פניני משה,מוסך מורשה,תל אביב -יפו,גנוסר 4,052-2533373,67442,52265998,2,תיקון מרכבי רכב | צבעות רכב,פניני משה
9899,גלאובך אפריים מוסך גלאובך,מוסך מורשה,תל אביב -יפו,רח' 24/1243,03-6392374,,52407582,2,מכונאות רכב בנזין | מכונאות רכב דיזל,גלאובך אפריים | גלאובך אפרים
9900,מרכז איילון ר.ד 89 בע מ,מוסך מורשה,תל אביב -יפו,גנוסר 4 נחלת יצחק,03-6919025,67442,51143840,1,אוטוטק רכב קל,משעני עדי
9905,דנאור רון בע מ,מוסך מורשה,כפר סבא,זאב בלפר 35,03-5620708,67010,511027187,1,שיפוץ מכללי בלמים,לרון עפר-דוד
9908,וויס אברהם מוסך גחלת,מוסך מורשה,ראשון לציון,פלוטיצקי 3,03-9692085,75363,67462457,3,מכונאות רכב בנזין | מכונאות רכב דיזל | שירות תיקון למזגן אויר לרכב,אברהם וויס | וויס אברהם | ווייס אברהם
9911,גולן סלומון גולן אופנועים,מוסך מורשה,תל אביב -יפו,שונצינו 25,03-5610132,67217,24575656,1,מכונאות אופנועים וקטנועים,סולומון גולן
9913,ויקטור ספידומטרים,מוסך מורשה,פתח תקווה,אבשלום גיסין 64,050-6994954,,57700577,3,תיקון וכיול טכוגרפים דגיטלי | תיקון מחוונים | תיקון וכיול טכוגרפים,שאול דני | ויקטור שאול
9919,מוסך גלית בע מ,מוסך מורשה,תל אביב -יפו,שפע טל 6,03-5626639,67013,511523573,3,תיקון אחזקת רכב חשמלי/היברידי | תיקון מרכבי רכב | צבעות רכב,תשובה אריק | גנידי אימן
9920,שחק א.ב מוסכים בע מ,מוסך מורשה,פתח תקווה,שנקר 18 ק. אריה,03-9242820,49513,511803256,3,מכונאות רכב בנזין | מכונאות רכב דיזל | תיקון מרכבי רכב,מזיג יעקב | כחלון צורישדי
9925,שן יצחק - מוסך צ'יקו שרותי רכב,מוסך מורשה,כפר סבא,הנגר 1,052-8285577,44920,25517848,2,מכונאות רכב בנזין | מכונאות רכב דיזל,שן יצחק
9929,כהן ארז אגזוזים,מוסך מורשה,ראשון לציון,בקר משה 18,03-9643086,75359,58624883,1,תיקון צנורות פליטה ודודי עמם,כהן ארז
9930,מוסכי השרון מכון שנהב בע מ,מוסך מורשה,כפר סבא,ת.ד 2052  התעש 17,09-7662888,44425,513636290,3,מכונאות רכב בנזין | מכונאות רכב דיזל | תיקון וכוון מתלים ברכב,חאסקיה נאדל
9934,מוסך בסון מ.מ. פחחות וצבע בע מ,מוסך מורשה,לוד,מודעין 4 א.תעשיה טלרד )לוד(,08-9241738,71201,513745950,2,תיקון מרכבי רכב | צבעות רכב,אל קרם מחמד | אלקרם מחמד
9936,מוסך רושל בע מ,מוסך מורשה,רחובות,היצירה 20,054-8948202,76343,516879848,2,אוטוטק רכב קל | תיקון אחזקת רכב חשמלי/היברידי,אגייב רושל
9937,וויט טורבו ישראל בע מ,מוסך מורשה,פתח תקווה,סגולה צבי ברגמן 17,03-9131888,49277,513460000,1,תיקון תיבות הילוכים אוטומטיות,גובראן רביע
9943,מוסך מאיה בע מ,מוסך מורשה,ראשון לציון,פרימן 5 .,03-9677755,75100,513058677,3,מכונאות רכב בנזין | מכונאות רכב דיזל | תיקון אחזקת רכב חשמלי/היברידי,הגס יוסף | אבוחצירה משה | הרגס יוסף
9948,מוסך הכוכב )י.א.ל( בע מ,מוסך מורשה,רחובות,נחושתן 11 ד יבנה,050-6530666,76343,51367589,1,אוטוטק רכב קל,סוסו סיימון
9954,צמיגי מקס שילת בע מ,מוסך מורשה,שילת,הכרמל 2,052-6878573,73188,515876100,1,תיקון והחלפת צמיגים,אלקדסה חוסני
9959,עאזם נור מוסך נור מוטורס,מוסך מורשה,טייבה,ת.ד. 539,052-5045539,40400,302563507,1,תיקון מרכבי רכב,עאזם סלים
9971,שמח גדעון מוסך שמח,מוסך מורשה,רמת השרון,החרושת 11,052-2503839,,51319762,1,תיקון מרכבי רכב,שמח גדעון
9972,צמח בני מוסך איטליה,מוסך מורשה,בני ברק,ברוך הירש 32,03-5702202,51202,30720437,2,תיקון מרכבי רכב | צבעות רכב,צמח בני
9973,אלון יעקב מוסך איתן,מוסך מורשה,תל אביב -יפו,שרירא גאון 6,03-6823220,68164,39640628,2,מכונאות רכב בנזין | מכונאות רכב דיזל,יעקב אלון
9975,קבוצת שגריר שרותי רכב בע מ,מוסך מורשה,חולון,הנפח 8 ת ד 1715,03-5578870,58117,515158665,5,מכונאות רכב בנזין | מכונאות רכב דיזל | מכונאות דיזל משאיות ואוטובוסים | תיקון אחזקת רכב חשמלי/היברידי | מוסך נייד לחילוץ ולתיקוני חירום,דוק מיכאל
9981,פדילה גיהד קפיצי גינגי,מוסך מורשה,טירה,כביש 24 ת.ד 2590,050-5318542,44915,58960964,1,תיקון קפיצים ברכב מנועי,פדילה גיהד
9982,יהודה שאול מוסך שאול,מוסך מורשה,תל אביב -יפו,פאול קור 20,054-5888959,,51037943,2,מכונאות רכב בנזין | מכונאות רכב דיזל,יהודה שאול
9995,קבוצת השלום בני מוחמד מוסא בעמ,מוסך מורשה,קלנסווה,ת.ד. 1216,050-7899882,42837,515021335,4,מכונאות רכב בנזין | מכונאות רכב דיזל | תיקון אחזקת רכב חשמלי/היברידי | תיקון וכוון מתלים ברכב,שפיגל עוז
9998,קליש דודי מוסך הדלק לקרבורטורים,מוסך מורשה,בת ים,האורגים 15,03-5535088,59595,59199562,1,תיקון קרבורטורים,קליש דוד
9999,כלמוביל בע מ,מוסך מורשה,פתח תקווה,אימבר 33,054-2335376,49510,510242670,8,מכונאות רכב בנזין | מכונאות רכב דיזל | מכונאות דיזל משאיות ואוטובוסים | תיקון אחזקת רכב חשמלי/היברידי | חשמלאות רכב | תיקון והחלפת צמיגים | תיקון וכוון מתלים ברכב | שירות תיקון למזגן אויר לרכב,בורידה דן פייר | שובי יורם | בורידה דן | מסלם מתן
10000,קפיצי חמאדה וליד - פדילה חמאדה,מוסך מורשה,טייבה,א.ת חדש טייבה,050-4741811,40400,29949146,1,תיקון קפיצים ברכב מנועי,פדילה חמאדה
10010,אבנר את גדעון מוסך א.ג.,מוסך מורשה,בני ברק,הירקון 21,03-6198715,51201,54698592,2,מכונאות רכב בנזין | מכונאות רכב דיזל,דוד גדעון
10012,רחום גולן שרותי רכב,מוסך מורשה,נתניה,יד חרוצים 26,053-7611461,42377,29416898,2,מכונאות רכב בנזין | מכונאות רכב דיזל,פרס הרשל
10015,אוזן עזרא תיקון תקרים,מוסך מורשה,ראשון לציון,"שמוטקין 8 , א.ת. ישן",03-9692511,75363,22100804,1,תיקון והחלפת צמיגים,אוזון עזרא
10018,צמיגי אדם - ג'ודה אחמד,מוסך מורשה,כפר קאסם,ת.ד. 2611 דרך אורנית,052-6937688,49940,301517991,1,תיקון והחלפת צמיגים,ג'ודה רמדאן
10025,ניסים מאיר מוסך הנכון,מוסך מורשה,תל אביב -יפו,רח' 1243 מס' 28 שכ' הרכבת,03-6394554,67774,53398277,4,מכונאות רכב בנזין | מכונאות רכב דיזל | חשמלאות רכב | שירות תיקון למזגן אויר לרכב,ניסים מאיר
10027,מוסך בילי בע מ,מוסך מורשה,כפר סבא,הנגר 1 ת.ד 2011 א.ת,09-7678128,44505,513264994,2,מכונאות רכב בנזין | מכונאות רכב דיזל,לוי ברוך
10033,יורם בן עמי שרותי רכב סגולה,מוסך מורשה,פתח תקווה,מרכוס 9,054-4646688,49565,57421372,2,מכונאות רכב בנזין | מכונאות רכב דיזל,צברי אילן
10036,טכנו אור שרותי חשמל לרכב בעמ,מוסך מורשה,רחובות,נחושתן 4 א תעשיה,08-9461484,78380,512258963,4,מכונאות רכב בנזין | מכונאות רכב דיזל | חשמלאות רכב | שירות תיקון למזגן אויר לרכב,ראובן יוסף | הייזלר זאב
10039,מוגרבי גיהאד פנצרית האחים,מוסך מורשה,רמלה,קלאוזנר 17,050-5259995,72440,52417045,1,תיקון והחלפת צמיגים,מוגרבי גיהאד
10046,מוסך איציק פחחות רכב,מוסך מורשה,בני ברק,הירקון 75,050-6556969,51206,55598528,1,תיקון מרכבי רכב,ראובן יצחק
10050,צרצור יוסף ובניו מוסך ההדרכה,מוסך מורשה,כפר קאסם,ת.ד 560,053-7430420,49940,55147128,2,מכונאות רכב בנזין | מכונאות רכב דיזל,צרצור יוסף
10055,מוסך עלי עבד אלקאדר בע מ,מוסך מורשה,טייבה,ת.ד 3521,09-7993746,40400,512874447,2,מכונאות רכב בנזין | מכונאות רכב דיזל,עבד אלקאדר עלי
10060,ברנובסקי ויצסלב  קאר פור יו בע מ,מוסך מורשה,פתח תקווה,סמטת התבור 8,054-5930359,49258,516028248,2,אוטוטק רכב קל | תיקון אחזקת רכב חשמלי/היברידי,גרמיזה אליעזר ח
10061,צמיגי בועז בע מ,מוסך מורשה,בת ים,המסגר 7,03-5531913,59594,513426601,1,תיקון והחלפת צמיגים,אשר בועז
10063,שלמה שקורי מוסך הודיה,מוסך מורשה,תל אביב -יפו,מיקוניס 6,054-2172292,67772,55650154,2,מכונאות רכב בנזין | מכונאות רכב דיזל,שקורי שלמה
10071,איברהים נאסר מוסך האומנים,מוסך מורשה,טירה,ת.ד 2813,050-5397323,44915,207983180,1,תיקון מרכבי רכב,נאסר זכריה
10074,בלעום עבד אלכרים - מוסך עטאלה,מוסך מורשה,טייבה,ת.ד 8104,09-7994594,40400,57596587,2,מכונאות רכב בנזין | מכונאות רכב דיזל,בלעום עבד כרים
10075,.צלאל רועי גלגלי העיר,מוסך מורשה,ראשון לציון,שמוטקין 20,03-9654610,75363,61221545,1,תיקון והחלפת צמיגים,בצלאל רועי
10077,חב המזרח לשיווק מכוניות 1994 בעמ,מוסך מורשה,כפר סבא,התעש 11,09-76801477,,511961542,5,מכונאות רכב בנזין | מכונאות רכב דיזל | תיקון אחזקת רכב חשמלי/היברידי | חשמלאות רכב | שירות תיקון למזגן אויר לרכב,מלניק אדוארד | מלניק אדוארדו | פדילה איוב
10084,בדיר סעד מוסך דיב,מוסך מורשה,כפר קאסם,רח' סולטני ת.ד.52,050-5439450,49940,58598301,3,מכונאות רכב בנזין | מכונאות רכב דיזל | תיקון מרכבי רכב,בדיר סעד | שימה חמד
10086,קמרון מוטורס - טקץ יורי,מוסך מורשה,נס ציונה,המזמרה 2,052-7277405,74047,320474869,1,אוטוטק רכב קל,טקץ יורי
10089,סופר חלפים טייבה בע מ,מוסך מורשה,טייבה,ת.ד. 5163 מול מחצבת טייבה,053-5366927,40400,513641167,2,מכונאות רכב בנזין | מכונאות רכב דיזל,מרעי גבארה
10091,מרכז שרות תכלת בע מ,מוסך מורשה,ראשון לציון,האצל 10,03-6238000,75706,514784305,7,מכונאות רכב בנזין | מכונאות רכב דיזל | תיקון אחזקת רכב חשמלי/היברידי | חשמלאות רכב | תיקון מרכבי רכב | צבעות רכב | שירות תיקון למזגן אויר לרכב,אבי נחמיאס | אלמה נעים | מטר רינגו
10099,בוריס רפי רם מוסך מכונאות,מוסך מורשה,יבנה,ת ד 13323 א.ת.צפוני פרת 2 יבנה,08-9436725,81103,76294446,2,מכונאות רכב בנזין | מכונאות רכב דיזל,בוריס רפי
10104,א.ה.ק. האחים בע מ,מוסך מורשה,הרצלייה,יד חרוצים 5,050-7489433,46730,515274025,2,מכונאות רכב בנזין | מכונאות רכב דיזל,חטיב עבד אלחלים
10111,חסין נפתלי מוסך השרון,מוסך מורשה,הרצלייה,יד חרוצים 5,03-9558006,46730,60975133,1,תיקון מרכבי רכב,חסין נפתלי
10112,בלו אליהו מוסך השרון )צבעות(,מוסך מורשה,הרצלייה,יד חרוצים 5,050-6938386,46730,2396976,1,צבעות רכב,בלו אליהו
10113,מוסך גיל ניב בעמ,מוסך מורשה,שילת,א.תעשיה מושב שילת,053-7786002,73188,512078940,5,מכונאות רכב בנזין | מכונאות רכב דיזל | תיקון אחזקת רכב חשמלי/היברידי | חשמלאות רכב | שירות תיקון למזגן אויר לרכב,ניב גיל
10126,חאסקיה עאדל חשמל רכב,מוסך מורשה,טירה,ת.ד 4123,050-8660029,44195,54831292,1,חשמלאות רכב,חאסקיה עאדל
10128,דרור נחום דרור אופנועים,מוסך מורשה,תל אביב -יפו,סמטת הר ציון 11,052-3351159,66070,24912560,1,מכונאות אופנועים וקטנועים,דרור נחום
10131,מ.ר גוטי - פחחות וצבע,מוסך מורשה,חולון,הפלד 26,050-5725913,58816,33593898,2,תיקון מרכבי רכב | צבעות רכב,חוני אבראהים
10135,ד ר פח וצבע בע מ,מוסך מורשה,תל אביב -יפו,הנגב 16,03-6878811,66186,512206954,3,תיקון אחזקת רכב חשמלי/היברידי | תיקון מרכבי רכב | צבעות רכב,אלימלך יוסף
10136,מרק דב מוסך ביג מוטור,מוסך מורשה,רמת השרון,המסגר 2 א.ת נווה מגן,03-5408362,47262,24241085,1,מכונאות אופנועים וקטנועים,מרק דב
10143,בוזגלו מיכאל מוסך המילניום,מוסך מורשה,ראש העין,העבודה 14,03-9380595,40800,59663617,2,מכונאות רכב בנזין | מכונאות רכב דיזל,בוזגלו מיכאל
10148,אסולין מרדכי מוסך מוטי דוכי,מוסך מורשה,בני ברק,ברוך הירש 20,050-5290660,51204,5291372,2,מכונאות רכב בנזין | מכונאות רכב דיזל,אסולין מרדכי
10151,כהן כדורי צמיגי רמת גן,מוסך מורשה,רמת גן,היצירה 12,03-5756336,52521,49272032,1,תיקון והחלפת צמיגים,כהן כדורי
10157,מוסך מ.א.ש שרותי רכב בע מ,מוסך מורשה,תל אביב -יפו,שניצלר 3,03-6471284,69710,511568883,3,מכונאות רכב בנזין | מכונאות רכב דיזל | שירות תיקון למזגן אויר לרכב,מצא יצחק | ששון יצחק
10158,מוטאי דוד חשמלאות רכב,מוסך מורשה,יבנה,האורגים 5,052-2576574,70600,15607351,1,אוטוטק רכב קל,מוטאי דוד
10163,אהרון יצחק חשמלאות רכב,מוסך מורשה,תל אביב -יפו,קנטור 5 ק.שלום,03-6881611,66831,50893932,1,חשמלאות רכב,אהרון יצחק
10164,אמיר מחמוד דעאס - צמיגי דעאס,מוסך מורשה,טירה,ת.ד 215 כביש 24,050-8561669,44915,544277601,1,תיקון והחלפת צמיגים,מחמוד דעס
10171,כהן דני מוסך יחד,מוסך מורשה,קריית עקרון,שכונת יחד מול גבעת ברנר,08-9411668,70500,52123478,3,מכונאות רכב בנזין | מכונאות רכב דיזל | שירות תיקון למזגן אויר לרכב,סמירה יעקב | כהן אורי
10172,מוסך למשאיות גווני בע מ,מוסך מורשה,טירה,כביש 444,050-5333066,44920,517090668,3,מכונאות רכב בנזין | מכונאות רכב דיזל | מכונאות דיזל משאיות ואוטובוסים,חתן מאיר
10178,וחידי סוהיל צמיג השפלה,מוסך מורשה,לוד,אבא הילל סילבר 8,08-9228281,,59331439,1,תיקון והחלפת צמיגים,וחידי סוהיל
10179,צמיגי הקניון אסייג 1999 בע מ,מוסך מורשה,תל אביב -יפו,ריבל 4,03-5374708,67778,512803974,2,תיקון והחלפת צמיגים | תיקון וכוון מתלים ברכב,אסייג חיים | עציון כפיר
10181,מולטי ריטייל גרופ בע מ,מוסך מורשה,רחובות,צומת בילו ד.נ רחובות,053-8284236,75965,515546224,1,תיקון והחלפת צמיגים,קליין דוד
10182,מזרחי אודי מוסך אודי,מוסך מורשה,רחובות,שכונת יחד דאר רחובות,08-9410839,,24877268,2,מכונאות רכב בנזין | מכונאות רכב דיזל,מזרחי אודי
10185,אוטו פאור יבוא והפצה בע מ,מוסך מורשה,ראשון לציון,דרך המכבים 56,050-9595940,75361,514873330,2,תיקון מרכבי רכב | צבעות רכב,מאבי בני
10194,לונדון יעקב אומן מוטורס,מוסך מורשה,חולון,המשביר 16,03-5585510,58857,55647564,3,מכונאות רכב בנזין | מכונאות רכב דיזל | שירות תיקון למזגן אויר לרכב,לונדון יעקב
10196,מוסך ביטרן בע מ,מוסך מורשה,ראשון לציון,משה שרת 13,03-9623228,75704,512409202,2,מכונאות רכב בנזין | מכונאות רכב דיזל,ביטרן דניאל
10197,אהוד בן נון מוסך בורדו,מוסך מורשה,ראשון לציון,בן דוד 8,03-9506111,,59134874,2,מכונאות רכב בנזין | מכונאות רכב דיזל,אהוד בן נון
10201,ויקי אופנועים ויקטור טייאר,מוסך מורשה,אור יהודה,העבודה 18,050-6500450,60374,25324856,1,מכונאות אופנועים וקטנועים,טאייר ויקטור
10204,רפי מזרחי מוסך הצוות פחחות,מוסך מורשה,פתח תקווה,הסדנא 2,054-6638999,49001,554429251,1,אוטוטק מרכבי רכב וצביעתם,שבתאי אהרן
10208,אומנות פחחות וצבע-הסדנא של יריב,מוסך מורשה,נס ציונה,האיזמל 1,050-6468463,74047,27322338,1,אוטוטק מרכבי רכב וצביעתם,מאיר שיטרית
10215,מוסך יצחק בכר,מוסך מורשה,רחובות,יתום משה 37 א.ת,08-9364274,76320,22767859,2,תיקון מרכבי רכב | צבעות רכב,בכר יצחק
10216,אוטורן בע מ,מוסך מורשה,רעננה,המלאכה 6 ת.ד 2158,09-7415888,43661,511610602,6,מכונאות רכב בנזין | מכונאות רכב דיזל | תיקון אחזקת רכב חשמלי/היברידי | חשמלאות רכב | תיקון מרכבי רכב | שירות תיקון למזגן אויר לרכב,שחאדה ע. אללטיף | שחאדה עבד אל ל | שחאדה.ע אללטיף | עדני יאיר
10218,אר.פי.אם אופנועים בע מ,מוסך מורשה,רמת השרון.,המסגר 3,054-6400094,51202,516835311,1,מכונאות אופנועים וקטנועים,אליתים גיא
10220,מאיר ישראל מוסך מאיר,מוסך מורשה,ראשון לציון,שמוטקין 18,03-9674991,75363,59638965,1,תיקון מרכבי רכב,מאיר ישראל
10221,המוסך הנכון בעמ,מוסך מורשה,ראשון לציון,ברשבסקי 5 א.ת.ישן,052-8303490,75363,,2,מכונאות רכב בנזין | מכונאות רכב דיזל,ברינקר משה
10225,מוסך מינו ברדה 1989 בעמ,מוסך מורשה,חולון,היוגב 2,03-5508313,58853,511354466,1,אוטוטק מרכבי רכב וצביעתם +מסגרות,ברדה עמוס
10228,שלמה רשת מוסכים ושרותי דרך בע מ,מוסך מורשה,פתח תקווה,היצירה תד 3314,03-9205600,49103,512304056,1,מוסך נייד לחילוץ ולתיקוני חירום,מיאדה רחמים
10230,שלמה תחבורה (2007) בע מ,מוסך רישוי לשרות עצמי,פתח תקווה,נחשון 25 א.ת. סגולה,050-8366856,49512,514065457,4,אוטוטק רכב קל | תיקון אחזקת רכב חשמלי/היברידי | בדיקות עשן ברכב דיזל | מוסך רישוי לשרות עצמי,חדד אלעד שי | דואני משה
10233,מרכז לשירותי רכב חשמל מוטי בע מ,מוסך מורשה,רחובות,יתום 5,08-9463848,76360,512642323,4,מכונאות רכב בנזין | מכונאות רכב דיזל | חשמלאות רכב | שירות תיקון למזגן אויר לרכב,מורד מרדכי
10241,זום טרקטרונים (1993) בע מ,מוסך מורשה,נחלים,נחלים 1  ת.ד 308,052-7541119,49950,511849440,2,מכונאות אופנועים וקטנועים | תיקון טרקטורונים,טולדנו משה
10243,עאמר מוחמד - מוסך כפר קאסם,מוסך מורשה,כפר קאסם,ת.ד 1806,053-2272199,49940,302537063,3,מכונאות רכב בנזין | מכונאות רכב דיזל | שירות תיקון למזגן אויר לרכב,כהן יצחק
10247,חג'ג דניאל אגזוזי קרן,מוסך מורשה,נתניה,פנקס 15,052-4676139,42377,58427915,1,תיקון צנורות פליטה ודודי עמם,חג'ג' דניאל
10249,עיסא עבד צמיגי תיק תק,מוסך מורשה,כפר קאסם,ת.ד 2057 כפר קאסם ת.דלק,053-5792753,49940,38803482,1,תיקון והחלפת צמיגים,עיסה עבד מוטליב
10251,וחידי רמלה בע מ,מוסך מורשה,רמלה,הרצל 117,050-5655084,,514093129,2,חשמלאות רכב | שירות תיקון למזגן אויר לרכב,אלחידי  עטא | אלוחידי עטא
10252,יוניון מוטורס בע מ,מוסך רישוי לרכב חדש,בני עי ש,א.תעשיה ת.ד.145,08-8692259,79845,511487761,1,רישום ורישוי לרכב חדש,לאוניד ספיבק
10253,הפנצריה בהנהלת תמיר,מוסך מורשה,נס ציונה,המזמרה 13,054-7000070,74047,34321877,1,תיקון והחלפת צמיגים,לביא חיים דוד
10255,צ'מפיון מוטורס בע מ,מוסך רישוי לרכב חדש,בני עי ש,נתיב האופן 1פארק ראם,08-8545959,79485,513973255,5,מכונאות רכב בנזין | מכונאות רכב דיזל | תיקון אחזקת רכב חשמלי/היברידי | צבעות רכב | רישום ורישוי לרכב חדש,בו ישי שמעון | בן ישי שמעון | בן ישי סימון | קנפו סמי | גרמה אבישי
10257,גאבלי אמין מוסך גאבלי,מוסך מורשה,טייבה,ת.ד 1429,09-8949369,40400,53710562,2,מכונאות רכב בנזין | מכונאות רכב דיזל,גאבלי אמין | גבאלי אמין
10261,מוסך פרו מוטורס בע מ,מוסך מורשה,רעננה,התעשיה 6,09-7420954,43655,514625342,2,מכונאות רכב בנזין | מכונאות רכב דיזל,כהן יונתן יוסף
10265,אלבז חיים מוסך מכונאות.,מוסך מורשה,פתח תקווה,עמל 4ת.ד.3706,03-9230165,49513,55870398,2,מכונאות רכב בנזין | מכונאות רכב דיזל,חגג רחמים
10267,צמיגי שרון משה ובניו,מוסך מורשה,תל מונד,א. תעשיה תל-מונד,09-7969102,40600,73858037,1,תיקון והחלפת צמיגים,שרון יורם
10268,צרור עוזי - מוסך עוזי,מוסך מורשה,כפר סבא,יוחנן הסנדלר 11 ת.ד 2400,058-5987666,44426,55021133,2,מכונאות רכב בנזין | מכונאות רכב דיזל,צרור עוזי
10273,חטיב מחמוד - מוסך סאלם,מוסך מורשה,טירה,ת.ד 6312 ליד אויס,050-5495663,44915,29806007,3,מכונאות רכב בנזין | מכונאות רכב דיזל | מכונאות דיזל משאיות ואוטובוסים,חטיב סולימאן
10274,י.ד צמיגי טופ  2011 בע מ,מוסך מורשה,ראשון לציון,ספיר 1 בתחנת הדלק,03-9611890,75704,514691104,1,תיקון והחלפת צמיגים,ארקוסין אמנון
10275,עזאם עבד אלקאדר פרונט טייבה,מוסך מורשה,טייבה,טייבה ת.ד 521,052-2770174,40400,59391094,2,תיקון וכוון מתלים ברכב | בדיקת רכב לאחר תאונה,גאבלי קוסאי
10279,מוסך אלי - אטיאס ויליאם,מוסך מורשה,תל אביב -יפו,חזק 12,050-7744118,68165,67192484,2,מכונאות רכב בנזין | מכונאות רכב דיזל,אטיאס וויליאם
10281,אופנועי האחים חיים ואסף,מוסך מורשה,נתניה,האורג 12 א.ת ישן,054-5734115,42377,200845543,2,מכונאות אופנועים וקטנועים | תיקון טרקטורונים,בלס אסף
10286,מוסך וגאס - יבגני וזוריק,מוסך מורשה,כפר סבא,הנגר 3,054-2285255,44505,317749216,1,אוטוטק רכב קל,שחנוביץ יבגני
10298,אר. אמ מוסך לאופנועים בע מ,מוסך מורשה,תל אביב -יפו,שוקן 10,054-2472605,66063,517059564,1,מכונאות אופנועים וקטנועים,קורן רן
10304,שבתאי ברכה מוסך שבי,מוסך מורשה,תל אביב -יפו,הנגרים 13,03-6833221,66080,53633160,2,מכונאות רכב בנזין | מכונאות רכב דיזל,ברכה שבתאי
10305,יוניברסל מוטורס ישראל בעמ,מוסך מורשה,ראשון לציון,פלטין 5,03-9534400,75150,511809071,9,מכונאות רכב בנזין | מכונאות רכב דיזל | תיקון אחזקת רכב חשמלי/היברידי | חשמלאות רכב | תיקון מרכבי רכב | צבעות רכב | תיקון והחלפת צמיגים | בדיקות-רכב )קניה ומכירה) | שירות תיקון למזגן אויר לרכב,ציגלר ירון | אליאב יעקב | פנסו אבי | ברנס גבי | יובל חזן
10308,האחים קבועה בע מ,מוסך מורשה,לוד,המחקר 26 א.ת צפוני לוד,08-9214524,71295,512363144,3,מכונאות רכב בנזין | מכונאות רכב דיזל | מכונאות דיזל משאיות ואוטובוסים,קבועה עבדללה
10309,מ.ס.א שרותי רכב נתניה 1993 בע מ,מוסך מורשה,נתניה,"הפלדה 16, ת.ד.13395",09-8820519,42208,511893182,2,אוטוטק רכב קל | תיקון אחזקת רכב חשמלי/היברידי,סולומונוביץ יוס
10312,מרכז שרות תושיה בע מ,מוסך מורשה,תל אביב -יפו,מיטב 9,03-5616825,67898,513562918,7,מכונאות רכב בנזין | מכונאות רכב דיזל | תיקון אחזקת רכב חשמלי/היברידי | חשמלאות רכב | תיקון מרכבי רכב | תיקון וכוון מתלים ברכב | שירות תיקון למזגן אויר לרכב,טבח צבי | יצחקיאן שלמה
10314,אלי את יוני חשמל רכב,מוסך מורשה,נתניה,שכטרמן 5 ת.ד 13363,09-8626074,42379,5707781,5,מכונאות רכב בנזין | מכונאות רכב דיזל | תיקון אחזקת רכב חשמלי/היברידי | חשמלאות רכב | שירות תיקון למזגן אויר לרכב,חדד יהונתן
10316,נאסר תייסיר פחחות קיקאן,מוסך מורשה,טירה,ת.ד 564,050-5253845,44915,55193106,1,תיקון מרכבי רכב,נאסר תייסיר
10318,מובאשר וליד מוסך הכפר,מוסך מורשה,ימא,ת.ד. 5553 זמר ימא,054-4571920,38828,59394551,2,מכונאות רכב בנזין | מכונאות רכב דיזל,מובאשר וליד
10324,פיני שירותי רכב,מוסך מורשה,רחובות,משה יתום 21 א.ת,08-9315190,76360,25185109,2,מכונאות רכב בנזין | מכונאות רכב דיזל,דיין יעקב
10328,תמם את פאנוס אלקטרו קור,מוסך מורשה,רמלה,קלאוזנר 15,08-9227067,72440,54545595,4,מכונאות רכב בנזין | מכונאות רכב דיזל | חשמלאות רכב | שירות תיקון למזגן אויר לרכב,פאנוס פיטר | תמם אברהם
10330,קרמר אסף צמיגי אסף רחובות,מוסך מורשה,רחובות,משה יתום 39,08-9466005,76341,50004100,1,תיקון והחלפת צמיגים,קרמר אסף
10331,עבד אל והאב מוסך תקרורי,מוסך מורשה,קלנסווה,ת.ד 5021 קלנסואה,09-8783096,42837,58960923,2,מכונאות רכב בנזין | מכונאות רכב דיזל,עבד אלוהב תקרור
10340,מוסך בסגנון אלפיים בעמ,מוסך מורשה,תל אביב -יפו,אליקום 8,03-6821470,66530,512137472,3,תיקון אחזקת רכב חשמלי/היברידי | תיקון מרכבי רכב | צבעות רכב,פנחס פרידמן | פרידמן פנחס
10343,עידן -י.ל.מ. מרכז הרכב בע מ,מוסך מורשה,נס ציונה,המזמרה 5 א.תעשיה ב,08-8683244,70400,515134559,2,תיקון מרכבי רכב | צבעות רכב,רבקין סרגיי
10354,ד ר פח וצבע רעננה בע מ,מוסך מורשה,רעננה,החרושת 7,09-7412124,43657,512974320,3,תיקון אחזקת רכב חשמלי/היברידי | תיקון מרכבי רכב | צבעות רכב,טרבינוביץ ירון | בלעום אחמד
10355,צמיגי גנגי בע מ,מוסך מורשה,אור יהודה,החרושת 7,050-8361381,60375,512894726,1,תיקון והחלפת צמיגים,סדי עשהאל
10358,מוסכי יוסי דורון בע מ,מוסך מורשה,נתניה,פנקס 36 ת.ד. 13132,09-8626666,42377,512577388,7,מכונאות רכב בנזין | מכונאות רכב דיזל | תיקון אחזקת רכב חשמלי/היברידי | חשמלאות רכב | תיקון מרכבי רכב | צבעות רכב | שירות תיקון למזגן אויר לרכב,עטון עומרי עמ | עטון עומרי | מרק אלי | דיין שלום
10368,חי שרותי רכב )ליאב( בע מ,מוסך מורשה,פתח תקווה,עמל 15 ת.ד 3523ק .א,03-9241687,49513,514301415,3,תיקון אחזקת רכב חשמלי/היברידי | תיקון מרכבי רכב | צבעות רכב,חורי יעקב
10373,האני חסונה מוסך אוטו טוב,מוסך מורשה,לוד,הצורפים 16,08-9225754,,54423793,4,מכונאות רכב בנזין | מכונאות רכב דיזל | תיקון אחזקת רכב חשמלי/היברידי | טרקטורים ומכונות ניידות,חסונה האני
10374,בי סי אס גיא מוטורס בע מ,מוסך מורשה,שילת,הארבל 5,053-9596488,73188,515983716,3,אוטוטק רכב קל | תיקון אחזקת רכב חשמלי/היברידי | תיקון והחלפת צמיגים,כהן גיא | חטשואל טל
10376,משה בן עמי מוסך מ.א.,מוסך מורשה,פתח תקווה,בן ציון גליס 51 ת ד 4652,050-5203721,49146,55597025,3,מכונאות רכב בנזין | מכונאות רכב דיזל | שירות תיקון למזגן אויר לרכב,בן עמי משה
10377,תיבות הילוכים אוטומטיים בע מ,מוסך מורשה,ראשון לציון,האצל 49,050-7729692,58814,513222190,2,מכונאות רכב בנזין | מכונאות רכב דיזל,כהן יעקב ג'ק
10379,גלגלי המגן - אייל כחלון,מוסך מורשה,בית דגן,כ.רמלה בית דגן ת. דור אלון,050-8885763,75053,300251402,1,תיקון והחלפת צמיגים,קחלון עמוס
10381,מוסך חוצה ישראל בע מ,מוסך מורשה,ראש העין,היצירה 10,050-2089939,48017,512627068,4,מכונאות רכב בנזין | מכונאות רכב דיזל | תיקון אחזקת רכב חשמלי/היברידי | חשמלאות רכב,משה גידעון | גדעון משה | משה גדעון
10383,רכב דוד מוסכים ש.ר.ד 1995 בע מ,מוסך מורשה,תל אביב -יפו,נירים 8,03-5370560,67060,512153198,8,מכונאות רכב בנזין | מכונאות רכב דיזל | תיקון אחזקת רכב חשמלי/היברידי | חשמלאות רכב | מוסך  מומחה | תיקון מרכבי רכב | צבעות רכב | שירות תיקון למזגן אויר לרכב,הולנדר דני | דאובה דוד | לוגסי צחי | רביוב אברהם | זייתון דוד
10384,עופר חברה לרכב בע מ,מוסך מורשה,תל אביב -יפו,המנור 5,03-5158869,66558,510483225,1,מכונאות אופנועים וקטנועים,רז אליהו
10385,סאן - מוטורס בע מ,מוסך מורשה,הרצלייה,גלגלי הפלדה 23,09-9549748,46722,512636242,6,מכונאות רכב בנזין | מכונאות רכב דיזל | חשמלאות רכב | תיקון מרכבי רכב | צבעות רכב | שירות תיקון למזגן אויר לרכב,לוי דוד | מייר מיכאל | שמש עזרא
10386,בוסי נתנאל אלטרנתי חשמל רכב,מוסך מורשה,ראש העין,העבודה 7,03-9388723,48017,23087604,2,חשמלאות רכב | שירות תיקון למזגן אויר לרכב,בוסי נתנאל
10387,מוסך חוף הים בע מ,מוסך מורשה,הרצלייה,ת.ד.12082 החושלים 9,09-9555463,46724,511158438,4,מכונאות רכב בנזין | מכונאות רכב דיזל | תיקון אחזקת רכב חשמלי/היברידי | תיקון מרכבי רכב,גזיבץ אריק | גזית אריק | לוי אברהם
10388,בכור - כהן מוטורס בע מ,מוסך מורשה,אור יהודה,ההגנה 18,03-6344040,60212,512588401,9,מכונאות רכב בנזין | מכונאות רכב דיזל | תיקון אחזקת רכב חשמלי/היברידי | חשמלאות רכב | תיקון מרכבי רכב | צבעות רכב | תיקון והחלפת צמיגים | תיקון וכוון מתלים ברכב | שירות תיקון למזגן אויר לרכב,כהן אברהם | אברהם שלמה | כהן ברוך | ביטון דוד
10392,לידור מוטורס בע מ,מוסך מורשה,תל אביב -יפו,גולומב 28,03-6390095,66171,515312288,2,מכונאות רכב בנזין | מכונאות רכב דיזל,שאול רוני
10393,דורי סוכנות רכב בע מ,מוסך מורשה,יהוד-מונוסון,אלטלף 7 ת.ד 2657,03-5363153,56216,512015397,5,מכונאות רכב בנזין | מכונאות רכב דיזל | תיקון אחזקת רכב חשמלי/היברידי | חשמלאות רכב | שירות תיקון למזגן אויר לרכב,באיו אברהם
10396,מוסך צמיגי פרונט יוסף בע מ,מוסך מורשה,יהוד-מונוסון,אלטלף 9,050-2399992,56216,514777119,3,אוטוטק רכב קל | תיקון והחלפת צמיגים | תיקון וכוון מתלים ברכב,גמזו ישי נחמן | ברגיג ברוך
10397,פרונט ארביב בע מ,מוסך מורשה,חולון,הבנאי 26,03-5596346,58852,512211616,5,מכונאות רכב בנזין | אוטוטק רכב קל | מכונאות רכב דיזל | תיקון וכוון מתלים ברכב | בדיקת רכב לאחר תאונה,קיפניס ולדימיר | ארביב יצחק צחי | ארביב יעקב
10401,חאסקיה פואד מוסך הכוכב,מוסך מורשה,טירה,ת.ד. 3596,052-8429996,44915,53820197,2,מכונאות רכב בנזין | מכונאות רכב דיזל,חאסקיה פואד
10404,מבדק - פתח תקוה,מכון רישוי,פתח תקווה,המגשימים 8,03-9231221,49348,512639717,4,בדיקות-רכב )קניה ומכירה) | מכון רישוי-פתוח לשרות הציבור | תיקון וכוון מתלים ברכב | בדיקת רכב לאחר תאונה,ינאי יהודה | סבן דבי סוזן
10406,מכשירי תנועה ומכוניות(2004)בע מ,מוסך רישוי לרכב חדש,בני עי ש,ת.ד.59 בני עייש,08-8690511,79845,513619601,1,רישום ורישוי לרכב חדש,אליאס ירון
10408,עוידה מונדר מוסך השלום 2000,מוסך מורשה,טייבה,ת.ד   663,09-7990127,40400,27668482,2,תיקון מרכבי רכב | צבעות רכב,עווידה מונדר
10411,חצב נציגויות בע מ,מוסך מורשה,כנות,האודם 4 א.ת כנות,08-8596016,70700,511763153,2,תיקון והחלפת צמיגים | תיקון וכוון מתלים ברכב,ז'יטומרסקי לאונ
10413,עיראקי מחמוד - צמיגי עיראקי,מוסך מורשה,טירה,ת.ד 3359,050-5776315,44915,36363273,1,תיקון והחלפת צמיגים,עיראקי מחמוד
10415,מוסך שלדור בע מ,מוסך מורשה,נס ציונה,החרש 3,08-9471921,74031,513740357,3,מכונאות רכב בנזין | מכונאות רכב דיזל | תיקון אחזקת רכב חשמלי/היברידי,שניידר דן
10419,אישימוטו בע מ,מוסך מורשה,תל אביב -יפו,הרצל 115,03-5186666,66555,512950569,1,מכונאות אופנועים וקטנועים,גואטה יוסף
10422,מ.ע אמין שירותי מוסכים בע מ,מוסך מורשה,כפר ברא,ת.ד 228,054-2814372,45863,515896702,4,מכונאות רכב בנזין | מכונאות רכב דיזל | מכונאות דיזל משאיות ואוטובוסים | טרקטורים ומכונות ניידות,עסאם זידאן
10427,ראיד עיסא צמיגי ראיד,מוסך מורשה,כפר קאסם,סולטני 52 ת.ד 2104,054-4524540,49940,27562966,1,תיקון והחלפת צמיגים,עיסא ראיד
10434,דודי אור בע מ,מוסך מורשה,ראשון לציון,פלוטיצקי 3,03-9655325,75362,513913772,5,מכונאות רכב בנזין | מכונאות רכב דיזל | תיקון אחזקת רכב חשמלי/היברידי | חשמלאות רכב | שירות תיקון למזגן אויר לרכב,בכר עזרא | עזרא בכר | אוזן דוד
10436,מטרו מוטור שווק (1981) בע מ,מוסך מורשה,כפר סבא,עתיר ידע 18,03-6335615,,510892490,4,תיקון אחזקת רכב חשמלי/היברידי | מכונאות אופנועים וקטנועים | טרקטורים ומכונות ניידות | תיקון טרקטורונים,שמחוביץ אריאל | ברגמן שמואל
10441,מוסך קיה ראשון,מוסך מורשה,ראשון לציון,פלוטוצקי 3,054-2144577,75361,66102476,2,אוטוטק רכב קל | תיקון אחזקת רכב חשמלי/היברידי,גוהרי שלמה
10443,יוסי וקנין - מוסך טופ איקס,מוסך מורשה,כנות,הכחול 10 א.ת כנות,08-8594320,70751,21633102,3,מכונאות רכב בנזין | מכונאות רכב דיזל | תיקון טרקטורונים,קפלן מיכאל
10445,חגי מלמד ים אופנועים,מוסך מורשה,כפר סבא,התעש 23,052-2720399,44425,24858524,1,מכונאות אופנועים וקטנועים,מלמד חגי
10446,עד מילר בע מ,מוסך מורשה,כפר סבא,יוחנן הסנדלר 11,09-7676748,44426,516896750,5,מכונאות רכב בנזין | מכונאות רכב דיזל | תיקון אחזקת רכב חשמלי/היברידי | חשמלאות רכב | שירות תיקון למזגן אויר לרכב,מילר מאיר
10450,מוסך משא 1996 בע מ,מוסך מורשה,יהוד-מונוסון,ת.ד 2700  התעשיה 26,052-3325936,56216,512347774,3,מכונאות רכב בנזין | מכונאות רכב דיזל | מכונאות דיזל משאיות ואוטובוסים,מססה הרצל
10451,צמיגי ושטיפת יעקב בע מ,מוסך מורשה,ראש העין,שלמה המלך 1 תחנת דלק,03-9388236,48103,514929082,1,תיקון והחלפת צמיגים,צאיג שלום
10454,מוטי ניסים מכונאות כללית בע מ,מוסך מורשה,ראשון לציון,פלוטיצקי 10,03-9666674,75361,516722154,2,מכונאות רכב בנזין | מכונאות רכב דיזל,מרדכי ניסים
10457,א.ל. שירותי תעבורה 2017 בע מ,מוסך מורשה,כפר קאסם,רח' אל מג'ד,03-9379121,49940,515692671,7,מכונאות רכב בנזין | מכונאות רכב דיזל | מכונאות דיזל משאיות ואוטובוסים | חשמלאות רכב | טרקטורים ומכונות ניידות | תיקון טרקטורונים | שירות תיקון למזגן אויר לרכב,סלאמה יעקוב | דהן משה
10461,דוזן מוסך פחחות וצבע בע מ,מוסך מורשה,חולון,החופר 22,03-5587447,58853,514542315,3,תיקון אחזקת רכב חשמלי/היברידי | תיקון מרכבי רכב | צבעות רכב,דכה סאמר
10467,מגה פרונט ל.פ 2014 בע מ,מוסך מורשה,נתניה,שכטרמן 6,09-88045584,42379,515080679,3,מכונאות רכב בנזין | מכונאות רכב דיזל | תיקון וכוון מתלים ברכב,זלמן יחזקאל | יחזקאל זלמן
10470,א.ש. סנטר מוסכים בע מ,מוסך מורשה,ראשון לציון,משה בקר 32,03-9506465,75359,515023498,2,מכונאות רכב בנזין | מכונאות רכב דיזל,כהן יצחק
10471,י.א אילן פחחות וצבע בע מ,מוסך מורשה,ראשון לציון,משה שרת 15,03-9616031,75151,515873016,2,תיקון מרכבי רכב | צבעות רכב,אילצ'וקוב יבגני
10472,שמעון כחלון בע מ,מוסך מורשה,כפר סבא,המנופים 10,09-7654929,44427,513308577,1,תיקון והחלפת צמיגים,כחלון עמי
10473,טריקר בע מ,מוסך מורשה,ראשון לציון,פרימן 5,03-9697001,75358,510780489,1,תיקון צנורות פליטה ודודי עמם,רוסו אלברט
10475,אור אברהם מיזוג אוויר,מוסך מורשה,נס ציונה,האיזמל 11 א. תעשיה,08-9300749,74047,55562763,1,שירות תיקון למזגן אויר לרכב,אור אברהם
10476,נהרי עמרם מוסך עולמי,מוסך מורשה,בית עריף,בית עריף 52.ב,03-9711687,73145,22374771,2,מכונאות רכב בנזין | מכונאות רכב דיזל,נהרי עמרם
10477,מוטור-אפ בע מ,מוסך מורשה,פתח תקווה,המרץ 7,03-9224207,49517,512185018,4,אוטוטק רכב קל | תיקון אחזקת רכב חשמלי/היברידי | תיקון מרכבי רכב | צבעות רכב,מועלם אליהו | קאסם ג'סאן | אוהב ציון דוד
10478,מוסך לב בשרון,מוסך מורשה,כפר סבא,הנגר 3,050-4413303,44505,57339012,2,מכונאות רכב בנזין | מכונאות רכב דיזל,זריהם יצחק
10480,ניקולא מוסך הרכב,מוסך מורשה,רמלה,המעפילים 6,08-9242561,72216,20307369,2,תיקון מרכבי רכב | צבעות רכב,ניקולא פזע | פזא עיסא
10481,טייר פרו דרום בע מ,מוסך מורשה,יבנה,דרך הים 34 ת.ד 645,08-9436733,70600,513969212,1,תיקון והחלפת צמיגים,מלכה שמעון שימי
10483,סולטן אמיר כל אגזוז טירה,מוסך מורשה,טירה,ת.ד 1759,09-7935278,44915,66453978,1,תיקון צנורות פליטה ודודי עמם,סולטאן אמיר
10489,צמח שמואל מוסך צמח,מוסך מורשה,חולון,המלאכה 43,052-20446685,58855,316071596,3,מכונאות רכב בנזין | מכונאות רכב דיזל | מכונאות דיזל משאיות ואוטובוסים,צמח אילן מרד
10490,רד מוטורס ולדימיר את רוסלן,מוסך מורשה,ראשון לציון,"שמוטקין 35, ת.ד. 2159",03-9697333,75363,307019422,2,תיקון מרכבי רכב | צבעות רכב,קרופיצקי ולדימי | מויאל יצחק
10494,אורטוב גירים אוטומטיים בע מ,מוסך מורשה,רחובות,נחשון 4,08-9467017,76380,514128842,1,תיקון תיבות הילוכים אוטומטיות,בורק ארז
10495,קומפיוטסט - ר.לציון מערב,מכון רישוי,ראשון לציון,שפירא 11,03-9522555,75284,512805235,5,בדיקות עשן ברכב דיזל | בדיקות-רכב )קניה ומכירה) | מכון רישוי-פתוח לשרות הציבור | תיקון וכוון מתלים ברכב | בדיקת רכב לאחר תאונה,דים אברהם | ברשישת צחי
10499,רועי ספיד אופנועים וקטנועים,מוסך מורשה,רחובות,"משה יתום 33, א.ת.",08-9316090,76341,28453918,1,מכונאות אופנועים וקטנועים,רועי אהרוני
10500,מומו פרונט בע מ,מוסך מורשה,תל אביב -יפו,טברסקי 11תד 57033,050-5348104,67210,512069683,3,מכונאות רכב בנזין | מכונאות רכב דיזל | תיקון וכוון מתלים ברכב,צלח אלי | ארביב שלום
10508,הרשקו מאיר - צמיגי מירן,מוסך מורשה,נתניה,ת.ד. 8423 התרופה 3,052-3364636,42504,68273036,4,מכונאות רכב בנזין | מכונאות רכב דיזל | תיקון והחלפת צמיגים | תיקון וכוון מתלים ברכב,הרשקו מאיר
10516,יוסי כל קטנוע,מוסך מורשה,תל אביב -יפו,שלמה 10,050-5853022,68111,50873157,1,מכונאות אופנועים וקטנועים,יוסף נתן
10521,אברהם אברהם א-א חשמל,מוסך מורשה,הוד השרון,ששת הימים 52 הוד השרון,09-7414813,45304,59570853,2,חשמלאות רכב | שירות תיקון למזגן אויר לרכב,אברהם אברהם
10522,בן חיון משה,מוסך מורשה,לוד,אבא הלל סילבר 12 א.ת צפוני,08-9244425,71294,22501399,2,מכונאות רכב בנזין | מכונאות רכב דיזל,בן חיון משה
10528,יונברסל מוטורס ישראל בע מ,מוסך רישוי לרכב חדש,בני עי ש,פארק ראם ת.ד 278,08-8631401,79845,511809071,5,מכונאות רכב בנזין | מכונאות רכב דיזל | תיקון אחזקת רכב חשמלי/היברידי | צבעות רכב | רישום ורישוי לרכב חדש,בועז יחזקאל | גוזי מנחם | חכם יוסף
10530,גבאלי עזאם חשמל רכב המשולש,מוסך מורשה,טייבה,ת.ד. 7355,09-7996260,40400,58527250,1,חשמלאות רכב,גבאלי עזאם
10534,אלי אלקריף מוסך  מקס פאור,מוסך מורשה,רחובות,המפוח 24,08-9470700,76341,28901494,2,מכונאות רכב בנזין | מכונאות רכב דיזל,אלקריף אלי
10538,חג' יחיא ראפת ח.מ. קאסם,מוסך מורשה,כפר קאסם,רח עוקף 24,050-5306210,49940,58978073,1,חשמלאות רכב,חג' יחיא ראפת
10539,צמיגי אורן זיתוני,מוסך מורשה,תל אביב -יפו,שד הר ציון 115,052-7086328,66534,23699374,1,תיקון והחלפת צמיגים,אורן זיתוני
10542,בן מוחה סער - מוסך סער,מוסך מורשה,כפר סבא,"היוצרים 10 ת,ד 7132",09-7659193,44641,35936194,2,מכונאות רכב בנזין | מכונאות רכב דיזל,בן מוחה סער
10543,ברק ש. רכב בע מ,מוסך מורשה,פתח תקווה,גליס 42 סגולה,054-6954433,49277,516605169,2,מכונאות רכב בנזין | מכונאות רכב דיזל,שמואלי יעקב
10544,היפר צמיג בע מ,מוסך מורשה,פתח תקווה,הירקונים 25,03-9315555,49271,514550649,3,מכונאות רכב בנזין | מכונאות רכב דיזל | תיקון והחלפת צמיגים,קסב אליהו | רומנו ויקטור
10545,ברנסי גאסן מוסך ברנסי,מוסך מורשה,טייבה,ת.ד. 3433 טייבה,052-3952199,40400,55218606,2,מכונאות רכב בנזין | מכונאות רכב דיזל,בראנסי נור
10550,שועה אדמונד מוסך אדמונד,מוסך מורשה,תל אביב -יפו,ישראל מסלנט 46,03-6884879,66172,70825047,2,מכונאות רכב בנזין | מכונאות רכב דיזל,שועה אדמונד
10551,סלאמה אחמד מוסך לביא,מוסך מורשה,פתח תקווה,הירקונים 41,03-9390377,49271,39399456,2,מכונאות רכב בנזין | מכונאות רכב דיזל,אמיגה רמי
10555,מאור גאנח מוסך ניסים גאנח,מוסך מורשה,אור יהודה,ההגנה 12,03-5331377,60212,205443674,2,תיקון מרכבי רכב | צבעות רכב,גאנח אליהו
10558,מוסך נבעה בעמ,מוסך מורשה,רחובות,היצירה 15 קומה ב,08-9470578,76341,512239445,5,מכונאות רכב בנזין | מכונאות רכב דיזל | תיקון אחזקת רכב חשמלי/היברידי | תיקון מרכבי רכב | צבעות רכב,חן אשר | נאבע יצחק אמנ | נבעה יצחק | נאבע יצחק אמנון
10560,קוגמן שירותי רכב בע מ,מוסך מורשה,נתניה,המסגר 23,09-8849666,,512864216,5,מכונאות רכב בנזין | מכונאות רכב דיזל | תיקון אחזקת רכב חשמלי/היברידי | אוטוטק מרכבי רכב וצביעתם | תיקון וכוון מתלים ברכב,קוגמן יצחק | מגנזי ניסים
10561,בחאש עדנאן - מוסך בחאש 2000,מוסך מורשה,קלנסווה,קלנסוואה 42837,09-8781223,42837,56262900,2,מכונאות רכב בנזין | מכונאות רכב דיזל,בחאש עדנאן
10562,יוסף נאיף אלעוברה שרות מהיר לרכב,מוסך מורשה,לוד,עשרת הרוגי מלכות 27 א.ת.צפוני,08-9295781,,40443392,2,מכונאות רכב בנזין | מכונאות רכב דיזל,רניה מישאל
10563,אגד חברה לתחבורה בע מ,מוסך מורשה,חולון,החופר 15,050-4088210,58853,516041118,3,תיקון והחלפת צמיגים | תיקון מחוונים | תיקון תיבות הילוכים אוטומטיות,עוזיאלי יוסי | שלום ניר | אוריאל פולק
10571,אבי פחחות וצבע,מוסך מורשה,חולון,הפלד 22,052-6423705,58816,36791853,1,תיקון מרכבי רכב,בורשטיין מאיר
10572,קבוצת שגריר שירותי רכב בע מ,מוסך מורשה,רעננה,היצירה 3,09-7446815,,515158665,3,תיקון אחזקת רכב חשמלי/היברידי | תיקון מרכבי רכב | צבעות רכב,מנשרוב אברהם | חאג יחיא יזיד
10576,קבוצת שגריר שרותי רכב בע מ,מוסך מורשה,חולון,השופטים 26,03-5588428,58842,515158665,3,תיקון אחזקת רכב חשמלי/היברידי | תיקון מרכבי רכב | צבעות רכב,בן יעקב רונן | ברבי יורם נתן
10579,מוסך אבי זליג בע מ,מוסך מורשה,שילת,ת.ד. 116,053-7279933,73188,513873372,3,תיקון אחזקת רכב חשמלי/היברידי | תיקון מרכבי רכב | צבעות רכב,זליג עדי עובד
10581,מוסך מרום טל א.ח. בע מ,מוסך מורשה,ראשון לציון,פלוטיצקי 3,03-9508555,75361,514212745,2,תיקון מרכבי רכב | צבעות רכב,כחלון אברהם
10584,פרו - סייקל בע מ,מוסך מורשה,רעננה,החרושת 2 אזה תת.ד 3029,09-7450877,,512874983,1,מכונאות אופנועים וקטנועים,חן ציון אמיר
10589,מוסך טופ קור - בינימין  חיים,מוסך מורשה,כפר סבא,יוחנן הסנדלר 11 ת.ד 2021,09-7654290,44426,54116108,1,שירות תיקון למזגן אויר לרכב,בנימין חיים
10591,צ.ל.ע ציוד לעבודות עפר בע מ,מוסך רישוי לרכב חדש,עמק חפר,ת.ד 12097 גשר העץ 46,054-6662101,38800,511035420,5,אישור כשירות לצמ ה ומכונה ניידת | רישום ראשוני לרכב חדש | טרקטורים ומכונות ניידות | תיקון טרקטורונים | תיקון מלגזות הרמה,קרופיק ירון | בן דב יוסף
10592,אלעיסוי סמי פרונט סמי,מוסך מורשה,כפר קאסם,ת.ד. )1663מול ת.סונול(,03-9071922,49940,59553503,1,תיקון וכוון מתלים ברכב,עבדל גאפר מוחסן
10598,רז גפני אבנוע סנטר,מוסך מורשה,ראשון לציון,סחרוב 9,050-9950188,75707,60425931,1,מכונאות אופנועים וקטנועים,מזרחי מרדכי
10599,גדי אלהרר מוסך בייק סנטר,מוסך מורשה,פתח תקווה,הירקונים 33,03-9045670,49271,58452095,2,תיקון והחלפת צמיגים | מכונאות אופנועים וקטנועים,גדי אלהרר
10603,א.י. אלוני חשמל ומיזוג לרכב בע מ,מוסך מורשה,כפר סבא,ת.ד. 2293 אלי הורוביץ 10,09-7678202,44600,51331270,6,מכונאות רכב בנזין | מכונאות רכב דיזל | תיקון אחזקת רכב חשמלי/היברידי | חשמלאות רכב | תיקון טרקטורונים | שירות תיקון למזגן אויר לרכב,ימיני אלון
10605,יוספי דוד - מוסך השרון א.ד.,מוסך מורשה,נתניה,הכדר 30,053-7393880,42377,58758350,2,מכונאות רכב בנזין | מכונאות רכב דיזל,דעאס חסן
10613,א.אהרונוביץ שרותי רכב יבנה,מוסך מורשה,יבנה,"הירקון 1, ת.ד. 13221",052-2456123,81109,53324745,2,מכונאות רכב בנזין | מכונאות רכב דיזל,אילן אהרונוביץ
10617,מוסך גורג פחחות וצבע בעמ,מוסך מורשה,רמלה,עולי הגרדום 6,08-9250908,72432,511741159,2,תיקון מרכבי רכב | צבעות רכב,גנימה גורג | גנימה סטיב
10619,דלהום מוטורס בע מ,מוסך רישוי לרכב חדש,טירה,ת.ד. 3028,09-7935849,44915,514256783,2,רישום ראשוני לרכב חדש | רישום ורישוי לרכב חדש,גלזנר שירן | מטר אחמד
10622,צמיגי דרור שילת בעמ,מוסך מורשה,שילת,ד.נע המרכז,08-9762288,73188,512852674,4,מכונאות רכב בנזין | מכונאות רכב דיזל | תיקון והחלפת צמיגים | תיקון וכוון מתלים ברכב,אשרף סלומון | דרור נפתלי
10628,טורבו דיזל המשולש - וג'די ומחמוד,מוסך מורשה,טייבה,ת.ד 96,053-5304137,40400,38203006,1,תיקון משאבות ומתזים לדיזל,יאסין ראג'ב
10637,שטרנגלס רונית - רדיאטור מודיעין,מוסך מורשה,שילת,ד נ מודיעין א תעשיה ת.ד 96,052-4617490,73188,24044307,4,מכונאות רכב בנזין | מכונאות רכב דיזל | תיקון רדיאטורים )מצננים) | תיקון צנורות פליטה ודודי עמם,פישר אריה | שטרנגלס אמנון
10639,עיסא אחמד א.א. בית הצמיג,מוסך מורשה,כפר קאסם,ת.ד. 2608,054-5516196,48810,305209009,1,תיקון והחלפת צמיגים,עיסא איסמאיל
10642,פ.פ.אואזיס בע מ,מוסך מורשה,ראשון לציון,פלוטיצקי 12,054-7861007,75359,513281014,2,מכונאות רכב בנזין | מכונאות רכב דיזל,יצחקי גמלט
10647,מכשירי תנועה ומכוניות (2004) בעמ,מוסך רישוי לציוד חקלאי,בני עי ש,בני עייש ת.ד 59,08-8699456,79845,513619601,9,מכונאות רכב בנזין | מכונאות רכב דיזל | מכונאות דיזל משאיות ואוטובוסים | בדיקות עשן ברכב דיזל | מוסך רישוי לציוד חקלאי | אישור כשירות לצמ ה ומכונה ניידת | רישום ורישוי לרכב חדש | טרקטורים ומכונות ניידות | תיקון מלגזות הרמה,בן דב עידו | עבד אלהאדי סאמי
10649,יוסי כהן פרונט פלוס,מוסך מורשה,רחובות,משה יתום 13,08-9366573,76341,58870585,2,מכונאות רכב בנזין | מכונאות רכב דיזל,מלמד שמואל
10650,אל עיסאוי צמיגי אבו אמיר,מוסך מורשה,נס ציונה,ת.ד 396 כ.נס ציונה ראשל צ,08-9505945,74103,55167563,1,תיקון והחלפת צמיגים,אל עיסאוי יעקב
10653,שמשון לוי - מוסך בילו סנטר,מוסך מורשה,קריית עקרון,בעלי מלאכה 54 קרית עקרון,08-9355057,70500,51330231,4,מכונאות רכב בנזין | מכונאות רכב דיזל | תיקון מרכבי רכב | צבעות רכב,לוי שמשון | שיהאב מחמד
10657,מנשה שאול שרותי רכב,מוסך מורשה,רמת השרון,החרש פינת המסגר 14,03-5495724,2650,70938931,3,מכונאות רכב בנזין | מכונאות רכב דיזל | שירות תיקון למזגן אויר לרכב,שאול מנשה
10658,טורינג ליין בע מ,מוסך מורשה,בני ברק,הירקון 17,03-6160077,51201,512521857,1,תיקון מרכבי רכב,רומאנו רחמים
10659,אלכס אורגינל בע מ,מוסך מורשה,נתניה,המלאכה 16 ת.ד 8521,09-8855441,42504,512238478,1,שירות תיקון למזגן אויר לרכב,הורוביץ מיכאל
10661,מוסך מקסיקו (2022) נתניה בע מ,מוסך מורשה,נתניה,"אורט 19, א.ת. ישן",09-8627282,42377,516668050,7,מכונאות רכב בנזין | מכונאות רכב דיזל | מכונאות דיזל משאיות ואוטובוסים | מסגרות רכב )תיקון ארגזים) | תיקון והחלפת צמיגים | תיקון וכוון מתלים ברכב | בדיקת רכב לאחר תאונה,מלמדסון סער | מלמדסון זנון
10664,שגריר קרני אור רחובות בע מ,מוסך מורשה,רחובות,היצירה 7,08-9999201,,514611326,3,תיקון אחזקת רכב חשמלי/היברידי | תיקון מרכבי רכב | צבעות רכב,כהן נח
10672,מוסך אחים גז בע מ,מוסך מורשה,שילת,א.ת. שילת ת.ד. 28,052-2427869,44830,513481267,5,מכונאות רכב בנזין | מכונאות רכב דיזל | חשמלאות רכב | תיקון וכוון מתלים ברכב | שירות תיקון למזגן אויר לרכב,גז צבי
10674,וולודניצקי עמיר - שרות ללקוח,מוסך מורשה,עין ורד,בחצר מוסך ורד,050-5735188,45820,28127256,3,מכונאות רכב בנזין | מכונאות רכב דיזל | תיקון טרקטורונים,קלמנוביץ מרדכי
10675,שלמה סניור סניור שרותי רכב,מוסך מורשה,חולון,"הפלד 18, פינת הנגר 2",050-5487950,58816,24577074,3,תיקון אחזקת רכב חשמלי/היברידי | תיקון מרכבי רכב | צבעות רכב,יחיא עומר
10677,מרכז מקסיקו בע מ,מוסך מורשה,נתניה,ת.ד. 13332 הכדר 24,054-2095653,42377,516852837,1,תיקון והחלפת צמיגים,אל עיסאוי הישאם
10678,מוסך השלושה בע מ,מוסך מורשה,תל אביב -יפו,גולומב 50,03-6396122,66171,510062128,5,מכונאות רכב בנזין | מכונאות רכב דיזל | תיקון אחזקת רכב חשמלי/היברידי | חשמלאות רכב | שירות תיקון למזגן אויר לרכב,ריבאיזן אבינועם | קנברנר ישראל | קינברנר ישראל
10680,מיכאל מוטורס,מוסך מורשה,חולון,הבנאי 27,050-4766996,58857,306167966,2,מכונאות רכב בנזין | מכונאות רכב דיזל,פיאלקו מיכאל
10681,מוסך יחזקאל קאשי את אלי קוצרו,מוסך מורשה,יהוד-מונוסון,אלטלף 25ת ד 2695,03-5364144,56216,55111785,2,מכונאות רכב בנזין | מכונאות רכב דיזל,יחזקאל קאשי
10690,נח טל מוסך טל,מוסך מורשה,ראשון לציון,שמעון ישראלי 4,03-9523168,,32027534,2,חשמלאות רכב | שירות תיקון למזגן אויר לרכב,נח טל
10702,אלעוברה תופיק מוסך הרכבת,מוסך מורשה,לוד,תחנת רכבת 3,08-9202594,,23171267,2,מכונאות רכב בנזין | מכונאות רכב דיזל,אבו כאשף גוברין
10705,צמיגי שבתאי ברק ואור בוארון,מוסך מורשה,הוד השרון,החרש 16,09-7402776,45241,39570304,1,תיקון והחלפת צמיגים,בוארון אור
10706,אלי את אלי דושיבע מ,מוסך מורשה,תל אביב -יפו,המנוע 8,03-6820841,68168,513636522,1,תיקון קרבורטורים,חלפון שמעון
10707,ש.א.כ. כהן בע מ,מוסך מורשה,נס ציונה,המזמרה א.ת.ב,08-9408821,74047,514518257,2,תיקון מרכבי רכב | צבעות רכב,כהן משה
10708,ביסמוט שמעון מוסך אלדר,מוסך מורשה,נתניה,הכדר 24,09-8872063,42377,58705930,3,אוטוטק רכב קל | תיקון אחזקת רכב חשמלי/היברידי | בדיקות-רכב )קניה ומכירה),ביסמוט שמעון
10710,א.ש.עדן מרכז טיפול לרכב בעמ,מוסך מורשה,יבנה,"ת.ד. 15168,חידקל 14",053-7401752,81100,513087981,8,מכונאות רכב בנזין | מכונאות רכב דיזל | תיקון אחזקת רכב חשמלי/היברידי | חשמלאות רכב | תיקון מרכבי רכב | צבעות רכב | תיקון והחלפת צמיגים | שירות תיקון למזגן אויר לרכב,נהימי ראובן | שיטרית אשר | בן שלמה ישראל | שטרית אשר | אשר גיל דוד
10711,אחזקות ניר אליהו אגש ח בע מ,מוסך מורשה,ניר אליהו,קיבוץ ניר אליהו,050-7979361,,570009845,4,מכונאות רכב בנזין | מכונאות רכב דיזל | אישור כשירות לצמ ה ומכונה ניידת | טרקטורים ומכונות ניידות,ראובני יובל
10714,עסאוי בילאל פאוור סנטר,מוסך מורשה,נס ציונה,הפטיש 8 א.תעשיה ת.דלק נס ציונה,08-9302330,74047,29155769,1,תיקון והחלפת צמיגים,אלעסאוי בילאן
10715,צמיגי אנטון חנניה,מוסך מורשה,רחובות,היצירה 6 א.תעשיה,08-9467227,76343,23111578,1,תיקון והחלפת צמיגים,מטר אדוארד
10716,פלח שרון מוסך התאומים,מוסך מורשה,הוד השרון,"היובלים 18, ת.ד. 7265",09-7402665,45247,58766734,2,מכונאות רכב בנזין | מכונאות רכב דיזל,עטיה רמי
10718,עיסאוי עדנאן קסם 2000,מוסך מורשה,כפר קאסם,כביש ראשי משמאל,050-7707305,49940,56903339,3,מכונאות רכב בנזין | מכונאות רכב דיזל | חשמלאות רכב,גיוסי איהאב | עיסווי עדנאן
10719,יגאל שלום עמוס מוסך י.ש.ע.,מוסך מורשה,יהוד-מונוסון,המלאכה 1 פינת גרון אברהם,03-5361269,56201,53572806,4,מכונאות רכב בנזין | מכונאות רכב דיזל | תיקון מרכבי רכב | צבעות רכב,גואטה שלום | גואטה עמוס
10722,א.עתידים מוסכים בע מ,מוסך מורשה,בני ברק,הקישון 25,03-5782226,51206,513093823,4,מכונאות רכב בנזין | מכונאות רכב דיזל | תיקון אחזקת רכב חשמלי/היברידי | תיקון מרכבי רכב,עמוס בועז | בועס עמוס | אביאני עמירם
10725,איציק זקן מוסך הנציב,מוסך מורשה,תל אביב -יפו,שונצינו 22,03-5616588,67019,22970545,2,מכונאות רכב בנזין | מכונאות רכב דיזל,פרידמן יאיר
10727,סמיר אברהים מוסך סיכת התחנה,מוסך מורשה,תל אביב -יפו,ישראל מסלנט 46,054-6362590,66172,34241018,2,מכונאות רכב בנזין | מכונאות רכב דיזל,אברהים סמיר
10733,חדיג'ה ראיד מוסך העיר,מוסך מורשה,קלנסווה,ת.ד.785,09-8942317,,28379527,2,מכונאות רכב בנזין | מכונאות רכב דיזל,חדיג'ה ראיד
10734,נ.ע. מוסך מייס בע מ,מוסך מורשה,כפר קאסם,ת.ד. 1639,052-6587481,49940,515198653,3,מכונאות רכב בנזין | מכונאות רכב דיזל | מכונאות דיזל משאיות ואוטובוסים,חאג יחיא מושיר
10737,אהרונוב סרגי יוחנן צמיגי רמלה,מוסך מורשה,רמלה,הרצל 6,08-9247110,72244,306844580,1,תיקון והחלפת צמיגים,אהרונוב סרגי
10738,מרכז הצמיג ש.י. בע מ,מוסך מורשה,הרצלייה,הסדנאות 5,052-2656066,46728,513336834,3,מכונאות רכב בנזין | מכונאות רכב דיזל | תיקון והחלפת צמיגים,עמבר אליהו | עובדיה אברהם
10740,השחר מוטורס 2000 בעמ,מוסך מורשה,חולון,המלאכה 53 א' חולון,03-5504502,58855,513034132,2,תיקון מרכבי רכב | צבעות רכב,חליוי פהד | סאבא דימיטרי
10741,שלום חשמל רכב,מוסך מורשה,פתח תקווה,"עמל 4, ת.ד. 3625",03-9227017,49513,55026496,2,חשמלאות רכב | שירות תיקון למזגן אויר לרכב,שלום דוד
10742,טולדנו איחוד מוסכים 2008,מוסך מורשה,פתח תקווה,מרכוס 7,03-9343515,49565,68455104,2,מכונאות רכב בנזין | מכונאות רכב דיזל,יוסי טולדנו
10744,כהן ז'וזו' מוסך ז'וזו',מוסך מורשה,נתניה,הנגר 14,09-8829742,42378,69967685,3,מכונאות רכב בנזין | מכונאות רכב דיזל | תיקון תיבות הילוכים אוטומטיות,כהן ז'וז'ו | כהן ז'וזו'
10747,ממסי שרותי דרך וגרירה בע מ,מוסך מורשה,פתח תקווה,נחשון 31,03-6544111,49277,514257278,6,מכונאות רכב בנזין | מכונאות רכב דיזל | תיקון אחזקת רכב חשמלי/היברידי | חשמלאות רכב | אוטוטק מרכבי רכב וצביעתם | שירות תיקון למזגן אויר לרכב,יצחק יעקב | כוכבי כוכב | כוכב כהן כוכבי | חדד לירון
10748,בן שבת יעקב מוסך יעקב,מוסך מורשה,בני ברק,הירקון 75,03-6164331,51361,56730682,2,מכונאות רכב בנזין | מכונאות רכב דיזל,בן שבת יעקב
10750,טופ קאר מנצור את מנצור בע מ,מוסך מורשה,הוד השרון,רח' הפטיש 6,09-7400416,45105,513093237,5,מכונאות רכב בנזין | אוטוטק רכב קל | תיקון אחזקת רכב חשמלי/היברידי | תיקון מרכבי רכב | צבעות רכב,מנצור חיים | מנצור שרון
10751,היתם גאבלי מוסך אלביאן,מוסך מורשה,טירה,ת.ד. 2285,050-5260976,44915,24771545,2,מכונאות רכב בנזין | מכונאות רכב דיזל,גבאלי הייתם
10752,צמיגי עומרי כחלון,מוסך מורשה,כפר סבא,יוחנן הסנדלר 9,050-9890989,,311228902,1,תיקון והחלפת צמיגים,כחלון חיים
10753,ניאו מוטורס בע מ,מוסך מורשה,רעננה,המלאכה 12,054-5600489,43661,516127362,2,מכונאות רכב בנזין | מכונאות רכב דיזל,רמז רפאל
10757,מוסך ארמי ראוי,מוסך מורשה,אור יהודה,החרושת 6,04-5337764,60375,58715061,2,מכונאות רכב בנזין | מכונאות רכב דיזל,ארמי כרמל
10763,תעבורה אחזקות בע מ,מוסך מורשה,רמלה,"רח' הרי גולן , א.ת. נשר",08-9270470,72100,512562422,1,מכונאות דיזל משאיות ואוטובוסים,אוגורקוב יפים
10764,בס ד אלייה שירותי רכב בע מ,מוסך מורשה,ראשון לציון,אצל 11,03-9617717,75706,515819258,4,מכונאות רכב בנזין | מכונאות רכב דיזל | חשמלאות רכב | שירות תיקון למזגן אויר לרכב,עברי אלי
10765,א. יהושוע מיזוג אויר לרכב בע מ,מוסך מורשה,נתניה,הכדר 15,09-8616879,42377,514213727,1,שירות תיקון למזגן אויר לרכב,אוחיון יהושע
10766,קפלון אלכסנדר מוסך אוטו אלכס,מוסך מורשה,בת ים,המסגר 7,052-3726050,59596,310567433,3,מכונאות רכב בנזין | מכונאות רכב דיזל | תיקון אחזקת רכב חשמלי/היברידי,קפלון אלכסנדר
10772,מוסך מנור ישראל פ ת 2001 בע מ,מוסך מורשה,פתח תקווה,אלכסנדר ינאי 17,03-9347282,49277,513152785,7,מכונאות רכב בנזין | מכונאות רכב דיזל | תיקון אחזקת רכב חשמלי/היברידי | חשמלאות רכב | תיקון מרכבי רכב | צבעות רכב | שירות תיקון למזגן אויר לרכב,זמר טוב יוסף | בולוגובקין לב | חוברה משה
10774,חוברה צבעות רכב,מוסך מורשה,פתח תקווה,אלכסנדר ינאי 17,03-9311870,49277,55729495,1,צבעות רכב,חוברה אהרון
10775,מוסך ים התיכון (1990) בע מ,מוסך מורשה,הרצלייה,יד חרוצים 3,03-9570244,46730,511469660,2,מכונאות רכב בנזין | מכונאות רכב דיזל,ראובן אהרון
10776,גאבר איברהים מוסך איברהים,מוסך מורשה,טייבה,ת.ד. 1712,09-7997297,40400,24772238,1,תיקון מרכבי רכב,גאבר איברהים
10777,אחמד אדריעי מוסך אדריעי,מוסך מורשה,תל אביב -יפו,שרירא גאון 6,054-5780249,68184,204498927,2,מכונאות רכב בנזין | מכונאות רכב דיזל,אדריעי אחמד | אחמד אדריעי
10778,מוסך גליסקו וחליל,מוסך מורשה,תל אביב -יפו,שרירא גאון 8,050-5696606,68184,24572125,5,מכונאות רכב בנזין | מכונאות רכב דיזל | חשמלאות רכב | תיקון מרכבי רכב | שירות תיקון למזגן אויר לרכב,גליסקו רונן | גליקסו רונן | עדיאל אלון
10779,מוסך איסיאמ ישראל שרותי רכב בעמ,מוסך מורשה,תל אביב -יפו,היינריך היינה 1,054-9075460,68184,516835717,2,אוטוטק רכב קל | תיקון אחזקת רכב חשמלי/היברידי,סימל יעקב
10780,מוסך מסילתי עמר ובניו בע מ,מוסך מורשה,כפר סבא,ת..ד. 2451 המנופים 10,050-5231760,44427,517259537,4,מכונאות רכב בנזין | מכונאות רכב דיזל | מכונאות דיזל משאיות ואוטובוסים | תיקון וכוון מתלים ברכב,גן ברוך
10781,טייר פרו צמיגי גדרה בע מ,מוסך מורשה,גדרה,ת.ד187 תחנת דלק,08-8596225,70700,514312552,1,תיקון והחלפת צמיגים,אביב רם
10787,בל מוטורס בסד בע מ,מוסך מורשה,חולון,האורגים 9,053-7335099,58859,514745454,2,מכונאות רכב בנזין | מכונאות רכב דיזל,צוקרל גולן
10790,לוי את דוכן מוסך עינב,מוסך מורשה,רחובות,משה יתום 33,08-9471820,76343,54533062,2,מכונאות רכב בנזין | מכונאות רכב דיזל,לוי רחמים
10800,ברק אור שרותי (1995)בע מ,מוסך מורשה,תל אביב -יפו,המנוע 6,03-6814389,68168,512086295,5,מכונאות רכב בנזין | מכונאות רכב דיזל | תיקון אחזקת רכב חשמלי/היברידי | חשמלאות רכב | שירות תיקון למזגן אויר לרכב,בוטבול רונן | רונן בוטבול
10801,מנופי אבי בע מ,מוסך מורשה,ראשון לציון,התעשיין 8,03-9562222,75362,510921521,7,מכונאות רכב בנזין | מכונאות רכב דיזל | מכונאות דיזל משאיות ואוטובוסים | תיקון והחלפת צמיגים | אישור כשירות לצמ ה ומכונה ניידת | טרקטורים ומכונות ניידות | תיקון מלגזות הרמה,ברונר מיכאל | אלחטיב הני
10803,ושציב אולג - מוסך מקסי,מוסך מורשה,ראשון לציון,משה שרת 22,03-9514763,75704,318090339,2,מכונאות רכב בנזין | מכונאות רכב דיזל,נאחטיגל לב
10805,מוסך יוני אטיאס מרכז הפגושים,מוסך מורשה,ראשון לציון,פלוטיצקי 3,053-4338601,75361,34275545,2,תיקון מרכבי רכב | צבעות רכב,יוני אטיאס
10808,טויטו אורי פחחות רכב,מוסך מורשה,רחובות,המפוח 8 א.ת רחובות,08-9451179,76341,56102718,2,תיקון מרכבי רכב | צבעות רכב,טויטו אורי
10809,אמסלם יהודה מכונאות חשמל ומיזוג,מוסך מורשה,ראשון לציון,בן לולו 4,03-9643315,75360,2704781,4,מכונאות רכב בנזין | מכונאות רכב דיזל | חשמלאות רכב | שירות תיקון למזגן אויר לרכב,אמסלם יהודה
10813,בניסטי אברהם אופנועי הרצליה,מוסך מורשה,הרצלייה,"משכית 15, ת.ד. 12601",09-9558993,46733,22022826,1,מכונאות אופנועים וקטנועים,בניסטי אברהם
10814,בן צור יונתן יוני אופנועים,מוסך מורשה,כפר סבא,יוחנן הסנדלר 8,052-2319647,44426,23091143,1,מכונאות אופנועים וקטנועים,בן צור יונתן
10825,עוז אופנועים ניר חסון,מוסך מורשה,יהוד-מונוסון,העצמאות 45  ת.ד. 2668,03-6320020,56000,25461419,1,מכונאות אופנועים וקטנועים,חסון ניר
10826,רונן נאמן מוטורס בע מ,מוסך מורשה,כפר סבא,הפרסה 3,054-2828996,,517210894,6,מכונאות רכב בנזין | מכונאות רכב דיזל | תיקון אחזקת רכב חשמלי/היברידי | חשמלאות רכב | אוטוטק מרכבי רכב וצביעתם | שירות תיקון למזגן אויר לרכב,גבאי אלון | נאמן רונן
10829,יצחק מזרחי מוטו בייק אמינות,מוסך מורשה,תל אביב -יפו,יצחק שדה 37,03-6241355,67213,38454096,1,מכונאות אופנועים וקטנועים,מזרחי יצחק
10833,עד כפר סבא בע מ,מוסך מורשה,כפר סבא,הסדנא 4,09-7653016,44424,511608671,7,מכונאות רכב בנזין | מכונאות רכב דיזל | תיקון אחזקת רכב חשמלי/היברידי | חשמלאות רכב | תיקון מרכבי רכב | צבעות רכב | שירות תיקון למזגן אויר לרכב,ורנר דב | כהן דוד | ורנר אור
10834,טייר סנטר רשת צמיגים בע מ,מוסך מורשה,פתח תקווה,השילוח 7,03-9247764,49255,514583558,1,תיקון והחלפת צמיגים,עבודי מוסא
10840,אלמוג מנגד  התיקון הכללי בע מ,מוסך מורשה,כנות,רח' הכחול 10,08-8681146,70752,514943810,2,מכונאות רכב בנזין | מכונאות רכב דיזל,ראובן בכור
10851,גבאי את צח מוסך המרינה,מוסך מורשה,הרצלייה,גלגלי הפלדה 5,09-9554340,46722,54699335,3,מכונאות רכב בנזין | מכונאות רכב דיזל | תיקון אחזקת רכב חשמלי/היברידי,פרוספר גבאי
10852,תעבורה אחזקות בע מ,מוסך מורשה,רמלה,א.ת. תד 320,08-9270444,72102,512562422,4,תיקון והחלפת צמיגים | אישור כשירות לצמ ה ומכונה ניידת | טרקטורים ומכונות ניידות | תיקון מלגזות הרמה,שי ברנס | גרנדר רומן | שפיר בוריס
10853,סירי יאיר מוסך העצמאות,מוסך מורשה,ראש העין,היצירה 15,03-9102581,40800,35899293,5,מכונאות רכב בנזין | מכונאות רכב דיזל | תיקון אחזקת רכב חשמלי/היברידי | תיקון והחלפת צמיגים | שירות תיקון למזגן אויר לרכב,סירי יאיר
10856,אל חטיב גואד צמיגי ג'ו חולון,מוסך מורשה,חולון,המלאכה 31,03-5583115,58852,302102546,1,תיקון והחלפת צמיגים,אל חטיב ג'ואד
10859,קשר רנט א-קאר בע מ )הרץ(,מוסך מורשה,נתניה,ת.ד. 8697  ייד חרוצים 17,09-8859490,42505,520039876,7,מכונאות רכב בנזין | מכונאות רכב דיזל | תיקון אחזקת רכב חשמלי/היברידי | חשמלאות רכב | תיקון מרכבי רכב | צבעות רכב | שירות תיקון למזגן אויר לרכב,בית שובה חיים | מינס אביחי | קאסם ואליד | גמיל פואד
10862,עיסא כארם צמיגי פורת,מוסך מורשה,כפר קאסם,ת.ד. 450,050-5577088,,59902015,1,תיקון והחלפת צמיגים,עיסא כארם
10863,א.כ. טופ קאר בע מ,מוסך מורשה,נתניה,הכדר 47,09-8610581,42377,512237769,3,מכונאות רכב בנזין | מכונאות רכב דיזל | תיקון אחזקת רכב חשמלי/היברידי,כהן אילן
10864,קומפיוטר מכוני בדיקה בע מ,מוסך מורשה,נתניה,הכדר 42,050-3079551,42377,516631561,3,בדיקות-רכב )קניה ומכירה) | תיקון וכוון מתלים ברכב | בדיקת רכב לאחר תאונה,חורש חגי | חגי חורש
10868,מוסך עוז אור יהודה - בע מ,מוסך רישוי לציוד חקלאי,אור יהודה,ת ד 2034 כפר ענה,050-5444151,60270,515207645,7,מכונאות רכב בנזין | מכונאות רכב דיזל | תיקון אחזקת רכב חשמלי/היברידי | מוסך רישוי לציוד חקלאי | אישור כשירות לצמ ה ומכונה ניידת | טרקטורים ומכונות ניידות | תיקון מלגזות הרמה,דעבול עוז | עוז דעבול
10870,מרכז שרות מרתון רעננה בע ם,מוסך מורשה,רעננה,התעשיה 6 ת.ד 2140,09-7404408,43655,512233255,7,מכונאות רכב בנזין | מכונאות רכב דיזל | תיקון אחזקת רכב חשמלי/היברידי | חשמלאות רכב | תיקון מרכבי רכב | צבעות רכב | שירות תיקון למזגן אויר לרכב,נאמן רונן | חג' יחיא יונס | מנסור עיסאם
10872,אופיר קאר בע מ,מוסך מורשה,ראשון לציון,משה בקר 32,03-9503452,75359,513317826,4,מכונאות רכב בנזין | מכונאות רכב דיזל | תיקון אחזקת רכב חשמלי/היברידי | שירות תיקון למזגן אויר לרכב,רויף יעקב | קדמי רן
10873,עזומי יום טוב מוסך ארגמן,מוסך מורשה,ראשון לציון,שמוטקין 23 א.ת. ישן,053-5542424,75363,28459931,3,תיקון אחזקת רכב חשמלי/היברידי | תיקון מרכבי רכב | צבעות רכב,עזאמי יום טוב | עזומי יום טוב
10874,שש - צ2011 בע מ,מוסך מורשה,נתניה,אורט 23,09-8844944,,514594449,2,תיקון מרכבי רכב | צבעות רכב,מסיכה שמעון
10876,צמח מוטי פרונט מוטי,מוסך מורשה,נתניה,"הכדר 25, ת.ד. 13130",09-8611875,42377,58882549,3,מכונאות רכב בנזין | מכונאות רכב דיזל | תיקון וכוון מתלים ברכב,צמח מרדכי | צמח מוטי
10877,סיג תעשיות בע מ,מוסך מורשה,קדימה-צורן,ת.ד. 1770 המעלית 1,09-8911990,60920,510907058,6,מכונאות רכב בנזין | מכונאות רכב דיזל | מכונאות דיזל משאיות ואוטובוסים | אישור כשירות לצמ ה ומכונה ניידת | טרקטורים ומכונות ניידות | תיקון מלגזות הרמה,חיים שמעון
10878,חשמל גל בהנהלת שתיוי ויקטור,מוסך מורשה,הוד השרון,היובלים 26 א.ת. נוה נאמן,053-4726030,45247,24060105,4,מכונאות רכב בנזין | מכונאות רכב דיזל | חשמלאות רכב | שירות תיקון למזגן אויר לרכב,שתיוי אליהו | שתיוי ויקטור
10879,מוסך נפתלי - אילן את מוטי נפתלי,מוסך מורשה,אור יהודה,היוזמים 11,03-6341336,60373,24288904,2,מכונאות רכב בנזין | מכונאות רכב דיזל,אילן נפתלי
10882,סמלת מוטורס בע מ,מוסך מורשה,פתח תקווה,ת.ד 10002  גיסין 98,052-5360006,49222,510033822,5,מכונאות רכב בנזין | מכונאות רכב דיזל | תיקון אחזקת רכב חשמלי/היברידי | חשמלאות רכב | שירות תיקון למזגן אויר לרכב,מוטיל אהרון מר
10885,עזאם עומר מוסך השרון,מוסך מורשה,טייבה,ת.ד. 1985,052-2346740,,55218549,4,מכונאות רכב בנזין | מכונאות רכב דיזל | תיקון וכוון מתלים ברכב | בדיקת רכב לאחר תאונה,עאזם חוסאם
10886,אברהם סחייק מוסך התלתן,מוסך מורשה,פתח תקווה,"היצירה 17, קרית אריה",03-9246701,49512,28779205,3,מכונאות רכב בנזין | מכונאות רכב דיזל | שירות תיקון למזגן אויר לרכב,אברהם סחייק | סחייק אברהם
10887,אלי בן שושן מוסך אור אלי,מוסך מורשה,רחובות,משה יתום 13,050-5402380,,68705839,2,מכונאות רכב בנזין | מכונאות רכב דיזל,בן שושן אלי
10888,4/4 לוגיסטיקה בע מ,מוסך מורשה,פתח תקווה,סימטת התבור 6א,03-9309563,,512652611,3,מכונאות רכב בנזין | מכונאות רכב דיזל | שירות תיקון למזגן אויר לרכב,שולמן משה. | שולמן משה
10889,איימן סרסור מוסך מכאווי ובניו,מוסך מורשה,כפר קאסם,ת.ד. 775 ליד אמגד,03-9074181,49940,27537307,2,מכונאות רכב בנזין | מכונאות רכב דיזל,איימן סרסור
10890,שרון בן אדיבה מוסך מרכז הרכב,מוסך מורשה,רחובות,הגלגל 21,08-9471405,,27762053,2,מכונאות רכב בנזין | מכונאות רכב דיזל,שרון בן אדיבה
10898,גינדין אנה מוסך זהב 2015 בע מ,מוסך מורשה,נתניה,ת.ד. 13408 אורט 12,054-4790404,42379,515199669,2,תיקון מרכבי רכב | צבעות רכב,אידלמן יבגני
10902,ד.ש. שווק חשמל (1995) בע מ,מוסך מורשה,פתח תקווה,"השפלה 4, ק. אריה",03-9230773,49132,512086752,4,מכונאות רכב בנזין | מכונאות רכב דיזל | חשמלאות רכב | שירות תיקון למזגן אויר לרכב,בר יוסף | הילל אורי
10907,וובקאר שירותי רכב בע מ,מוסך מורשה,פתח תקווה,בזל 13,054-4758888,49510,515533628,4,מכונאות רכב בנזין | מכונאות רכב דיזל | תיקון מרכבי רכב | צבעות רכב,כהן אברהם | שיח' מוחמד מוחמ
10908,אורי את אורית מוסך אורי אופנועים,מוסך מורשה,תל אביב -יפו,ראשית חכמה 16,03-6825555,,29498953,1,מכונאות אופנועים וקטנועים,ציוני אורי
10909,אוטו פיקס אליה - משה מועדים,מוסך מורשה,תל אביב -יפו,שפע טל 11,050-8789367,67013,201049301,2,תיקון מרכבי רכב | צבעות רכב,מור מנשה | אלקבץ ציון
10910,זכרי את פלוטקון מוסך נחלת יצחק,מוסך מורשה,תל אביב -יפו,חיי אדם 10,03-6091265,67449,52893559,2,חשמלאות רכב | שירות תיקון למזגן אויר לרכב,זכרי אבי
10911,יורם חיון מוסך או גי,מוסך מורשה,נתניה,ת.ד. 13092 פנקס 18,052-8720731,42377,56052681,2,אוטוטק רכב קל | תיקון אחזקת רכב חשמלי/היברידי,חיון רתם אמיל | חיון רותם
10912,ברנסי עבד אלרחמן מוסך רנו,מוסך מורשה,טייבה,"טייבה המשולש, רח' ראשי",050-8460051,,26239020,2,מכונאות רכב בנזין | מכונאות רכב דיזל,ברנסי עבדאלרחמן
10913,נאסר ואסים צמיגי רביע,מוסך מורשה,טירה,ת.ד. 4575 כביש ראשי,04-7936564,44915,33529413,1,תיקון והחלפת צמיגים,נאסר ואסים
10914,אלמוג ש.ח. בע מ,מוסך מורשה,נתניה,"שכטרמן 13, ת.ד. 13821",09-8617666,42379,513628107,3,תיקון מרכבי רכב | צבעות רכב | שירות תיקון למזגן אויר לרכב,קואסמה חאדר | ארז שלמה
10918,מוסך רמי בן דוד בע מ,מוסך מורשה,ראשון לציון,משה בקר 32,054-6223156,75359,516433885,2,מכונאות רכב בנזין | מכונאות רכב דיזל,מזרחי אפרים
10921,עוז אל.יר. בע מ,מוסך מורשה,תל אביב -יפו,דרך בן צבי 100,03-5189142,68104,513321851,2,תיקון מרכבי רכב | צבעות רכב,מועלם יחזקאל | מרציאנו דוד
10922,יאסר אבו נאר מוסך י.א,מוסך מורשה,תל אביב -יפו,שרירא גאון 6,03-5186178,68184,27682913,2,תיקון מרכבי רכב | צבעות רכב,אבו נאר יאסר | אבו נאר מוחמד
10928,תבור שרותי רכב ולוגיסטיקה בע מ,מוסך רישוי לשרות עצמי,רמת השרון.,ת.ד. 3033,03-5401128,47100,513320234,5,מכונאות רכב בנזין | מכונאות רכב דיזל | מכונאות דיזל משאיות ואוטובוסים | בדיקות עשן ברכב דיזל | מוסך רישוי לשרות עצמי,רפאלי שי | שינדלר בנימין י
10929,קומסקו בע מ,מוסך רישוי לרכב חדש,צור יגאל,צור 1,09-7499320,44862,510407869,4,אישור כשירות לצמ ה ומכונה ניידת | רישום ראשוני לרכב חדש | טרקטורים ומכונות ניידות | תיקון מלגזות הרמה,כהן רמי
10930,צמיגי מזור )אבן יהודה( בע מ,מוסך מורשה,אבן יהודה,"העצמאות 1 ת,ד 901",09-8997295,40500,512025370,1,תיקון והחלפת צמיגים,מזור יעקב
10931,פריג' עזמי מוסך עזמי מנצור,מוסך מורשה,כפר קאסם,ת.ד. 2863,050-7202322,49940,27546282,1,תיקון מרכבי רכב,גאבר אכרם
10933,שטרסר כפיר מוסך  טרנס מור,מוסך מורשה,נס ציונה,האיזמל 6 א.ת ב' נס ציונה,08-9380234,,59668012,2,מכונאות רכב בנזין | מכונאות רכב דיזל,שטרסר כפיר
10938,ש.ר אורי מוטורס (2019) בע מ,מוסך מורשה,ראשון לציון,"פלוטיצקי 3, ת.ד. 15642",03-9646939,75361,516092335,5,מכונאות רכב בנזין | מכונאות רכב דיזל | תיקון אחזקת רכב חשמלי/היברידי | חשמלאות רכב | שירות תיקון למזגן אויר לרכב,שי שחר | שחר שי חיים
10942,מוסך אור מור בע מ,מוסך מורשה,רחובות,משה יתום 35,08-9361111,,513404533,4,אוטוטק רכב קל | תיקון אחזקת רכב חשמלי/היברידי | תיקון מרכבי רכב | צבעות רכב,לוזון אור | טויטו יוסף | טואיטו יוסף
10943,לוי שמעון - אופנועי שימי,מוסך מורשה,נתניה,הכדר 10,053-7442033,42377,33611468,3,תיקון אחזקת רכב חשמלי/היברידי | מכונאות אופנועים וקטנועים | תיקון טרקטורונים,לוי שמעון
10949,כהן משה חשמל משה כהן,מוסך מורשה,אבן יהודה,העצמאות 1,09-8999124,40500,54033147,3,תיקון אחזקת רכב חשמלי/היברידי | חשמלאות רכב | שירות תיקון למזגן אויר לרכב,כהן משה
10950,נפתלי מחפוד מוסך נפתלי אופנועים,מוסך מורשה,פתח תקווה,"בן ציון גליס 17, א.ת. סגולה",03-9042527,,55892749,1,מכונאות אופנועים וקטנועים,מחפוד נפתלי
10954,גבסו בני מוסך ש.ח.ר.,מוסך מורשה,פתח תקווה,דוד מרכוס 3,03-9317161,,51881548,1,תיקון מרכבי רכב,גבסו אביעד
10956,מוסך הסמל בע מ,מוסך מורשה,ראשון לציון,האצל 29,03-5514567,,514697572,3,מכונאות רכב בנזין | מכונאות רכב דיזל | שירות תיקון למזגן אויר לרכב,גראיסי רוז'ה
10957,מוסך איכות א.מ בע מ,מוסך מורשה,חולון,"הצורף 9,",052-5439292,58856,516900735,2,מכונאות רכב בנזין | מכונאות רכב דיזל,כשר ניסן
10958,א.י. אדר הרכב בע מ,מוסך מורשה,ראשון לציון,אליהו איתן 14,03-9415343,75703,513478917,3,מכונאות רכב בנזין | מכונאות רכב דיזל | תיקון אחזקת רכב חשמלי/היברידי,יעקב אבי
10959,אברהם את ראובן מוסך הבית,מוסך מורשה,פתח תקווה,גיסין 70,03-9235670,49222,71468136,2,מכונאות רכב בנזין | מכונאות רכב דיזל,ועקנין אברהם
10960,שקרדי לירן צמיגי לירן,מוסך מורשה,פתח תקווה,בן ציון גליס 51,03-9049798,,29421203,1,תיקון והחלפת צמיגים,שקרדי לירן
10961,ליאור קריטי צמיגי קריטי,מוסך מורשה,רחובות,גלגל 23,08-9318855,76380,33207135,1,תיקון והחלפת צמיגים,קריטי ליאור
10963,קזנטיני שלום ועמוס צמיגי קזנטיני,מוסך מורשה,תל אביב -יפו,הברזל 13,03-6476078,69710,51311736,1,תיקון והחלפת צמיגים,קזנטיני אבנר
10966,שרון את רוני בע מ מוסך נרקיס,מוסך מורשה,רעננה,החרושת 15,050-5446667,,514905256,3,מכונאות רכב בנזין | מכונאות רכב דיזל | תיקון והחלפת צמיגים,רונן כחלון | כחלון רונן
10969,רונטרק שרותי רכב מלגזות בע מ,מוסך מורשה,פתח תקווה,"ירקונים 37, ת.ד. 9121",03-9301373,49271,513900043,3,אישור כשירות לצמ ה ומכונה ניידת | טרקטורים ומכונות ניידות | תיקון מלגזות הרמה,צברי רונן
10971,מוסך וצמיגים אריה גרדוס,מוסך מורשה,רעננה,"עמל 24, ת.ד. 2564",09-7467111,47445,56451263,3,מכונאות רכב בנזין | מכונאות רכב דיזל | תיקון והחלפת צמיגים,פרץ רפאל | גרדוס אריה
10974,נאטור עדנאן מכונאות,מוסך מורשה,קלנסווה,ת.ד. 2438,050-5443709,42837,538028801,2,מכונאות רכב בנזין | מכונאות רכב דיזל,נאטור עדנאן
10976,יוניברסל מוטורס ישראל בע מ,מוסך מורשה,פתח תקווה,שמשון 12,052-7908857,,511809071,5,אוטוטק רכב קל | תיקון אחזקת רכב חשמלי/היברידי | תיקון מרכבי רכב | צבעות רכב | בדיקות-רכב )קניה ומכירה),זערור דוד | זערור דוד טל | גאבר מוחמד | עיוואן אברהם
10981,שואהנה נסים - מוסך נסים,מוסך מורשה,כפר קאסם,ליד ת.דלק סונול א.ת,052-3569496,,27559855,2,מכונאות רכב בנזין | מכונאות רכב דיזל,שוואנה רנסים | שואהנה נסים
10983,מוסך דורות בע מ,מוסך מורשה,בני ברק,החשמונאים 7,03-5793871,51262,513804765,3,תיקון אחזקת רכב חשמלי/היברידי | תיקון מרכבי רכב | צבעות רכב,פרנטה אברהם | שמש יוסף | שהין חוסין
10984,צ.י מוטומן (2020) בע מ,מוסך מורשה,תל אביב -יפו,יגאל אלון 134,03-6090946,67443,516152410,1,מכונאות אופנועים וקטנועים,דסקל יובל
10985,איילנד סנטר בע מ,מוסך מורשה,תל אביב -יפו,שדרות ההשכלה 7,03-5613757,67890,513438952,3,מכונאות רכב בנזין | מכונאות רכב דיזל | תיקון מרכבי רכב,איילנד דוד | פדילי חסן
10986,מוסך משי בהנהלת חיים סימן טוב,מוסך מורשה,נס ציונה,"האיזמל 8,",053-7772595,74047,58428285,2,מכונאות רכב בנזין | מכונאות רכב דיזל,פריד יחיאל
10987,מוסך גאבר מוטורס-חטיב פאלח,מוסך מורשה,קלנסווה,ת.ד 363,052-5033282,40640,66097809,2,מכונאות רכב בנזין | מכונאות רכב דיזל,עדוי גדעון
10989,לוגסי מוטורס בע מ,מוסך מורשה,חולון,הסדנא 14,054-2162184,58815,517128906,2,מכונאות רכב בנזין | מכונאות רכב דיזל,בני יצחק
10990,מרכז שירות הצמד א.ס. בע מ,מוסך מורשה,יהוד-מונוסון,אלטלף 19,03-6321525,56000,516479573,4,אוטוטק רכב קל | תיקון אחזקת רכב חשמלי/היברידי | תיקון מרכבי רכב | צבעות רכב,אורן שורץ | שוורץ אורן | סמרה דוד
10991,עיסאוי מרואן מוסך עיסאוי,מוסך מורשה,כפר קאסם,כביש ראשי כפר קאסם,050-5656667,,36853976,2,מכונאות רכב בנזין | מכונאות רכב דיזל,עיסוי מוחמד
10993,אלפסי שלום מוסך א. שלום,מוסך מורשה,נתניה,התרופה 3 ת.ד. 8030,09-8359842,42504,51426476,3,מכונאות רכב בנזין | מכונאות רכב דיזל | חשמלאות רכב,אלפסי שלום
10994,איציק סעשי מוסך שילת,מוסך מורשה,קריית עקרון,בילו 2000 א.ת.,08-9411415,,36904142,2,מכונאות רכב בנזין | מכונאות רכב דיזל,סעשי שמעון
10996,מוסך יוסי צמח בע מ,מוסך מורשה,בני ברק,ברוך הירש 26,050-8585956,51202,515270163,3,תיקון אחזקת רכב חשמלי/היברידי | תיקון מרכבי רכב | צבעות רכב,צמח יוסף
11001,חכים ואויה מוסך אלאמיר,מוסך מורשה,קלנסווה,ת.ד. 1203,052-2804120,,58978909,2,מכונאות רכב בנזין | מכונאות רכב דיזל,גזאויה ג'מאל
11009,מוסך יוסף גואטה ובניו בע מ,מוסך מורשה,פתח תקווה,עמל 14,03-9241001,49513,513173468,4,מכונאות רכב בנזין | מכונאות רכב דיזל | חשמלאות רכב | שירות תיקון למזגן אויר לרכב,גואטה דוד | ניימן דב
11010,מוסך שמעון ארביב,מוסך מורשה,אור יהודה,היוזמים 3,053-2740572,60373,57651333,1,תיקון מרכבי רכב,ארבביב שמעון
11011,מכון פרונטים עמורי אלשייך בע מ,מוסך מורשה,אור יהודה,היוזמים 11,050-9221041,60373,516496056,2,תיקון והחלפת צמיגים | תיקון וכוון מתלים ברכב,אל עיסאוי עבדל | שיך יחיא סמי
11012,נצח תור בע מ )ידידים לנצח(,מוסך מורשה,כפר קאסם,א.ת,03-9073830,48810,511584534,2,תיקון מרכבי רכב | צבעות רכב,סרסור ויאם | סרסור ואם
11013,גאבר עבד אלסטאר אחים עמרור פחחות,מוסך מורשה,טייבה,"ת.ד. 379, א.ת.",050-7941146,,57615775,2,תיקון אחזקת רכב חשמלי/היברידי | תיקון מרכבי רכב,גאבר עבדאל סתאר | גאבר עבד אלסטאר
11015,חטיב קאדי פחחות קאדי,מוסך מורשה,קלנסווה,ת.ד. 2176,052-4555344,42837,58962481,1,תיקון מרכבי רכב,חטיב קאדי
11016,תמיר את אביב אופנועי חולון,מוסך מורשה,חולון,הבנאי 8,03-5596558,58850,33592981,1,מכונאות אופנועים וקטנועים,כהן אביב
11018,מוסכי.י.ארז בע מ,מוסך מורשה,נתניה,"התרופה 5, א.ת.",052-4568338,42504,513988972,3,מכונאות רכב בנזין | מכונאות רכב דיזל | שירות תיקון למזגן אויר לרכב,שבו אורי
11019,צמיגי ויתקין אסולין יעקב,מוסך מורשה,כפר ויתקין,דרך האי 1,052-8393332,40200,28551729,1,תיקון והחלפת צמיגים,אסולין יעקב
11020,מרכז שרות לי בע מ,מוסך מורשה,כפר סבא,הסדנא 4 ב',09-7687457,44641,514127869,5,אוטוטק רכב קל | מכונאות רכב גפ מ | תיקון אחזקת רכב חשמלי/היברידי | תיקון מרכבי רכב | צבעות רכב,אמבר ליאור | אמבר לירון
11025,המוסך של מור ועוז,מוסך מורשה,תל אביב -יפו,נחל איילון 37,054-8848812,67216,201311420,1,מכונאות אופנועים וקטנועים,טננבאום אלון
11028,ריאן מחמוד מוסך האחים אדהם,מוסך מורשה,כפר ברא,כפר ברא,053-7750884,45863,39720255,2,אוטוטק רכב קל | תיקון אחזקת רכב חשמלי/היברידי,ריאן מחמוד
11029,ריאן יוסף תחנת סיכה וצמיגים,מוסך מורשה,כפר ברא,כפר ברא,057-7750884,,27550110,1,תיקון והחלפת צמיגים,ריאן יוסף
11031,צמיגי י. רומנו בע מ,מוסך מורשה,אבן יהודה,ת.ד. 1039  העצמאות 3,09-8996555,40500,514732775,1,תיקון והחלפת צמיגים,שרעבי יהודה
11032,לוי משה מ.ל. אופנועים,מוסך מורשה,הוד השרון,"הרקון 10, א.ת. נוה נאמן",09-7410797,45241,58269200,1,מכונאות אופנועים וקטנועים,לוי משה
11035,טסט בשרון מכון רשוי כפר סבא בע מ,מכון רישוי,כפר סבא,יוחנן הסנדלר 14,09-7675555,44426,512936899,3,בדיקות עשן ברכב דיזל | בדיקות-רכב )קניה ומכירה) | מכון רישוי-פתוח לשרות הציבור,גריע אפריים | גריע אפרים
11037,מוסך גיא בנאי בע מ,מוסך מורשה,רחובות,"המפוח 2, א.ת.",08-9466457,,513991807,2,מכונאות רכב בנזין | מכונאות רכב דיזל,קצב עופר
11039,ברנס דניאל פאר מיזוג אויר,מוסך מורשה,נתניה,פנקס 5,052-6833749,42377,23586225,1,שירות תיקון למזגן אויר לרכב,דהרי רונן
11041,בלעום מוחמד מוסך צמרת,מוסך מורשה,קלנסווה,כביש ראשי,052-2312141,,59980169,1,תיקון מרכבי רכב,בלעום מוחמד
11042,מוסך גל אומן בהנהלת דוד יחזקאל,מוסך מורשה,רעננה,עמל 18,054-4607094,43401,5758289,1,צבעות רכב,יחזקאל דוד
11045,כפיר בלמים בע מ,מוסך מורשה,תל אביב -יפו,טברסקי 4,03-5622544,67210,512308677,1,שיפוץ מכללי בלמים,כפיר דני
11049,דיוכר (1999) בע מ,מוסך מורשה,,א.ת ליד משתלת עינאב,03-9374111,,512743139,2,תיקון אחזקת רכב חשמלי/היברידי | שירות תיקון למזגן אויר לרכב,יצחק רגב | רגב יצחק
11050,טל גולדשטיין - מוסך ספין,מוסך מורשה,תל אביב -יפו,שד' הר ציון 108,03-6821941,66534,25558131,1,מכונאות אופנועים וקטנועים,גולדשטיין טל
11051,צמיגי חנניה בע מ,מוסך מורשה,תל אביב -יפו,וסרמן 2,052-5869724,68113,513561464,1,אוטוטק תיקון והחלפת צמיגים,חנאניא אלנבי
11055,חולון מוטורס מוסך מרכזי לרכב יפנ,מוסך מורשה,חולון,הפלד 10,03-5596880,58811,515929123,7,מכונאות רכב בנזין | מכונאות רכב דיזל | תיקון אחזקת רכב חשמלי/היברידי | חשמלאות רכב | תיקון מרכבי רכב | צבעות רכב | שירות תיקון למזגן אויר לרכב,בר יעקב | קובני ליאון | סריקוב מיכאל
11056,רפי ורפאל מוסכים בע מ,מוסך מורשה,רחובות,משה יתום 7,08-9362994,,511623860,5,מכונאות רכב בנזין | מכונאות רכב דיזל | תיקון אחזקת רכב חשמלי/היברידי | מכונאות אופנועים וקטנועים | שירות תיקון למזגן אויר לרכב,גולדנשטיין שמעו | בלחסן דני
11060,מרקוס יעקב קארטיק ישראל,מוסך מורשה,רחובות,הגלגל 17,08-9465056,76380,40124638,1,בדיקות-רכב )קניה ומכירה),מרכוס משה
11062,מזור דרור מוסך דוד,מוסך מורשה,בת ים,הבונים 9,03-5515485,,22456628,2,תיקון מרכבי רכב | צבעות רכב,נרקווליוב שמחה | אויס רחמים
11067,קאיס גאבר מוסך קאיס,מוסך מורשה,טייבה,ת.ד. 1712,053-7530202,40400,27587328,2,מכונאות רכב בנזין | מכונאות רכב דיזל,גאבר קאיס
11068,דחף - חשמל ומיזוג אויר לרכב בע מ,מוסך מורשה,לוד נמל תעופה,ת.ד. 202 נתב ג )תחנת דלק(,03-9737222,,511622854,5,מכונאות רכב בנזין | מכונאות רכב דיזל | תיקון אחזקת רכב חשמלי/היברידי | חשמלאות רכב | שירות תיקון למזגן אויר לרכב,אלאלוף אהוד | אלאלוף אהוב
11074,וארון אלי - מוסך 24 פלוס,מוסך מורשה,עמק חפר,ת.ד. 173 החריש 20,04-6247717,38800,12306056,2,מכונאות רכב בנזין | מכונאות רכב דיזל,חדיגה אמגד
11076,בצלאל להב אור מוביל,מוסך מורשה,בני ברק,כנרת 6,03-5709669,,418764,1,חשמלאות רכב,להב בצלאל
11077,מוסך א.מ. ואחיו בע מ,מוסך מורשה,אור יהודה,"הסדנא 4, א.ת. צפוני",03-5339377,,513598052,4,מכונאות רכב בנזין | מכונאות רכב דיזל | תיקון מרכבי רכב | צבעות רכב,מועלם אילן | מועלם מוטקה
11078,מוסך צמד זהר בע מ,מוסך מורשה,כפר סבא,יוחנן הסנדלר 18,09-7677543,44426,513849489,2,מכונאות רכב בנזין | מכונאות רכב דיזל,עאזם פראס
11085,לוי אבשלום בע מ,מוסך מורשה,גאולים,מושב גאולים,09-8989251,42820,513341081,1,חשמלאות רכב,לוי אבשלום
11089,דיזל ג.ד.ס שרותי רכב בע מ,מוסך מורשה,נווה נאמן,היובלים 26,09-7412141,45241,513203471,6,מכונאות רכב בנזין | מכונאות רכב דיזל | תיקון אחזקת רכב חשמלי/היברידי | תיקון מרכבי רכב | צבעות רכב | תיקון וכוון מתלים ברכב,צויגבוים בוריס | צוייגבוים בוריס | שינדרמן יעקב | אבו מוך ראסם
11090,צמיגי העיר ראשון בע מ,מוסך מורשה,ראשון לציון,האצ ל 29,050-3344747,75706,514868132,1,תיקון והחלפת צמיגים,עיסאווי עובייד
11091,עאמר איהאב מוסך הכוכב,מוסך מורשה,כפר קאסם,ת.ד. 111,050-5564359,49940,27558394,2,מכונאות רכב בנזין | מכונאות רכב דיזל,עאמר איהאב
11095,מוסך פאר הרצליה 1995 בע מ,מוסך מורשה,הרצלייה,החושלים 1,09-9572799,46724,512163213,5,מכונאות רכב בנזין | מכונאות רכב דיזל | תיקון אחזקת רכב חשמלי/היברידי | תיקון מרכבי רכב | צבעות רכב,לוי רענן | נצח אלי
11096,פרי מוטורס בע מ,מוסך מורשה,פתח תקווה,המפעלים ת ד 3421,03-9233690,49130,512647017,4,אוטוטק רכב קל | מכונאות רכב דיזל | תיקון אחזקת רכב חשמלי/היברידי | תיקון מרכבי רכב,לוי איזן | לוי אייזן | עטיה אלפונסו
11097,צמיגי אבנר אבורוס,מוסך מורשה,פתח תקווה,"עמל 2, ק. אריה",03-9212103,49513,54638226,1,תיקון והחלפת צמיגים,אבורוס אבנר
11100,תמם שלום מוסך שלום,מוסך מורשה,הוד השרון,הפטיש 5,09-7484492,,54033105,2,מכונאות רכב בנזין | מכונאות רכב דיזל,תמם שלום
11101,הילוך שישי יפו בע מ,מוסך מורשה,תל אביב -יפו,מיטב 7,03-6820066,67898,510571078,3,מכונאות רכב בנזין | מכונאות רכב דיזל | תיקון אחזקת רכב חשמלי/היברידי,עוזר בר
11103,שלום מועלם מוסך שולי,מוסך מורשה,כפר סבא,החרושת 2,09-7662731,44641,24857377,2,מכונאות רכב בנזין | מכונאות רכב דיזל,מועלם שולי
11104,חכמון אהרון בע מ,מוסך מורשה,נתניה,דרך הרכבת 16,09-8610778,42601,511887085,6,מכונאות רכב בנזין | מכונאות רכב דיזל | מכונאות דיזל משאיות ואוטובוסים | אישור כשירות לצמ ה ומכונה ניידת | טרקטורים ומכונות ניידות | תיקון מלגזות הרמה,חכמון יצחק
11105,מיכאל שרותים מתקדמים לרכב בע מ,מוסך מורשה,ראשון לציון,"פרימן 16,",053-3866829,75358,514492412,4,מכונאות רכב בנזין | מכונאות רכב דיזל | תיקון רדיאטורים )מצננים) | תיקון צנורות פליטה ודודי עמם,סבט קליפה מי | סבט מיכאל
11106,אבו לבן באדר משאבות דיזל המרכז,מוסך מורשה,רמלה,קלאוזנר 15,050-5601053,72432,59893461,1,תיקון משאבות ומתזים לדיזל,אבו לבן באדר
11109,אורן זריני צמיגי עידן,מוסך מורשה,ראשון לציון,פרימן 3,03-9509350,75358,32339939,1,תיקון והחלפת צמיגים,זריני אורן
11110,אבו פריחה חמזה - צמיגי רמלוד,מוסך מורשה,רמלה,משה אדרת 5 תחנת דלק אחיסמך,052-8833305,,215458753,1,תיקון והחלפת צמיגים,אשר גיל דוד
11114,רכב הנגב רחובות 2001 בע מ,מוסך מורשה,קריית עקרון,ת.ד. 65,08-9416223,,513087106,7,מכונאות רכב בנזין | מכונאות רכב דיזל | תיקון אחזקת רכב חשמלי/היברידי | חשמלאות רכב | תיקון מרכבי רכב | צבעות רכב | שירות תיקון למזגן אויר לרכב,אמסיס מוניר | מוניר אמסיס | ברוך אורן
11116,מוסך יוסי כהן פחחות וצבע בע מ,מוסך מורשה,תל אביב -יפו,ישראל בק 12,03-5615831,,513255885,2,תיקון מרכבי רכב | צבעות רכב,כהן יוסף | כהן אייל
11118,חסקיה אשרף מוסך אשרף,מוסך מורשה,טירה,ת.ד. 4105,050-6311737,44915,27525914,2,מכונאות רכב בנזין | מכונאות רכב דיזל,חסקיה אשרף
11119,אחד על אחד יעוץ לדו גלגלי בע מ,מוסך מורשה,תל אביב -יפו,שוקן 11,050-9489368,63806,513432666,2,מכונאות אופנועים וקטנועים | תיקון טרקטורונים,צפריר אוהד
11120,מוסך ג.ע.ש הרכב 2018 בע מ,מוסך מורשה,נתניה,.ת.ד 8349 המלאכה 3,050-5216073,,515832673,2,מכונאות רכב בנזין | מכונאות רכב דיזל,אוסי ששון
11121,סלאח וחיים ס.ח. מוטורס,מוסך מורשה,תל אביב -יפו,חבר לאומים 16,050-4802001,68185,25874264,2,מכונאות רכב בנזין | מכונאות רכב דיזל,מוסא סאלח
11123,זמורות הגפן בע מ,מוסך מורשה,יבנה,האורגים 21,08-9330296,,514538438,6,אוטוטק רכב קל | תיקון אחזקת רכב חשמלי/היברידי | תיקון מרכבי רכב | צבעות רכב | תיקון והחלפת צמיגים | בדיקת רכב לאחר תאונה,הלל גיל | חן דניאל | גיל הלל
11124,רמי אבייט מרכז הגירים,מוסך מורשה,חולון,החופר 14,03-5580661,58853,51660793,1,תיקון תיבות הילוכים אוטומטיות,ברנס אליעזר
11125,יעקב את ששי - מוסך יש,מוסך מורשה,אור יהודה,העבודה 18,050-2228164,,57102493,2,מכונאות רכב בנזין | מכונאות רכב דיזל,זאדה סולטן דנאל
11128,מוסכי רכב נתניה א.מ. בע מ,מוסך מורשה,נתניה,השיש 3,050-5419414,42377,511123010,2,תיקון מרכבי רכב | צבעות רכב,מסראוה בהג'את | אלמלח דוד
11129,טהא עלי פחחות טהא,מוסך מורשה,קלנסווה,"ת.ד. 1491, כביש ראשי",052-2784625,,27530047,1,תיקון מרכבי רכב,טהא עלי
11134,מוסך יוסף חדד בע מ,מוסך מורשה,עזריה,"משק 21, מושב עזריה",08-9219742,,514780386,2,מכונאות רכב בנזין | מכונאות רכב דיזל,חדד יוסף
11136,לוי שמואל אופנועי השרון 1988,מוסך מורשה,הוד השרון,"הרקון 26, א.ת. נוה נאמן",09-7402420,45241,56698269,1,מכונאות אופנועים וקטנועים,לוי שמואל
11138,מוסך דניאל בראל בע מ,מוסך מורשה,פתח תקווה,"זבוטינסקי 98, ת.ד. 7015",03-9222405,,512238964,4,מכונאות רכב בנזין | מכונאות רכב דיזל | תיקון אחזקת רכב חשמלי/היברידי | תיקון מרכבי רכב,דני  בראל | דני בראל | גאבר בהא אלדין
11139,עשור יעקב - מוסך צמרת חי,מוסך מורשה,רחובות,משה יתום 10,08-9464319,76341,55954689,2,מכונאות רכב בנזין | מכונאות רכב דיזל,עשור יעקב
11142,זכריה רחבי מוסך היצירה,מוסך מורשה,קדימה-צורן,המתכת ת.ד. 5036,052-2453680,,23921547,2,מכונאות רכב בנזין | מכונאות רכב דיזל,זכריה רחבי
11143,פדילה פכרי  - מוסך פכרי,מוסך מורשה,טירה,ת.ד. 4244,053-8886164,44915,58182593,2,מכונאות רכב בנזין | מכונאות רכב דיזל,פדילה פכרי
11144,אבו שחדה חוסם - מוסך פרפקט,מוסך מורשה,תל אביב -יפו,שרירא גאון 8,050-5346782,68164,27683416,2,מכונאות רכב בנזין | מכונאות רכב דיזל,אבו שחאדה חוסם
11145,מוסך אלכס לינסקו בע מ,מוסך מורשה,ראשון לציון,שמוטקין 35,03-9505702,75363,514571124,2,מכונאות רכב בנזין | מכונאות רכב דיזל,אלכס ליסנקו
11148,עזרי שמי - מוסך רם,מוסך מורשה,תל אביב -יפו,בית אלפא 16,03-5617744,67219,66480930,2,מכונאות רכב בנזין | מכונאות רכב דיזל,מש אהרן
11149,מוסך סגנון לוד בע מ,מוסך מורשה,לוד,אליעזר בן הורקנוס 12 א.ת צפוני,08-9207722,,514116268,3,תיקון אחזקת רכב חשמלי/היברידי | תיקון מרכבי רכב | צבעות רכב,אבן ברי רייד | אבו ברי ריאד
11150,אזברגה אסרה-מ.ע מרכז הרכב,מוסך מורשה,ראשון לציון,שמוטקין 22,054-4609558,,21609078,3,מכונאות רכב בנזין | מכונאות רכב דיזל | חשמלאות רכב,לוי זקי יצחק | עיזת עבד אלכדר
11160,עד לוי בע מ,מוסך מורשה,כפר סבא,המסגר 4 ת.ד 2237,09-7672882,,513640011,7,מכונאות רכב בנזין | מכונאות רכב דיזל | תיקון אחזקת רכב חשמלי/היברידי | חשמלאות רכב | תיקון מרכבי רכב | צבעות רכב | שירות תיקון למזגן אויר לרכב,לוי בנספט אדם | לוי אדם | לאופר ארנסט | אוהב ציון אפרים
11161,דומיקאר בע מ,מוסך מורשה,לוד,שרון קרית- שדה תעופה ת.ד 211,03-9350000,,520038985,2,מכונאות רכב בנזין | מכונאות רכב דיזל,פינגר ראובן
11163,אלירן ש. בע מ,מוסך מורשה,ראשון לציון,התעשיין 9,052-2538942,,513794958,2,תיקון מרכבי רכב | צבעות רכב,וולפסון מרדכי
11164,י.מ תיקונים בהנהלת יעקב מזרחי,מוסך מורשה,רעננה,היצירה 17,052-2446689,43663,55727481,2,מכונאות רכב בנזין | מכונאות רכב דיזל,מזרחי יעקב
11166,מ.סירפי נכסים ואחזקות בע מ,מוסך מורשה,חגור,חגור לצד הכביש,055-9945462,45850,514725357,2,מכונאות רכב בנזין | מכונאות רכב דיזל,סירפ' מוסטפא | סירפי מוסטפא
11167,אלי יניב - יניב גירים,מוסך מורשה,פתח תקווה,האלוף מרכוס 27,053-4561723,,31820517,1,תיקון תיבות הילוכים אוטומטיות,אוחיון יעקב
11175,חדד יעקב מוסך לחשמלאות רכב,מוסך מורשה,עזריה,מושב עזריה משק 21,052-2433326,,54696729,1,חשמלאות רכב,חדד ירון פרג'י
11176,צמיגי י. רומנו בע מ,מוסך מורשה,נתניה,"המלאכה 3, ת.ד. 8209",09-8851616,42505,514732775,1,תיקון והחלפת צמיגים,כהן שבתאי
11178,אטבה יובל מוסך יובל,מוסך מורשה,תל אביב -יפו,גינוסר 4,052-6210283,67442,24551483,2,מכונאות רכב בנזין | מכונאות רכב דיזל,אטבה יורם
11179,אימפריה אקספרס בע מ,מוסך מורשה,תל אביב -יפו,ריבל 19,054-4339448,67778,515830750,3,מכונאות רכב בנזין | מכונאות רכב דיזל | חשמלאות רכב,דואר אייל
11180,קרני רינה מוסך רמי,מוסך מורשה,הרצלייה,הס 29,052-6468890,46486,310164546,1,תיקון מרכבי רכב,יונה אשר
11181,ש.א. המעבדה לרכב (2005) בע מ,מוסך מורשה,חולון,הסתת 5,052-3808010,58856,513707695,6,מכונאות רכב בנזין | מכונאות רכב דיזל | תיקון אחזקת רכב חשמלי/היברידי | תיקון מרכבי רכב | בדיקות-רכב )קניה ומכירה) | תיקון וכוון מתלים ברכב,אלקבץ אהרן | טיבי מוראד | אלקבץ אהרון
11182,נע נע בע מ,מוסך מורשה,ראשון לציון,ספיר 5,052-5189189,75704,514516541,3,מכונאות רכב בנזין | מכונאות רכב דיזל | מכונאות רכב גפ מ,בלפונטה אורן
11183,בשארה יוסף צמיגי בשארה,מוסך מורשה,טירה,ת.ד 2791,054-5837025,44915,36359677,1,תיקון והחלפת צמיגים,בשארה יוסף
11184,מ.נ. מוסך ניקטון למכונאות רכב,מוסך מורשה,פתח תקווה,עמל 46,03-9233478,49513,310599451,2,מכונאות רכב בנזין | מכונאות רכב דיזל,מומזיקוב אלכס
11185,טפליצקי איגור צמיגי לב העיר,מוסך מורשה,נתניה,הרצל 48,09-8873091,42392,304530918,1,תיקון והחלפת צמיגים,טפליצקי איגור
11188,עקביוב מוטי - מוסך הדקל,מוסך מורשה,יהוד-מונוסון,אלטלף 19 דרך שבזי,050-6869590,56216,27372226,2,מכונאות רכב בנזין | מכונאות רכב דיזל,עקביוב מוטי
11189,דהן נתנאל מקניקס,מוסך מורשה,יהוד-מונוסון,אברהם גירון 5,054-4070007,,34924811,2,מכונאות רכב בנזין | מכונאות רכב דיזל,דהן נתנאל
11196,עמר אלמאמון מוסך מאמון ובניו,מוסך מורשה,כפר קאסם,ת.ד. 3001,050-5566824,,58173865,1,תיקון מרכבי רכב,אלקרוף אליהו
11199,דכה מוסך קלסיק,מוסך מורשה,תל אביב -יפו,שרירא גאון 4,054-7635146,,57574089,2,מכונאות רכב בנזין | מכונאות רכב דיזל,ריחאן סמי
11204,מוסך דב בע מ,מוסך מורשה,פתח תקווה,בן ציון גליס 37,03-9300331,,510925746,5,מכונאות רכב בנזין | מכונאות רכב דיזל | תיקון אחזקת רכב חשמלי/היברידי | חשמלאות רכב | שירות תיקון למזגן אויר לרכב,ארד אריה | רפנברג יואל
11206,סקסיק עומר יפו חשמלאות ומכונאות,מוסך מורשה,תל אביב -יפו,עציון גבר 4,050-9158182,68111,53845343,4,מכונאות רכב בנזין | מכונאות רכב דיזל | חשמלאות רכב | שירות תיקון למזגן אויר לרכב,סכסכ טארק | סקסיק עומר
11207,אביבי עובדיה הסעות וטיולים בע מ,מוסך מורשה,נתניה,פנקס 45,09-8336224,42377,511958480,3,מכונאות רכב בנזין | מכונאות רכב דיזל | מכונאות דיזל משאיות ואוטובוסים,אביבי שאולי
11208,גבצו אבי מוסך איילון,מוסך מורשה,בני ברק,הירקון 26,052-2500838,51204,56409220,2,מכונאות רכב בנזין | מכונאות רכב דיזל,סינטר דוד
11210,החברים שרותי רכב בע מ,מוסך מורשה,כפר קאסם,ת.ד. 4017 ליד שוק הציפורים,053-7465586,48810,514368091,2,תיקון מרכבי רכב | צבעות רכב,אבו גומעה סאמי
11212,טייר קאר בהנהלת אחמד,מוסך מורשה,רעננה,החרושת 4 רעננה,050-6833030,43567,318947306,1,תיקון והחלפת צמיגים,בוארון ברק
11215,יחיעם שרותי שדה בע מ,מוסך מורשה,כפר קאסם,א.ת מול לאוטמן,054-8034031,48056,510948482,3,אישור כשירות לצמ ה ומכונה ניידת | טרקטורים ומכונות ניידות | תיקון מלגזות הרמה,גינת רון | גינת רוני
11216,שרגא מלגזות בע מ,מוסך מורשה,פתח תקווה,ת.ד. 10110 הרכבת 15,03-930044,49001,512370180,3,אישור כשירות לצמ ה ומכונה ניידת | טרקטורים ומכונות ניידות | תיקון מלגזות הרמה,גוילי משה
11217,גאבר גאסן מוסך אבו רמי,מוסך מורשה,טייבה,ת.ד. 1892,09-7991530,40400,53766853,3,מכונאות רכב בנזין | מכונאות רכב דיזל | מכונאות דיזל משאיות ואוטובוסים,גאבר גאסן
11219,מגדלאוי נור מוסך המהיר,מוסך מורשה,קלנסווה,כביש ראשי מימין,050-5375148,30100,27669761,2,מכונאות רכב בנזין | מכונאות רכב דיזל,מגדלאוי נור
11220,פנצ'ריית עמיאל עמק חפר בע מ,מוסך מורשה,עמק חפר,גשר העץ 26,09-8986666,,512119405,1,תיקון והחלפת צמיגים,יקיר אורי
11221,ש.א. אורן שרותי רכב בע מ,מוסך מורשה,ראשון לציון,משה בקר 32,03-9561058,75359,514213453,2,מכונאות רכב בנזין | מכונאות רכב דיזל,שקיבי אורן
11225,גז חיש בע מ,מוסך מורשה,פתח תקווה,מיכאליס 17,050-3598898,,513748046,4,מכונאות רכב בנזין | מכונאות רכב דיזל | מכונאות רכב גפ מ | חשמלאות רכב,בר זכאי פיני | בר זכאי פנחס
11229,שמואל בנישו שמוליק גי.אם,מוסך מורשה,אבן יהודה,ת.ד. 13022 שיזף 7,052-2592614,,54726179,2,מכונאות רכב בנזין | מכונאות רכב דיזל,שמואל בנישו
11230,דניאל פרחן מוסך דניאל,מוסך מורשה,הרצלייה,נתיבות 2 ת.ד. 12512,09-9563276,46733,57689176,2,תיקון מרכבי רכב | צבעות רכב,פרחן דניאל
11233,יוסף דלק סנטר  גיפ בעמ,מוסך מורשה,תל אביב -יפו,"תל גיבורים 15, ת.ד. 27165",03-5036967,61271,513495101,3,מכונאות רכב בנזין | מכונאות רכב דיזל | תיקון מרכבי רכב,דלק דרוויש | דלק דרויש
11236,נאסר נסים - מוסך נאסר נסים,מוסך מורשה,טירה,ת ד 2059  מול ליס 4 יו,052-2784013,44915,57617243,5,מכונאות רכב בנזין | מכונאות רכב דיזל | תיקון אחזקת רכב חשמלי/היברידי | תיקון מרכבי רכב | צבעות רכב,קאסם סלים | נאסר נסים
11243,נחשון בני צמיגי בני - רעננה,מוסך מורשה,רעננה,"המלאכה 18, ביתן 43 ת.ד 2454",09-7446650,,55106595,1,תיקון והחלפת צמיגים,נחשון בנימין
11244,יוסף קורבט מוסך אוטו אלקטריק,מוסך מורשה,ראשון לציון,משה בקר 18,03-9691615,,12402681,4,מכונאות רכב בנזין | מכונאות רכב דיזל | חשמלאות רכב | שירות תיקון למזגן אויר לרכב,קורבט יוסף
11245,מוסך פולג )יקום( בע מ,מוסך מורשה,יקום,מושב יקום,09-7659986,,516027059,6,מכונאות רכב בנזין | מכונאות רכב דיזל | תיקון אחזקת רכב חשמלי/היברידי | תיקון והחלפת צמיגים | תיקון וכוון מתלים ברכב | שירות תיקון למזגן אויר לרכב,מסרי רשיד | רשיד מסרי | נעים דוד
11247,מרכז שירות דיין מרון בע מ,מוסך מורשה,הוד השרון,"המסגר 3, א.ת. נוה נאמן",09-7888444,,515237550,2,תיקון מרכבי רכב | צבעות רכב,כהן אברהם | עבד אלחי עזאם
11248,מוסך שילינג - מאור בוטביקה,מוסך מורשה,נתניה,הנגר 2,09-8877344,42378,201061488,2,תיקון מרכבי רכב | צבעות רכב,אזרד שמעון
11249,מאי מוטו אופנועים בע מ,מוסך מורשה,נתניה,ת ד 80 נורדיה 42954,09-8843228,42379,515534576,2,מכונאות אופנועים וקטנועים | תיקון טרקטורונים,כהן יעקב
11252,גבריאל בוארון מוסך רועי,מוסך מורשה,פתח תקווה,מרכוס 18,03-9044471,,58088881,2,מכונאות רכב בנזין | מכונאות רכב דיזל,חליל אבנר
11253,מוסך דרור מערכות בע מ,מוסך מורשה,רמלה,בן יהודה 2,050-5505328,,513896209,3,אישור כשירות לצמ ה ומכונה ניידת | טרקטורים ומכונות ניידות | תיקון מלגזות הרמה,דרור דודי | צרויה דוד
11258,נאסר סאיד מוסך סאיד,מוסך מורשה,טירה,ת.ד. 1331,050-7707409,44915,23121940,2,מכונאות רכב בנזין | מכונאות רכב דיזל,נאסר סאיד
11269,סאקללה הני מוסך וליד ובניו,מוסך מורשה,לוד,המחקר 34 א.ת. צפוני,08-9220735,,23293970,2,מכונאות רכב בנזין | מכונאות רכב דיזל,חנחן מכאיל
11270,מאסטר שרותי מלגזות בע מ,מוסך מורשה,ראשון לציון,"גלוסקא 3,",052-9912197,75650,513336008,2,אישור כשירות לצמ ה ומכונה ניידת | תיקון מלגזות הרמה,גוטמן ברונו
11271,מרכז שירות עד רעננה  (1997) בע מ,מוסך מורשה,רעננה,"השיזף 5, ת.ד. 2364",09-7752100,,512569591,7,מכונאות רכב בנזין | מכונאות רכב דיזל | תיקון אחזקת רכב חשמלי/היברידי | חשמלאות רכב | תיקון מרכבי רכב | צבעות רכב | שירות תיקון למזגן אויר לרכב,מלכה חיים | צדוק עוז
11273,אלימלך את אלעד מוסך חן,מוסך מורשה,רמלה,האצ ל 21,08-9240788,,31537681,2,מכונאות רכב בנזין | מכונאות רכב דיזל,גנון גבי
11274,חיים את סלאם  טופ מוטורס חולון,מוסך מורשה,חולון,האופן 12,050-6919600,58814,53008025,2,מכונאות רכב בנזין | מכונאות רכב דיזל,סנדורי אהרן
11278,בן חמו יוסי פרפקט אופנועים,מוסך מורשה,ראשון לציון,"שמוטקין 11, א.ת. ישן",03-9589898,,,2,מכונאות אופנועים וקטנועים | תיקון טרקטורונים,בן חמו יוסי
11280,מוסך המאה ואחד,מוסך מורשה,תל אביב -יפו,ת.ד. 7199,08-9772300,,,5,מכונאות רכב בנזין | מכונאות רכב דיזל | מכונאות דיזל משאיות ואוטובוסים | תיקון אחזקת רכב חשמלי/היברידי | חשמלאות רכב,אבדורחמנוב אריא | זילברשטיין אלעד
11284,צמיגי יוסף אור יהודה בע מ,מוסך מורשה,אור יהודה,דרך לוד 5,050-2387445,,516515830,1,תיקון והחלפת צמיגים,ניסן אברהם
11285,י.י. שירותי רכב בע מ,מוסך מורשה,ראש העין.,העבודה 22,054-6518508,51644,516626181,1,תיקון והחלפת צמיגים,וינבך יצחק מרד
11286,נאסר נביל בלמי נביל,מוסך מורשה,טירה,ת.ד. 1289 טירה,054-5857906,,29940087,1,רפידות ותופי בלם,נאסר נביל
11287,גנאל שמואל מוסך גנאל,מוסך מורשה,הרצלייה,ת.ד. 12346  גלגלי הפלדה 19,052-4243488,,72636152,2,מכונאות רכב בנזין | מכונאות רכב דיזל,גנאל שמואל
11289,מוסך איריס פחחות וצבע(1999) בע מ,מוסך מורשה,לוד,"המלאכה 15, א.ת. צפוני",053-3331767,71520,512721192,2,תיקון מרכבי רכב | צבעות רכב,אביב אבי
11295,11ירם יאיר מוסך הרלי בשטח,מוסך מורשה,תל אביב -יפו,היתד 8,03-5180295,,57352692,1,מכונאות אופנועים וקטנועים,אבירם יאיר אלי
11296,חזום תומר שרותי רכב,מוסך מורשה,הרצלייה,ת.ד. 639,050-6701111,,34913715,1,מוסך נייד לחילוץ ולתיקוני חירום,נמש שמחה
11297,מוסך סגול בהנהלת חן בר,מוסך מורשה,פתח תקווה,"רבינצקי 8, א.ת. סגולה",054-8800474,,,2,מכונאות רכב בנזין | מכונאות רכב דיזל,אגוזי חיים
11301,מהצרי משה מוסך גל-עד,מוסך מורשה,ראש העין.,העבודה 17,053-7273897,,22947618,1,אוטוטק רכב קל,אלמוג גד שרעבי
11302,לוי את משרקי מוסך שאפט,מוסך מורשה,תל אביב -יפו,חומה ומגדל 22,052-6348007,,32185951,2,מכונאות רכב בנזין | מכונאות רכב דיזל,משרקי דוד
11304,צמיגי פרו טייר בהנהלת אלנקיב,מוסך מורשה,רחובות,המפוח 24 רחובות,052-8885056,,305101693,1,אוטוטק תיקון והחלפת צמיגים,אלנקיב מוחמד
11305,לב קסנוב את איציק הללה מוסך לב,מוסך מורשה,בת ים,הסוללים 9,03-5520466,,317366862,2,מכונאות רכב בנזין | מכונאות רכב דיזל,ממני אמיר
11306,גאבר מוחמד - מוסך כמאל,מוסך מורשה,טייבה,ת.ד 7556,054-4210898,,302573258,2,מכונאות רכב בנזין | מכונאות רכב דיזל,גאבר מוחמד
11309,מוסך שמאי פחחות וצבע בע מ,מוסך מורשה,ראשון לציון,"משה שרת 8, א.ת. חדש",03-9626459,75704,512418286,2,תיקון מרכבי רכב | צבעות רכב,שמאי ניסים | יקואל בני
11310,הייתם בלעום מוסכי עידן,מוסך מורשה,טייבה,ת.ד. 8130,053-6200013,40400,26305763,2,מכונאות רכב בנזין | מכונאות רכב דיזל,בלעום הייתם
11313,מוסך טובול את גירש בע מ,מוסך מורשה,נתניה,ת.ד. 13167 הרכב 4,09-8823455,42379,512914862,2,מכונאות רכב בנזין | מכונאות רכב דיזל,בן חמו עידן
11316,חבר את לוי מוסך הדקלים,מוסך מורשה,תל אביב -יפו,דרך בן צבי 37,053-7680865,68103,55484315,2,תיקון מרכבי רכב | צבעות רכב,חבר שלמה
11318,לושי חיים צמיגי לושי,מוסך מורשה,בני ברק,הירקון 21,03-6161425,51325,25522947,1,תיקון והחלפת צמיגים,לושי חיים
11320,מוסך חדאד ב.מ.וו בע מ,מוסך מורשה,חולון,הפלד 17,03-5580897,58814,516068376,2,מכונאות רכב בנזין | מכונאות רכב דיזל,חסונה כמאל
11321,טייר קאר - אחמד עיסאוי,מוסך מורשה,הוד השרון,מבוא קדם 3,053-5888804,,208572594,1,תיקון והחלפת צמיגים,עירוני ירון
11323,א.א שרותי רכב - אייל ואנדריי,מוסך מורשה,תל אביב -יפו,וסרמן 7,054-5962191,,25376237,2,מכונאות רכב בנזין | מכונאות רכב דיזל,מוטי בן בסט
11326,בחאש עלי  פחחות רכב,מוסך מורשה,קלנסווה,ת.ד. 310,050-6597887,40640,59916825,1,תיקון מרכבי רכב,בחאש עלי
11331,מוסך אשר אבשלום,מוסך מורשה,ראשון לציון,"משה בקר 32, א.ת. ישן",053-7783301,75359,23530892,3,מכונאות רכב בנזין | מכונאות רכב דיזל | שירות תיקון למזגן אויר לרכב,אשר אבשלום | אבשלום אשר
11333,צמיגי מטלון 2007 בע מ,מוסך מורשה,פתח תקווה,ז'בוטינסקי 65,03-9222053,,513964858,2,תיקון והחלפת צמיגים | תיקון וכוון מתלים ברכב,לוי דניאל | סרור רונן
11336,גאבלי מוניר משפץ המשולש,מוסך מורשה,טייבה,ת.ד. 4573,09-7992010,,54455241,1,רפידות ותופי בלם,גאבלי מוניר
11340,הגביש מוטורס בע מ,מוסך מורשה,כפר סבא,"המוביל 9,ת.ד 2378",073-2636363,,513846931,7,מכונאות רכב בנזין | מכונאות רכב דיזל | תיקון אחזקת רכב חשמלי/היברידי | חשמלאות רכב | תיקון מרכבי רכב | צבעות רכב | שירות תיקון למזגן אויר לרכב,הופמן רביב חיי | חדד אסא | עדני דניאל | קור הרצל | שרעבי מיכאל
11342,עאהד יוסף זיאר נאשף ובניו בע מ,מכון רישוי,טייבה,ת.ד 257,09-7990771,40400,511817736,2,בדיקות עשן ברכב דיזל | מכון רישוי-פתוח לשרות הציבור,אל נאשף פאדל
11343,פארס כוכב השרון בע מ,מוסך מורשה,ג'לג'וליה,ת.ד. 1072,03-9396517,45850,513388330,3,תיקון אחזקת רכב חשמלי/היברידי | תיקון מרכבי רכב | צבעות רכב,פארס ראעי חרבוש | עייאט אבראהים | ראעי חרבוש פארס
11346,גראן טוריסמו - דוד לוי אור חלפי,מוסך מורשה,תל אביב -יפו,בר יוחאי 30,03-6967999,,28906881,1,מכונאות אופנועים וקטנועים,דוד לוי
11351,מוסך שאדי - מתאני שאדי,מוסך מורשה,כפר סבא,המנופים 10,054-7753899,,21653621,1,אוטוטק רכב קל,מתאני שאדי
11352,גדי את יניב מוסך גדי ודוד,מוסך מורשה,בת ים,אורט ישראל 38,053-8979791,,23762180,4,מכונאות רכב בנזין | מכונאות רכב דיזל | צבעות רכב | תיקון והחלפת צמיגים,אברץ יניב | אברץ מנשה
11354,דנאל מוטורס בע מ,מוסך מורשה,כפר סבא,ת.ד.7116 המוביל 9,073-32535353,,513933754,6,אוטוטק רכב קל | תיקון אחזקת רכב חשמלי/היברידי | תיקון מרכבי רכב | צבעות רכב | תיקון והחלפת צמיגים | תיקון וכוון מתלים ברכב,פדילה עומר | מצארוה מוהנד | אור גיל שלמה
11356,דהן שלום מוסך שלום,מוסך מורשה,בת ים,העבודה 39,03-5535213,59602,51903177,2,מכונאות רכב בנזין | מכונאות רכב דיזל,דהן שלום
11357,מוסך חופני משרקי,מוסך מורשה,גדרה,ת.ד. 383 הרצל 3,08-8683434,,27362607,2,מכונאות רכב בנזין | מכונאות רכב דיזל,משרקי חפני פנחס
11358,רפי משולם מוסך עדן,מוסך מורשה,ראש העין.,העבודה 38,050-9111011,48017,31916323,2,מכונאות רכב בנזין | מכונאות רכב דיזל,סרוסי יעקב
11359,סולל בונה בע מ,מוסך מורשה,פלמחים,פארק תעשיות קיבוץ פלמחים,052-5341325,,520022625,2,טרקטורים ומכונות ניידות | תיקון מלגזות הרמה,בן מנחם יריב
11360,מאיר ביטון ד ר פרונט,מוסך מורשה,נס ציונה,האיזמל 3,08-9300831,74047,54627971,1,תיקון וכוון מתלים ברכב,יהושע רחמים
11365,מוסך הזהב בע מ,מוסך מורשה,טירה,ת.ד. 428,050-4799766,44915,513813931,2,תיקון מרכבי רכב | צבעות רכב,חאסקיה מחמוד
11374,סי.אם.איי כהן החזקות בע מ,מוסך מורשה,תל אביב -יפו,שפע טל 4,050-5341382,67013,515574952,3,מכונאות רכב בנזין | מכונאות רכב דיזל | חשמלאות רכב,חזקיה אהוד | כהן אסף
11379,גנני יגאל מוסך גנני,מוסך מורשה,בני ברק,החשמונאים 5,03-6196643,51262,24314692,1,מכונאות אופנועים וקטנועים,גנני יגאל
11383,מתן מרכז הרכב - מתן מכלוף,מוסך מורשה,ראשון לציון,"משה בקר 32,",050-8366091,,311303275,2,מכונאות רכב בנזין | מכונאות רכב דיזל,קוזלביץ דורון
11384,שרון את אלי מוסך שיא מוטורס,מוסך מורשה,חולון,הפלד 6,03-5589001,58811,32787947,2,אוטוטק רכב קל | תיקון אחזקת רכב חשמלי/היברידי,קדמי שרון
11385,א.ח ברנר ארט בע מ,מוסך מורשה,ראשון לציון,ההגנה 24,054-5555350,75706,516956141,2,תיקון מרכבי רכב | צבעות רכב,קפטה ניסים יוגב
11388,מוסך שגיא )ע.ב( בע מ,מוסך מורשה,תל אביב -יפו,רח' 1244 )דוד חכמי (21,03-6872926,,513800201,3,אוטוטק רכב קל | תיקון מרכבי רכב | צבעות רכב,מרדן יצחק | בצון אהרן
11390,מאיה איה שרותי רכב בע מ,מוסך מורשה,רחובות,"משה יתום 11, א.ת.",09-9472636,,514545193,2,תיקון מרכבי רכב | צבעות רכב,חוני מחמוד
11391,דוד יניב צמיגי יניב 91,מוסך מורשה,רחובות,אופנהיימר 10,050-5237641,,3310877,1,תיקון והחלפת צמיגים,יניב דוד
11392,ליבנסון יבגני מוסך טופ טסט,מוסך מורשה,נס ציונה,האיזמל 9,08-9300543,74047,304361892,1,בדיקות-רכב )קניה ומכירה),ליבנסון יבגני
11393,רפאל את סלאמה,מכון רישוי,אור יהודה,היוזמים 2,03-6344366,60373,71545636,6,בדיקות עשן ברכב דיזל | בדיקות-רכב )קניה ומכירה) | מכון רישוי-פתוח לשרות הציבור | רישום ראשוני לרכב חדש | תיקון וכוון מתלים ברכב | בדיקת רכב לאחר תאונה,חלילי עלי | בן דוד אור | אור בן דוד
11394,ברק בלס - צמיגי יהוד,מוסך מורשה,יהוד-מונוסון,אברהם גירון 1,052-5865735,,303084818,1,תיקון והחלפת צמיגים,בלס ברק
11395,גנאח גילי שרותי רכב,מוסך מורשה,יהוד-מונוסון,העצמאות 24,050-6400014,,27810340,1,תיקון מרכבי רכב,גאנח גילי
11396,איהאב עבד אל קאדר - מוסך איהאב,מוסך מורשה,טייבה,ת.ד. 8280,054-2052051,40400,36766640,2,מכונאות רכב בנזין | מכונאות רכב דיזל,עבדאל קדר איהאב
11402,המדייק ראשון לציון בע מ,מוסך מורשה,ראשון לציון,"שמוטקין 35, א.ת. ישן",03-9504098,75363,513649582,2,שיפוץ מכללי בלמים | רפידות ותופי בלם,תקיאר אבי
11403,מולטי ריטייל גרופ בע מ,מוסך מורשה,ראשון לציון,ילדי טהרן 5,03-9619387,,515546224,3,מכונאות רכב בנזין | מכונאות רכב דיזל | תיקון והחלפת צמיגים,אלדעאדלה עבד-רב | סאלח דוד
11405,מרכז שרות השניים תל אביב בע מ,מוסך מורשה,תל אביב -יפו,ישראל מסלנט 52,03-5373756,,513833376,2,מכונאות רכב בנזין | מכונאות רכב דיזל,רנד יואל
11406,ניאו מוטורס בע מ,מוסך מורשה,רעננה,התדהר 11,052-8801381,,516127362,7,מכונאות רכב בנזין | מכונאות רכב דיזל | תיקון אחזקת רכב חשמלי/היברידי | חשמלאות רכב | תיקון מרכבי רכב | תיקון והחלפת צמיגים | תיקון וכוון מתלים ברכב,עודה אחמד | קאסם מופיד | פדילה פתחי
11411,מוחמד גיזאוי שביל השטח,מוסך מורשה,קלנסווה,ת.ד. 950,050-9196226,,26239087,2,מכונאות רכב בנזין | מכונאות רכב דיזל,גיזאוי מוחמד
11412,ליאור הררי אקסלנט מוטורס,מוסך מורשה,תל אביב -יפו,חיל השריון 96,03-6399330,67750,27378660,1,מכונאות אופנועים וקטנועים,ליאור הררי
11413,מוסך סבנה חן פחחות בע מ,מוסך מורשה,חולון,היתד 3,050-7613164,68169,513788935,3,תיקון אחזקת רכב חשמלי/היברידי | תיקון מרכבי רכב | צבעות רכב,אזולאי יוסף
11414,עוצמה שרותי רכב בע מ,מוסך מורשה,מודיעין-מכבים-רעות*,המכונאי 7,08-9757500,,514005910,4,אוטוטק רכב קל | תיקון אחזקת רכב חשמלי/היברידי | תיקון והחלפת צמיגים | אוטוטק מרכבי רכב וצביעתם,בודזנק אלי | בודזנך אילן-אלי | מצא יצחק | בודזנך אלי
11417,מאזן שרותי רכב בע מ,מוסך מורשה,טייבה,ת.ד. 132,052-7561454,40400,516885720,1,תיקון מרכבי רכב,נסיראת מאזן
11418,נסירת איאד פחחות רכב,מוסך מורשה,טייבה,ת.ד. 468,052-6660885,40400,26307363,1,תיקון מרכבי רכב,נסירת איאד
11424,חפר שרותי רכב - ליעד פרץ,מוסך מורשה,עמק חפר,גשר העץ 14,053-6588858,,36655082,1,אוטוטק רכב קל,אבורמד חגי
11425,מוסד הטכניון למחקר ופיתוח בע מ,מוסך מורשה,נתניה,אורט 19 )בתוך מוסך מקסיקו(,09-8616610,,510097918,1,בדיקת רכב לאחר תאונה,דוד יהודה
11426,קיו 10 אחזקות בע מ,מוסך מורשה,קלנסווה,מאחורי מוסך בחאש,050-4444700,,515295715,2,מכונאות רכב בנזין | מכונאות רכב דיזל,גמיל עבד אל ג
11428,מוסך ס.א.ל. בע מ,מוסך מורשה,פתח תקווה,אלכסנדר ינאי 28,03-9349674,,515026862,2,תיקון מרכבי רכב | צבעות רכב,סבג הרצל ישר | מלכה אלברט
11431,בן משה יצחק - איציק פרונט,מוסך מורשה,פתח תקווה,"מרכוס 30, א.ת. סגולה",03-5335895,,55503460,1,תיקון וכוון מתלים ברכב,בן משה יצחק
11434,מוסך זמר בע מ,מוסך מורשה,זמר,כפר זמר - ימה,057-7309879,38828,514876879,1,תיקון מרכבי רכב,חאלד זיידאן
11435,מוסך מנשה משיח בע מ,מוסך מורשה,פתח תקווה,בן ציון גליס 37 ת.ד4628,03-9300276,,514531474,2,תיקון אחזקת רכב חשמלי/היברידי | תיקון מרכבי רכב,משיח אורן
11437,איגור את יורימוסך רון טל,מוסך מורשה,ראשון לציון,שמוטקין 35,03-9507790,,321076531,2,מכונאות רכב בנזין | מכונאות רכב דיזל,נתנזון ראובן
11438,פרדריך עומר אפ.אר.טי,מוסך מורשה,ראשון לציון,האצ ל 49,03-9622263,,38271367,1,מכונאות אופנועים וקטנועים,גרטל פישל
11439,רוזיו יצחק מוסך איזקי,מוסך מורשה,בת ים,האורגים 31,050-2244827,,22859128,2,מכונאות רכב בנזין | מכונאות רכב דיזל,רוזיו יצחק
11443,סוכנות אוחנה חיים - מוטויאנג,מוסך מורשה,גינתון,משק 32,052-8887159,73110,33738774,2,מכונאות אופנועים וקטנועים | תיקון טרקטורונים,אוחנה דניאל
11446,ד ר פח וצבע פתח תקוה בע מ,מוסך מורשה,פתח תקווה,ת.ד. 3438 העמל 35,03-9224822,,513962209,3,תיקון אחזקת רכב חשמלי/היברידי | תיקון מרכבי רכב | צבעות רכב,פלמהולץ אברהם א | פלמהולץ אברהם | אירמייזאב דמיטר
11447,יהודה כהן מוסך נופר,מוסך מורשה,רחובות,משה יתום 15,08-9466215,,56191018,2,תיקון מרכבי רכב | צבעות רכב,כהן יהודה
11448,מ.ש המחלץ פחחות וצבע,מוסך מורשה,שילת,חרמון 12,050-2103646,,66566480,2,תיקון מרכבי רכב | צבעות רכב,דענא מועתז
11455,טאהא בילאל מוסך הצוות,מוסך מורשה,כפר קאסם,ת.ד. 1220,053-6910012,,37151818,2,מכונאות רכב בנזין | מכונאות רכב דיזל,טאהא בילאל
11459,מוסך וחלקי המקצוענים בע מ,מוסך מורשה,כפר קאסם,ת.ד. 3126,053-6977985,48810,517161972,3,מכונאות רכב בנזין | מכונאות רכב דיזל | מכונאות דיזל משאיות ואוטובוסים,זערורה מאג'ד
11460,אוטופיה מרכז שרות בע מ,מוסך מורשה,מודיעין-מכבים-רעות*,המכונאי 5,08-9711111,,514048909,9,מכונאות רכב בנזין | מכונאות רכב דיזל | תיקון אחזקת רכב חשמלי/היברידי | חשמלאות רכב | תיקון מרכבי רכב | צבעות רכב | תיקון והחלפת צמיגים | תיקון וכוון מתלים ברכב | שירות תיקון למזגן אויר לרכב,אמויאל דוד | אמויאל רותם | אבו שהאב סאאד | אמויאל דניאל
11462,דלק מוטורס בע מ,מוסך מורשה,ניר צבי,ת.ד. 200 ניר צבי,08-9139111,,510947153,7,אוטוטק רכב קל | מכונאות דיזל משאיות ואוטובוסים | תיקון אחזקת רכב חשמלי/היברידי | תיקון מרכבי רכב | צבעות רכב | תיקון והחלפת צמיגים | מכונאות אופנועים וקטנועים,אהרונוב פנחס | מנסור רחמים | בבייב גריגורי | מסרי ריאד | טל חיים
11464,מסארוה עבד אל גאבר מוסך עבד,מוסך מורשה,קלנסווה,כביש ראשי ליד צמיגי גאנם,052-4283583,,29809332,2,תיקון מרכבי רכב | צבעות רכב,מסארוה עבד גאבר
11466,פורת את דוידוביץ שרותי רכב רמלה,מוסך מורשה,רמלה,היצירה 10 א.ת.,053-7329882,,79282331,3,מכונאות רכב בנזין | מכונאות רכב דיזל | חשמלאות רכב,דוידוביץ מאיר | דוידוביץ צבי
11468,מוסך דידי שרותי רכב בע מ,מוסך מורשה,תל אביב -יפו,גולומב 50,03-5622492,,51111425,3,תיקון אחזקת רכב חשמלי/היברידי | תיקון מרכבי רכב | צבעות רכב,פרימו יצחק
11470,מעיין זמיר - מוסך ראלי מוטור,מוסך מורשה,פתח תקווה,אלוף דוד מרכוס 41,050-5777246,,200430650,2,מכונאות אופנועים וקטנועים | תיקון טרקטורונים,קשי גבריאל ח | קשי גבריאל
11474,אוטו גרופ- מרכז רכב בע מ,מוסך מורשה,ראשון לציון,"פלוטיצקי 1,",073-2350410,,514457654,6,מכונאות רכב בנזין | מכונאות רכב דיזל | תיקון אחזקת רכב חשמלי/היברידי | חשמלאות רכב | תיקון והחלפת צמיגים | שירות תיקון למזגן אויר לרכב,אשרי אור | משולם שמעון
11480,פחחות וצבע מסארוה מאמון,מוסך מורשה,טירה,ת.ד. 2012  טירה,050-6496755,44915,26332817,1,צבעות רכב,מסארוה מאמון
11481,אחמד גבארה - מוסך גוד,מוסך מורשה,טייבה,ת.ד. 3826,052-5122433,,38203543,2,תיקון מרכבי רכב | צבעות רכב,עאזם זיאד | מצארוה מואיד
11483,מרעי קוסאי פרונט קלנסואה,מוסך מורשה,קלנסווה,ת.ד. 1542 כביש ראשי קלנסואה,053-5888907,40640,66248253,2,תיקון והחלפת צמיגים | תיקון וכוון מתלים ברכב,מרעי קוסאי | מרעי כוסאי
11484,וי אס קאר בע מ,מוסך מורשה,נתניה,יד חרוצים 6,050-8766558,42108,516511052,5,מכונאות רכב בנזין | מכונאות רכב דיזל | תיקון מרכבי רכב | צבעות רכב | תיקון והחלפת צמיגים,חגאג ויקי | קילנר אברהם | חגי עידן
11489,סמארט בודי פארטס בע מ,מוסך מורשה,טירה,ת.ד  4521,050-7723237,,516468485,1,תיקון מרכבי רכב,קאסם זיאד
11495,נאשף עמאד - א.א. פחחות,מוסך מורשה,קלנסווה,ליד קפה נמו קלנסואה,052-2777399,40400,28303162,1,תיקון מרכבי רכב,מצראוה מחמוד
11498,יד יצחק מכוני רישוי,מכון רישוי,ראש העין.,"העבודה 11, א.ת.",03-9102040,,512941840,3,בדיקות עשן ברכב דיזל | בדיקות-רכב )קניה ומכירה) | מכון רישוי-פתוח לשרות הציבור,גאבר מוהנד | דרור יוסי
11503,ה.מ. ישראל בע מ,מוסך רישוי לרכב חדש,גן שמואל,מפעלי גרנות גן שמואל כביש 65,03-6092230,,514286939,1,רישום ראשוני לרכב חדש,תומר לויתן
11504,מאיר מרכזי שירות שותפות מוגבלת,מוסך מורשה,רעננה,"התדהר 3, א.ת. צפוני",09-7628702,43665,512832866,8,מכונאות רכב בנזין | מכונאות רכב דיזל | תיקון אחזקת רכב חשמלי/היברידי | חשמלאות רכב | תיקון מרכבי רכב | צבעות רכב | מכונאות אופנועים וקטנועים | שירות תיקון למזגן אויר לרכב,ברטצוק ודים | ברטצ'וק ודים | חגאי להב | גנאים מוחמד | יחזקאל ניר | אשכנזי יצחק
11505,אוחיון דוד - מזגני הבורסה,מוסך מורשה,רמת גן,הרקון 5,03-5756890,,56047079,1,שירות תיקון למזגן אויר לרכב,אוחיון דוד
11506,ג'מל מוחמד מוסך עבודי,מוסך מורשה,קלנסווה,ת.ד. 5140,052-4522381,,23370604,2,מכונאות רכב בנזין | מכונאות רכב דיזל,גמל מוחמד
11507,מוטו מאסטר בע מ,מוסך מורשה,יהוד-מונוסון,העצמאות 6,03-5360353,,514181643,2,מכונאות אופנועים וקטנועים | תיקון טרקטורונים,ארוילי אבי
11508,ראפת נואס - ראפת פחחות וצבע,מוסך מורשה,טירה,ת.ד. 791,052-3581362,44915,206129348,1,תיקון מרכבי רכב,נאשף גואד
11510,תעבורה אחזקות בע מ,מוסך רישוי לרכב חדש,רמלה,"החזון 4, א.ת. 320",054-7912693,,512562422,8,מכונאות רכב בנזין | מכונאות רכב דיזל | מכונאות דיזל משאיות ואוטובוסים | תיקון אחזקת רכב חשמלי/היברידי | חשמלאות רכב | רישום ראשוני לרכב חדש | שירות תיקון למזגן אויר לרכב | תיקון וכיול טכוגרפים,צור דוד | סלע ארז | חלילו מורד לרר | רחלין יבגני
11511,מאיר מרכזי שירות. שותפות מוגבלת,מוסך מורשה,ראשון לציון,"חיים שפירא 25, א.ת. מערב",03-9433666,,550278154,7,מכונאות רכב בנזין | מכונאות רכב דיזל | תיקון אחזקת רכב חשמלי/היברידי | חשמלאות רכב | תיקון מרכבי רכב | צבעות רכב | שירות תיקון למזגן אויר לרכב,גוילי ניסים | קזס יוסי | אברהמי עודד | מזין ארקדי
11513,אלחדיף דוד - מוסך דוד,מוסך מורשה,תל אביב -יפו,המסגר 15,052-5813459,,42115501,1,מכונאות אופנועים וקטנועים,אלחדיף דוד
11514,מכון אדיר בע מ,מכון רישוי,יהוד-מונוסון,שבזי 8,03-5366678,,513603100,6,בדיקות עשן ברכב דיזל | בדיקות-רכב )קניה ומכירה) | מכון רישוי-פתוח לשרות הציבור | רישום ראשוני לרכב חדש | תיקון וכוון מתלים ברכב | בדיקת רכב לאחר תאונה,קריינוביץ לאוני | רחמים רחמים | קרינוביץ לאוניד
11516,חצב נציגויות בע מ,מוסך מורשה,פתח תקווה,עמל 1,03-5704065,,511763153,1,תיקון והחלפת צמיגים,גרמה צחי
11518,מוסך ארז חפץ מכונאות בע מ,מוסך מורשה,רעננה,זרחין 7,09-7462103,,515033397,2,מכונאות רכב בנזין | מכונאות רכב דיזל,חפץ ארז
11522,צרצור אחסאן מוסך הדקל,מוסך מורשה,כפר קאסם,ת.ד. 609,053-7418573,,33866468,4,מכונאות רכב בנזין | מכונאות רכב דיזל | טרקטורים ומכונות ניידות | תיקון מלגזות הרמה,צרצור אחסאן
11524,הילוך שישי רעננה בע מ,מוסך מורשה,רעננה,היצירה 6,09-7442958,,514009547,4,אוטוטק רכב קל | תיקון אחזקת רכב חשמלי/היברידי | תיקון מרכבי רכב | צבעות רכב,תורגמן קובי | רובין שלמה מומ
11528,מוסך ישראל טולמסוב,מוסך מורשה,תל אביב -יפו,נתן פנץ 14,077-7660203,,311774590,2,אוטוטק רכב קל | תיקון אחזקת רכב חשמלי/היברידי,טל ישראל
11530,עבד אלכרים ג'אברה מכונאות,מוסך מורשה,טייבה,ת ד 1750 א.תעשייה עליון,053-7172061,40400,58173030,2,מכונאות רכב בנזין | מכונאות רכב דיזל,נאטור עבד אלבסט
11533,מוסך אבי ברדה,מוסך מורשה,חולון,החרש 3,03-6520199,,53501292,3,מכונאות רכב בנזין | מכונאות רכב דיזל | שירות תיקון למזגן אויר לרכב,בני יצחק
11534,אל. טי. אף בע מ,מוסך מורשה,פתח תקווה,דרזנר 4,052-7247377,,516654514,1,אוטוטק מרכבי רכב וצביעתם,רדוייב מקסים
11535,תקרורי איהב מוסך 2000,מוסך מורשה,קלנסווה,ת.ד. 5029,052-2907088,,27551795,2,מכונאות רכב בנזין | מכונאות רכב דיזל,תקרורי איהב | תקרורי איאב
11539,תעבורה אחזקות בע מ,מוסך מורשה,רמלה,החזון 6,08-9270420,,512562422,8,מכונאות רכב בנזין | מכונאות רכב דיזל | מכונאות דיזל משאיות ואוטובוסים | תיקון אחזקת רכב חשמלי/היברידי | חשמלאות רכב | תיקון מרכבי רכב | מסגרות רכב )תיקון ארגזים) | צבעות רכב,מסעוד בשארה | חלילו מורד לרר | חדד יעקב | זינאתי כליל
11542,משה קאשי טכנו מוטו,מוסך מורשה,בני ברק,זבוטינסקי 26,052-2687663,,40677239,1,מכונאות אופנועים וקטנועים,קאשי משה
11543,פרס רכב השפלה בע מ,מוסך מורשה,רמלה,התקוה 6,073-2707070,,514047091,6,מכונאות רכב בנזין | מכונאות רכב דיזל | תיקון אחזקת רכב חשמלי/היברידי | חשמלאות רכב | תיקון מרכבי רכב | צבעות רכב,פרס אמיר | רועי פרס | פרס רועי | אל עוקבי סמיח | אבשלום יעקב
11544,צמד חברה להספקת ציוד הנדסי בע מ,מוסך מורשה,רמלה,אזה ת שלדג 2,073-2222900,,510166507,3,אישור כשירות לצמ ה ומכונה ניידת | טרקטורים ומכונות ניידות | תיקון מלגזות הרמה,ארניאס אברהם
11546,יעקב דוד - יעד שרותי רכב,מוסך מורשה,בת ים,המסגר 7 / ישראל ויטנגרד,03-5520050,,25467283,3,מכונאות רכב בנזין | מכונאות רכב דיזל | תיקון אחזקת רכב חשמלי/היברידי,דוד יעקב שרון | דוד יעקב שרו
11547,חבני אוהד - מוסך חבני יצחק ובניו,מוסך מורשה,נס ציונה,"איזמל 9, א.ת. ב'",08-9400410,74047,66470253,2,תיקון מרכבי רכב | צבעות רכב,חבני אוהד
11552,איתי בושי - מוסך ריידר,מוסך מורשה,תל אביב -יפו,יצחק שדה 5,054-6466691,,201321858,2,מכונאות אופנועים וקטנועים | תיקון טרקטורונים,משאלוף אילן
11553,אופנובייק-מאור ושגיב,מוסך מורשה,תל אביב -יפו,שוקן 4,03-6365995,,200434108,1,מכונאות אופנועים וקטנועים,קינדלר דורון של
11554,אי.גי. מרכז שירות ופחחות בע מ,מוסך מורשה,הוד השרון,המסגר 5,052-5011341,45248,516903564,4,מכונאות רכב בנזין | מכונאות רכב דיזל | תיקון מרכבי רכב | צבעות רכב,פיינר אליהו | גנח אפרים | ששה יוסף
11555,כהן שמעון - סי.אר.איי,מוסך מורשה,תל אביב -יפו,תושיה 4 א',052-3335373,67218,23584949,2,תיקון אחזקת רכב חשמלי/היברידי | מכונאות אופנועים וקטנועים,כהן שמעון
11556,אלעיסאוי עלי פנצ'ריית דרום ראשון,מוסך מורשה,ראשון לציון,משה שרת 24,050-5379139,,53820957,1,תיקון והחלפת צמיגים,אל עיסאוי עלי
11559,א.ג. נגררים ווים בע מ,מוסך רישוי לטרקטורים ורכב חדש,כפר סבא,יוחנן הסנדלר 8,053-5500180,,514292275,9,מכונאות רכב בנזין | מכונאות רכב דיזל | חשמלאות רכב | תיקון מרכבי רכב | מוסך רישוי לציוד חקלאי | רישום ורישוי לרכב חדש | טרקטורים ומכונות ניידות | תיקון טרקטורונים | תיקון מלגזות הרמה,פרידמן אליהו | אולמן אלכס | פרידמן אלי
11561,שלמה רשת מוסכים ושרותי רכב בע מ,מוסך מורשה,פתח תקווה,נחשון 25,050-5552711,,512304056,2,תיקון מרכבי רכב | צבעות רכב,גברין סעיד | קיוסו שמואל
11562,עזר דוד מוסך עזר פחחות וצבע לרכב,מוסך מורשה,ראשון לציון,"אהרונסון 6, א.ת. רמת אליהו",03-9618849,,58241225,2,תיקון מרכבי רכב | צבעות רכב,עזר יעקב | עג'מי יוסף
11563,מוסך המגוון בע מ,מוסך מורשה,תל אביב -יפו,מסלוויטה 4,03-5619896,,512034950,1,צבעות רכב,אוחיון ניסים
11565,בסט קולור - זברסקי אולג,מוסך מורשה,פתח תקווה,בר כוכבא 45,052-6992757,,322191586,2,תיקון מרכבי רכב | צבעות רכב,קילנר קלאודיו | קילנר ראובן
11567,מוסך מחמוד נאסר,מוסך מורשה,טירה.,ת.ד. 3412 כביש ראשי מאחורי הנקודה האדומה,054-4303366,44915,23122013,2,מכונאות רכב בנזין | מכונאות רכב דיזל,מחמוד נאסר
11570,מוסך לב הארץ בהנהלת זוזיאן,מוסך מורשה,כפר קאסם,ת.ד. 884,054-7394315,48810,29803319,4,מכונאות רכב בנזין | מכונאות רכב דיזל | תיקון מרכבי רכב | צבעות רכב,פדילה תאמר | עמאר זוזיאן | אל עקבי עומר
11571,ד.לי אור שירותי רכב בע מ,מוסך מורשה,יהוד-מונוסון,אלטלף 8,03-9102442,,513518910,1,תיקון מרכבי רכב,חיון עוזיהו
11572,יאיר שפילמן שרות רכב (1989) בע מ,מוסך מורשה,פתח תקווה,רבניצקי 7,074-7150000,,511400137,5,אוטוטק רכב קל | תיקון אחזקת רכב חשמלי/היברידי | תיקון והחלפת צמיגים | אוטוטק מרכבי רכב וצביעתם +מסגרות | בדיקות-רכב )קניה ומכירה),ליסנסקי לב | לב ליסנסקי | כהו אלי | בן סדון פיני | קוליקוב יבגני
11573,אהרון כהן,מוסך מורשה,ראשון לציון,"פלוטיצקי 3, א.ת. ישן",03-9644065,,31847536,1,אוטוטק רכב קל,כהן אהרון
11576,ניר צפר שרותי רכב,מוסך מורשה,חולון,הבנאי 26,057-7507501,,31848369,4,מכונאות רכב בנזין | מכונאות רכב דיזל | מכונאות דיזל משאיות ואוטובוסים | בדיקת רכב לאחר תאונה,צפר ניר | ניר צפר
11577,סיטי סנטר טסט לרכב בע מ,מוסך מורשה,חולון,"הנגר 4, א.ת.",03-6542020,,512998920,5,מכונאות רכב בנזין | מכונאות רכב דיזל | תיקון אחזקת רכב חשמלי/היברידי | בדיקות-רכב )קניה ומכירה) | בדיקת רכב לאחר תאונה,פולנדר אברהם | בן ארוש יעקב | כהן אסף
11578,דודי קאר בע מ,מוסך מורשה,ראשון לציון,פלוטיצקי 22,052-2538942,,514051564,2,תיקון מרכבי רכב | צבעות רכב,אוזון דוד
11580,ב.ה ארביב ניסים בע מ,מוסך מורשה,חולון,תמנע 15,03-6541141,,516056041,1,תיקון תיבות הילוכים אוטומטיות,יטח ניר
11581,סוויספורט שרותי מטען ישראל בע מ,מוסך מורשה,לוד נמל תעופה,דרך חטיבה 8 נתבג,050-3332524,70100,513524934,2,טרקטורים ומכונות ניידות | תיקון מלגזות הרמה,שוען רועי
11583,אסף מישאלוף - מוסך המהיר,מוסך מורשה,תל אביב -יפו,ת.ד. 48609 המלאכה 7,050-3605005,,37618147,1,מכונאות אופנועים וקטנועים,אסף מישאלוף
11585,גבי היקרי מוסך גבי,מוסך מורשה,רעננה,החרושת 15,09-7417707,,56474406,2,מכונאות רכב בנזין | מכונאות רכב דיזל,היקרי גבי
11586,ריינו - טייר ישראל בע מ,מוסך מורשה,חולון,הסדנא 8 חולון,03-6243634,,514705821,1,מכונאות אופנועים וקטנועים,אליאסף נאור
11587,מוסך אלכס - נובק רוזנברג,מוסך מורשה,כפר סבא,התע ש 9,054-6336025,,312699440,1,אוטוטק רכב קל,נובק רוזנברג אג
11588,יצחקי ארז - ארז אופנועים,מוסך מורשה,תל אביב -יפו,שוונצינו 1 ת.ד 9246,050-4500006,,37576725,1,מכונאות אופנועים וקטנועים,יצחקי ארז
11589,ג'דידי ניצן פחחות וצבע,מוסך מורשה,הוד השרון,היובלים 18,09-7403674,,25718503,2,תיקון מרכבי רכב | צבעות רכב,גדידי ניצן | כהן דוד
11591,אורן בן סימון שרותי רכב בע מ,מוסך מורשה,חולון,הזורע 4,03-6540818,,515045961,2,אוטוטק רכב קל | תיקון אחזקת רכב חשמלי/היברידי,בן סימון אורן
11594,אלרז שרות למלגזות בע מ,מוסך מורשה,אזור,הצבר 5,03-5560707,,511494379,3,אישור כשירות לצמ ה ומכונה ניידת | טרקטורים ומכונות ניידות | תיקון מלגזות הרמה,יוחננוב ארז
11595,מוסך האחים מוניר,מוסך מורשה,תל אביב -יפו,שרירא גאון 30,054-7599649,,36518306,2,מכונאות רכב בנזין | מכונאות רכב דיזל,קדיס אנטון
11596,שחר אליהו מוסך צוות ניר 4 על 4,מוסך מורשה,קריית עקרון,רח' סנט גורג' עקרון 2000,057-7336438,,50541135,2,מכונאות רכב בנזין | מכונאות רכב דיזל,צדוק אברהם
11597,מוסך ראובן אברהם- ליעד אברהם,מוסך מורשה,רחובות,גבריאלוב 3,052-2777388,,30626204,2,מכונאות רכב בנזין | מכונאות רכב דיזל,אברהם ראובן
11598,סמארט פחחות וצבע בע מ,מוסך מורשה,פתח תקווה,גיסין 75,052-5263686,,514720408,2,תיקון מרכבי רכב | צבעות רכב,מורגן דורון
11599,מוסך נורדיה אגש ח בע מ,מוסך מורשה,נתניה,מושב נורדיה ת.ד- 276,050-4553387,,570070037,2,מכונאות רכב בנזין | מכונאות רכב דיזל,לחמיש מרדכי
11602,קיצ'ב אנטון - ואן מוטורס,מוסך מורשה,תל אביב -יפו,חיי אדם 7,03-6092299,,31754070,3,מכונאות רכב בנזין | מכונאות רכב דיזל | שירות תיקון למזגן אויר לרכב,קיצ'ב אנטון
11606,המכלל - חג' יחיא איהאב,מוסך מורשה,טירה,ת.ד 3074,09-7936087,,58597683,1,חשמלאות רכב,עראקי ריאד
11608,קשר ימי בע מ,מוסך רישוי לרכב חדש,לוד נמל תעופה,שרון 10 קרית שדה תעופה,052-2576890,,512223413,1,רישום ראשוני לרכב חדש,שטיינברג שרון
11610,האשם מוטורס - חסאן בשיר,מוסך מורשה,טירה,ת.ד 6122,054-3196667,,321564460,2,מכונאות רכב בנזין | מכונאות רכב דיזל,מטר אחמד
11612,מ.ד מוסכים - עמרם ברכה,מוסך מורשה,אבן יהודה,האלה 106,050-4085024,,54880794,4,מכונאות רכב בנזין | מכונאות רכב דיזל | תיקון מרכבי רכב | צבעות רכב,הכהן יהודה
11613,אופיר מוטורבייק  - אופיר חגג,מוסך מורשה,נתניה,המסגר 45,054-2296355,42379,300457678,2,מכונאות אופנועים וקטנועים | תיקון טרקטורונים,חגאג אופיר
11619,מוסך אמין הר ציון,מוסך מורשה,תל אביב -יפו,שד' הר ציון 48,052-2730674,,23439334,2,אוטוטק רכב קל | תיקון אחזקת רכב חשמלי/היברידי,אל אסמר נביל | אסמר נביל
11621,מוסך ג'אד מסרי,מוסך מורשה,טייבה,ת.ד. 3826,057-4318598,40480,29943487,2,מכונאות רכב בנזין | מכונאות רכב דיזל,מסארוה גאד
11622,שרון בן אליהו סדנא לאופנועים,מוסך מורשה,תל אביב -יפו,ראול ולנברג 14,077-5543370,,31683675,1,מכונאות אופנועים וקטנועים,שרון בן אליהו
11623,עמרם את מישל מוסך עמי,מוסך מורשה,חולון,הסולל 3,03-5590966,,54860416,2,מכונאות רכב בנזין | מכונאות רכב דיזל,דהן עמרם
11625,עבדאלגני רמזי -מוסך רר אי אם גי,מוסך מורשה,תל אביב -יפו,עמק ברכה 8,03-5356443,61150,27683234,3,מכונאות רכב בנזין | מכונאות רכב דיזל | תיקון אחזקת רכב חשמלי/היברידי,עבדאלגני רמזי | רמזי עבד אלגני
11628,מוסךהשלום בהנהלת אביוב ארנון,מוסך מורשה,חולון,הפלד 44,03-6545694,,61215067,2,מכונאות רכב בנזין | מכונאות רכב דיזל,זנו יצחק
11629,ערן טגרט - גירים אוטומטיים,מוסך מורשה,עין החורש,קיבוץ עין החורש,054-4832820,38980,23916273,3,מכונאות רכב בנזין | מכונאות רכב דיזל | תיקון תיבות הילוכים אוטומטיות,טגרט עירן
11633,אר.די.בי מוטורס בע מ,מוסך מורשה,רמלה,סיקסק 1,08-9142100,,516845559,7,מכונאות רכב בנזין | מכונאות רכב דיזל | חשמלאות רכב | תיקון מרכבי רכב | צבעות רכב | תיקון והחלפת צמיגים | שירות תיקון למזגן אויר לרכב,ברנס דיצר | ברנס יהודה
11636,משה ממן שרותי רכב,מוסך מורשה,חולון,הסדנא 18,03-6500637,,28439594,2,מכונאות רכב בנזין | מכונאות רכב דיזל,ממן משה
11637,קובי ורפאל מוסכי ורד,מוסך מורשה,נתניה,יד חרוצים 2,054-5550406,,301178521,4,מכונאות רכב בנזין | מכונאות רכב דיזל | תיקון והחלפת צמיגים | שירות תיקון למזגן אויר לרכב,ורד רפאלי | ורד קובי
11641,אליה יצחק מוסך דניאל,מוסך מורשה,ראשון לציון,שמוטקין 3,03-9564235,,73760654,2,תיקון מרכבי רכב | צבעות רכב,אליה יצחק
11642,קחטן דוד -מוסך דובי,מוסך מורשה,כפר סבא,יוחנן הסנדלר 11,052-4655065,,59762302,2,תיקון מרכבי רכב | צבעות רכב,קחטן דוד
11644,טיפ וטופ אופנועים בע מ,מוסך מורשה,טירה,"ת.ד. 391 , טירה המשולש",050-7619985,,515921864,2,מכונאות אופנועים וקטנועים | תיקון טרקטורונים,נאסר עימרם
11645,צעידי לאור פחחות וצבע,מוסך מורשה,כנות,האדום 26,08-8599551,,35891829,2,תיקון מרכבי רכב | צבעות רכב,צעידי ליאור
11649,מוסך ניר שרעבי,מוסך מורשה,נתניה,פנקס 36,050-6783832,,57420796,2,מכונאות רכב בנזין | מכונאות רכב דיזל,טורצקי בוריס
11650,קליינרשכט יבגני מוסך גראנד גראז',מוסך מורשה,פתח תקווה,החרש 8,052-7074545,,320949043,2,מכונאות רכב בנזין | מכונאות רכב דיזל,שתיוי עמוס
11651,מאסטרקאר מוסכים מתקדמים בע מ,מוסך מורשה,רחובות,היצירה 22,08-8533355,,515583896,2,אוטוטק רכב קל | תיקון אחזקת רכב חשמלי/היברידי,גרייבר אריק
11652,צמיגי אלי בהנהלת דורון,מוסך מורשה,בת ים,העבודה 16,052-3626213,,22645717,1,תיקון והחלפת צמיגים,גניני דורון של
11658,ויקטור לק רדיאטורים ואגזוזים,מוסך מורשה,פתח תקווה,שנקר 3,053-7353672,,57698334,2,תיקון רדיאטורים )מצננים) | תיקון צנורות פליטה ודודי עמם,לק ויקטור
11660,נוע רם מלגזות טרקטורים 1989 בע מ,מוסך מורשה,כפר קאסם,א.ת. מערבי בחצר של שילובית,052-5403390,,511351793,6,מכונאות רכב בנזין | מכונאות רכב דיזל | מכונאות דיזל משאיות ואוטובוסים | אישור כשירות לצמ ה ומכונה ניידת | טרקטורים ומכונות ניידות | תיקון מלגזות הרמה,לוי שמעון
11662,א.א אקספרס שירותי רכב בע מ,מוסך מורשה,אזור,המצודה 39,03-5187964,,515752939,3,מכונאות רכב בנזין | מכונאות רכב דיזל | תיקון אחזקת רכב חשמלי/היברידי,עדן אברהם | עידן אבי
11670,קאר איסט יבוא רכב בע מ,מוסך רישוי לרכב חדש,ראשון לציון,מרק משביץ 3,054-4697586,,512850355,1,רישום ורישוי לרכב חדש,יוסף יצחק
11672,דימה לויטן דימה חשמל רכב,מוסך מורשה,שילת,א.ת. שילת,054-7610034,,317967560,5,מכונאות רכב בנזין | מכונאות רכב דיזל | תיקון אחזקת רכב חשמלי/היברידי | חשמלאות רכב | שירות תיקון למזגן אויר לרכב,לויטן דימטרי | לויטן דימה | לויטן דמיטרי
11675,מרכז שרות קיה יפו - רכטמן  בע מ,מוסך מורשה,תל אביב -יפו,"שניצלר 22,",03-6818118,,514506534,3,מכונאות רכב בנזין | מכונאות רכב דיזל | תיקון אחזקת רכב חשמלי/היברידי,רכטמן אריאל
11678,הילוך שישי ראשל צ בע מ,מוסך מורשה,ראשון לציון,"פלוטיצקי 16, א.ת. ישן",03-9692011,75361,511974800,5,אוטוטק רכב קל | תיקון אחזקת רכב חשמלי/היברידי | תיקון מרכבי רכב | צבעות רכב | תיקון והחלפת צמיגים,יוספוב אפרים | יוסופוב אפרים | כהן אליהו | בבדז'אנוב אלחנו
11679,מוסך חזני יוסף בע מ,מוסך מורשה,פתח תקווה,ת.ד. 7177 ז'בוטינסקי 85,03-9224171,49348,510632821,2,אישור כשירות לצמ ה ומכונה ניידת | תיקון מלגזות הרמה,סימן טוב אליהו
11681,ספיד סוכנויות בע מ,מוסך מורשה,נתניה,המלאכה 13,050-7706636,,515647485,1,תיקון טרקטורונים,רובס גורגי
11683,ערן רובין - מוטו טק,מוסך מורשה,תל אביב -יפו,המסגר 53,03-5611450,,24910739,1,מכונאות אופנועים וקטנועים,רובין ערן
11685,סגולה טראק בע מ,מוסך מורשה,פתח תקווה,נחשון 22,03-7160010,,514472489,3,אוטוטק רכב קל | מכונאות דיזל משאיות ואוטובוסים | תיקון אחזקת רכב חשמלי/היברידי,חופאש חאזם
11686,סרסור איהב בלמי איהב,מוסך מורשה,כפר קאסם,ת.ד.632,03-9071088,48810,27562800,1,רפידות ותופי בלם,סרסור איהב
11688,אופיר טרקטורונים וסחר בע מ,מוסך מורשה,בית נחמיה,משק 10,03-9702979,,516134756,2,מכונאות אופנועים וקטנועים | תיקון טרקטורונים,גודל שמואל
11689,אבו סלימאן גמאל-ג.ע. פחחות וצבע,מוסך מורשה,לוד,מודיעין 7,08-9212336,,24793408,1,תיקון מרכבי רכב,אבו סלימאן גמאל
11692,חרזנה עבד - ע.ע. שרותי רכב,מוסך רישוי לציוד חקלאי,זמר,"כביש ראשי, זמר",050-8774197,,313640427,6,מכונאות רכב בנזין | מכונאות רכב דיזל | חשמלאות רכב | מוסך רישוי לציוד חקלאי | טרקטורים ומכונות ניידות | שירות תיקון למזגן אויר לרכב,חראזנה עבד | חראזנה עבדאלרחמ
11693,מוסך כפר קאסם לשרותי רכב בע מ,מוסך מורשה,כפר קאסם,ת.ד. 1808,050-2103496,,512326323,3,מכונאות רכב בנזין | מכונאות רכב דיזל | מכונאות דיזל משאיות ואוטובוסים,מסראוה עבד
11697,אבו חאמד יזיד - מוסך בלמי יזיד,מוסך מורשה,קלנסווה,ת.ד 1424,054-6428486,42837,315579532,3,מכונאות רכב בנזין | מכונאות רכב דיזל | רפידות ותופי בלם,אבו חאמד מחמוד
11698,קואסמה זאהר,מוסך מורשה,טירה,ת.ד. 4315,052-6742784,44915,342192705,2,מכונאות רכב בנזין | מכונאות רכב דיזל,בשארה איאד
11699,דרייב קלין בע מ,מוסך מורשה,רחובות,היצירה 39 פינת גבריאלוב,052-4039900,,514574631,1,תיקון והחלפת צמיגים,עיסאוי מוחמד
11700,נעים אלגרבלי מוסך א. נעים,מוסך מורשה,תל אביב -יפו,בן עטר 20,054-5362020,,56860026,2,מכונאות רכב בנזין | מכונאות רכב דיזל,ליאני אילן
11704,דרור לובטון טרקטורונים ואופנועים,מוסך מורשה,פתח תקווה,דוד מרכוס 31,054-2386545,,27181411,2,מכונאות אופנועים וקטנועים | תיקון טרקטורונים,לובטון דרור
11705,ליאור חנניה מוסך מבורך,מוסך מורשה,חולון,בצלאל 4,03-6500068,,35686385,2,מכונאות רכב בנזין | מכונאות רכב דיזל,ליאור חנניה
11706,חטיב מונעם מוחמד קפיצי אחים חטיב,מוסך מורשה,כפר קאסם,א.ת. אחרי שוק הציפורים,050-7130001,,24774952,1,תיקון קפיצים ברכב מנועי,חטיב מונעם
11707,מוסך טי. גי. בע מ,מוסך מורשה,פתח תקווה,אימבר 12,03-5792448,,514649409,1,אוטוטק רכב קל,בוקובזה דוד
11709,ל.א פיקס שירותי רכב בע מ,מוסך מורשה,תל אביב -יפו,החרוץ 5,051-2727157,67060,516880283,2,אוטוטק רכב קל | אוטוטק מרכבי רכב וצביעתם,מזרעאוי שעבאן | עומר בלו
11710,א.א.א. מוקד הרכב בעמ,מוסך מורשה,פתח תקווה,העמל 64 ת.ד 4033 ק.אריה,03-9271927,49130,515925279,3,תיקון אחזקת רכב חשמלי/היברידי | תיקון מרכבי רכב | צבעות רכב,קירייב סרגיי | אילוז חיים
11719,ג'ונדיה חאלד - מוסך זואתה,מוסך מורשה,טירה,ת.ד. 3628 כביש ראשי משמאל,052-3521525,,57551491,2,מכונאות רכב בנזין | מכונאות רכב דיזל,דעאס חרוס
11720,עיסא מועד - צמיגי האחים,מוסך מורשה,כפר קאסם,ת.ד. 335,053-4712905,49940,302610076,1,תיקון והחלפת צמיגים,עיסא מופיד
11722,סרסור סבע - מוסך סבע,מוסך מורשה,כפר קאסם,ת.ד. 888 ליד שטיפת השלום,053-7430424,48810,27546241,2,מכונאות רכב בנזין | מכונאות רכב דיזל,סרסור סבע
11723,עקרבי ציון מוסך הכוכב,מוסך מורשה,ראשון לציון,"בן-צבי   41 , א.ת. רמת אליהו",03-9418882,,50556786,2,מכונאות רכב בנזין | מכונאות רכב דיזל,עקרבי ציון
11725,נעמה קפלן מוסך נמש,מוסך מורשה,פתח תקווה,אפעל 24,03-9197733,,35697846,1,צבעות רכב,עבו יוסף
11726,ויקי סעדה גל קור חשמל ומיזוג,מוסך מורשה,בני ברק,הירקון 27,050-7646646,51204,27118660,2,תיקון מרכבי רכב | שירות תיקון למזגן אויר לרכב,טויטו דוד | זוסקוביץ יצחק
11729,מוסך אור יהודה בע מ,מוסך מורשה,יהוד-מונוסון,שבזי 16 יהוד,050-8838090,,511047169,3,מכונאות רכב בנזין | מכונאות רכב דיזל | מכונאות דיזל משאיות ואוטובוסים,שהרבני אייל
11731,יורם זקן מוסך פחחות וצבע בע מ,מוסך מורשה,רחובות,היצירה 7,057-5558593,,515601748,5,אוטוטק רכב קל | תיקון אחזקת רכב חשמלי/היברידי | תיקון מרכבי רכב | צבעות רכב | תיקון וכוון מתלים ברכב,זקן דניאל | זקן יורם | דניאל זקן
11732,אברהם תורתי חשמל רכב,מוסך מורשה,נתניה,ת.ד. 13053  הכדר 45,09-8822287,,69699155,1,חשמלאות רכב,תורתי אברהם
11734,חצב נציגויות בע מ,מוסך מורשה,צריפין,קרית שלמה )מתחם שלמה סיקסט(,052-7777825,,511763153,1,תיקון והחלפת צמיגים,שקד רונן
11736,אברהם מאיר שרותי רכב,מוסך מורשה,ראשון לציון,ספיר 5 א.ת. חדש,052-3294550,,55310916,2,חשמלאות רכב | שירות תיקון למזגן אויר לרכב,אבי מאיר
11738,מוסך תמם מגן ע.ג.ר. בע מ,מוסך מורשה,חולון,הסתת 4,03-5503697,,514030097,1,אוטוטק מרכבי רכב וצביעתם,תמם חפץ
11740,מ.ש.ב. גן עדן אשקלון בע מ,מוסך מורשה,לוד,"המסגר 4, א.ת.",08-6646440,,511371569,3,תיקון אחזקת רכב חשמלי/היברידי | תיקון מרכבי רכב | צבעות רכב,בן יעקב רונן
11742,קומפיוטסט הנדסת ציוד לרכב בע מ,מוסך מורשה,צריפין,קרית שלמה מתחם שלמה סיקסט,03-5316418,,511112120,1,בדיקות-רכב )קניה ומכירה),שניידר מיכאל
11745,רואה שי ש.ח. אופנועים,מוסך מורשה,נתניה,המלאכה 3,052-5844551,,31710635,1,מכונאות אופנועים וקטנועים,רואה שי
11746,סולטאנה נשאת - מוסך נשאת,מוסך מורשה,טירה,ת ד 2122 רח' ספורייה,052-2336863,44915,27549633,3,אישור כשירות לצמ ה ומכונה ניידת | טרקטורים ומכונות ניידות | תיקון מלגזות הרמה,סולטאנה נשאת
11752,ח.מ. חולון מטורס (2010) בע מ,מוסך מורשה,חולון,האורגים 11,03-6534900,,514534460,4,אוטוטק רכב קל | תיקון אחזקת רכב חשמלי/היברידי | תיקון מרכבי רכב | צבעות רכב,שור מרק | מטטוב בוריס
11753,צמיגי דוידוב איגור,מוסך מורשה,באר יעקב,דרך החיים 1 )תחנת דלק(,054-5993098,,308893643,1,תיקון והחלפת צמיגים,דוידוב איגור
11754,אבניר חברה לרכב בע מ,מוסך רישוי לרכב חדש,מודיעין-מכבים-רעות*,צלע ההר 14,03-9702592,66557,510979388,1,רישום ורישוי לרכב חדש,אזולאי יעקב
11755,עופר חברה לרכב בע מ,מוסך רישוי לרכב חדש,מודיעין-מכבים-רעות*,צלע ההר 14,03-9702592,66557,510483225,1,רישום ורישוי לרכב חדש,ששון יעקב
11756,מוסך סמירנוב ויקטור,מוסך מורשה,פתח תקווה,בר כוכבא 62,052-6671854,,,2,תיקון מרכבי רכב | צבעות רכב,סמירנוב ויקטור
11757,מוסך אלרם - אורי לוי,מוסך מורשה,פתח תקווה,העמל 36,050-7613467,,57908048,3,מכונאות רכב בנזין | מכונאות רכב דיזל | תיקון אחזקת רכב חשמלי/היברידי,לוי אורי | אורי לוי
11758,מוסך שי ו.ח רכב ראשון בע מ,מוסך מורשה,ראשון לציון,נדב בסקינד 6,03-9512555,,512243312,7,מכונאות רכב בנזין | מכונאות רכב דיזל | תיקון אחזקת רכב חשמלי/היברידי | חשמלאות רכב | תיקון והחלפת צמיגים | אוטוטק מרכבי רכב וצביעתם +מסגרות | שירות תיקון למזגן אויר לרכב,כהן ערן | ערן כהן | שמואל אדוארד | חנאניא סוהיל | מאבי רונן
11760,מוטי כהן - מוסך הגשר,מוסך מורשה,כפר קאסם,"כביש 5, חוצה שומרון",053-6544229,,51873305,2,מכונאות רכב בנזין | מכונאות רכב דיזל,מוטי כהן
11762,א.מ.ת מוטורס בע מ,מוסך מורשה,הרצלייה,גלגלי הפלדה 1,053-4251722,,516859824,1,תיקון מרכבי רכב,יונה אשר
11764,מוסך תום השחר 2020  בע מ,מוסך מורשה,כפר קאסם,ת.ד. 1692,052-2385010,,516250511,2,תיקון מרכבי רכב | צבעות רכב,מוסלם דאוד
11766,גואד בלעום מוסכי עידן לפחחות,מוסך מורשה,טייבה,ת ד 1966,052-3592990,40400,23273998,1,תיקון מרכבי רכב,גואד בלעום
11770,שלמה רשת מוסכים ושרותי דרך בע מ,מוסך מורשה,צריפין,קריית שלמה,08-9191111,,512304056,2,תיקון מרכבי רכב | צבעות רכב,גאבר עמאד
11771,ש.שלמה שרותים בענף הרכב בע מ,מוסך מורשה,צריפין,ת.ד. 379 קרית שלמה,08-9191333,,513456574,1,אוטוטק רכב קל,אלטשילר עמית
11772,סטרוסלצקי מוסך יורי,מוסך מורשה,פתח תקווה,המפעלים 4 ת.ד 3083 קרית אריה,052-2445120,,308968650,2,מכונאות רכב בנזין | מכונאות רכב דיזל,סטרוסלצקי יורי
11776,חאג יחיא נור - מוסך נרמין,מוסך מורשה,טייבה,ת ד 2271 טייבה,052-2573941,40400,21651187,2,מכונאות רכב בנזין | מכונאות רכב דיזל,עאזם מוסטפה | עזאם מוסטפה
11777,נמרוד צרפתי זן אופנועים וקטנועים,מוסך מורשה,תל אביב -יפו,בר יוחאי 23,03-5182298,,28731859,1,מכונאות אופנועים וקטנועים,צרפתי נמרוד
11778,פי.טי מוטורס בע מ,מוסך מורשה,ראשון לציון,משה שרת 6,054-7689892,,515951473,2,אוטוטק רכב קל | מכונאות אופנועים וקטנועים,אלוני שגיא
11779,צ'מפיון מוטורס בע מ,מוסך מורשה,פתח תקווה,"התנופה 5, קרית אריה",03-5779444,,513973255,5,אוטוטק רכב קל | תיקון אחזקת רכב חשמלי/היברידי | תיקון מרכבי רכב | צבעות רכב | תיקון והחלפת צמיגים,טליאס ישראל | קאסם וליד | ביאדסה מועאד | גנדור ריאד אלי
11780,או.פי.אס.אי שינוע בינלאומי בע מ,מוסך מורשה,לוד נמל תעופה,"הסייפן 1, נתב ג",054-6000202,,511919896,2,אוטוטק רכב קל | תיקון אחזקת רכב חשמלי/היברידי,מור שרון
11781,סמיר מסראוה פחחות וצבע השרון בעמ,מוסך מורשה,קלנסווה,כביש ראשי,052-5138010,40400,515602183,2,תיקון מרכבי רכב | צבעות רכב,מסארוה מוחמד
11784,מוסך יהודה אדמוני,מוסך מורשה,ראשון לציון,איזקסון 3,03-9643217,,10488054,2,חשמלאות רכב | שירות תיקון למזגן אויר לרכב,אדמוני יהודה
11785,שוקר יצחק מוסך יצחק,מוסך מורשה,ראשון לציון,קוזושניר אברהם 4,03-9494261,,55543136,2,תיקון מרכבי רכב | צבעות רכב,שוקר יצחק
11788,ח.מ גולד מוטורס מודיעין בע מ,מוסך מורשה,שילת,ת.ד. 99,08-6689700,,514657428,7,מכונאות רכב בנזין | מכונאות רכב דיזל | תיקון אחזקת רכב חשמלי/היברידי | חשמלאות רכב | בדיקות-רכב )קניה ומכירה) | תיקון וכוון מתלים ברכב | שירות תיקון למזגן אויר לרכב,זוארץ שמעון
11789,סימבול דוד מוסך העצמאות,מוסך מורשה,יהוד-מונוסון,התעשיה 20,03-6325346,,57699886,2,מכונאות רכב בנזין | מכונאות רכב דיזל,סימבול דוד
11790,מוסך בסון אילן מודיעין בע מ,מוסך מורשה,מודיעין-מכבים-רעות*,המכונאי 15,08-9799970,,513779694,8,מכונאות רכב בנזין | מכונאות רכב דיזל | תיקון אחזקת רכב חשמלי/היברידי | חשמלאות רכב | תיקון מרכבי רכב | צבעות רכב | תיקון וכוון מתלים ברכב | שירות תיקון למזגן אויר לרכב,כליפא יששכר | רביב יגאל | בסון יצחק
11793,מיזוג אויר לרכב עבד אשקר,מוסך מורשה,טייבה,ת ד 1866,054-4261465,40400,36346419,1,שירות תיקון למזגן אויר לרכב,אשקר עבד אלהאדי
11794,מוסך לין סנטר - גבארה סיף,מוסך מורשה,טייבה,ת.ד. 8050 מול עבודי,050-2213117,40400,29801438,2,תיקון מרכבי רכב | צבעות רכב,גומעה מוחמד
11798,מהנד שתיווי - מוסך האחים,מוסך מורשה,טירה,ת.ד. 4080 ליד הגשר החתוך,052-3457510,44915,301360301,4,מכונאות רכב בנזין | מכונאות רכב דיזל | מכונאות דיזל משאיות ואוטובוסים | טרקטורים ומכונות ניידות,שתיווי מוחמד
11799,אחים בשארה תיקון ושרותי טרקטורים,מוסך מורשה,טירה,ת ד 4115,050-5520887,44915,57000457,3,טרקטורים ומכונות ניידות | תיקון טרקטורונים | תיקון מלגזות הרמה,בשארה ניסים
11802,מגדי עווידה שרותי רכב,מוסך מורשה,טייבה,טייבה ת ד 3487,09-7992653,40400,27545524,3,מכונאות רכב בנזין | מכונאות רכב דיזל | חשמלאות רכב,עווידה מגדי
11804,בסאם דעאס - מוסך צמרת,מוסך מורשה,טירה,ת ד 754 מתחת לגשר,054-4937371,44915,54454657,3,מכונאות רכב בנזין | מכונאות רכב דיזל | מכונאות דיזל משאיות ואוטובוסים,גבלן אמנון
11805,נחמיאס ובקר צמיגי מודיעין,מוסך מורשה,מודיעין-מכבים-רעות*,המכונאי 15,08-6635222,71700,78773165,1,תיקון והחלפת צמיגים,נחמיאס דוד חי
11806,מוסך הזוהר - רפאל הרצל,מוסך מורשה,נתניה,יד חרוצים 22,09-8611741,42504,51387694,2,מכונאות רכב בנזין | מכונאות רכב דיזל,רפאל הרצל
11807,נאסר ספואן - מוסך אלנסאר,מוסך מורשה,קלנסווה,ת.ד. 69 כביש ראשי קלנסואה,050-7682382,40640,36345585,2,מכונאות רכב בנזין | מכונאות רכב דיזל,נאסר ספואן
11808,מסארוה רדא - צמיגי טל,מוסך מורשה,הרצלייה,ת.ד. 12068 מדינת היהודים 95,054-4992165,,55789499,1,תיקון והחלפת צמיגים,מסארוה רדא
11810,א.צ. אוטומטיק בע מ,מוסך מורשה,עמק חפר,בית הראשונים 18,052-5575950,,511171852,4,מכונאות רכב בנזין | מכונאות רכב דיזל | מכונאות דיזל משאיות ואוטובוסים | תיקון אחזקת רכב חשמלי/היברידי,זלצמן צבי
11811,קארמא דרייב בע מ,מוסך מורשה,פתח תקווה,העמל 58,054-7657886,,517321956,3,מכונאות רכב בנזין | מכונאות רכב דיזל | תיקון אחזקת רכב חשמלי/היברידי,וונדיפראו צ'אלי
11813,מוסך יסמין - מוחרר גבארה,מוסך מורשה,טייבה,ת.ד. 8050 א.ת טייבה,09-7995887,40400,59532945,2,מכונאות רכב בנזין | מכונאות רכב דיזל,גבארה מוחרר
11814,סמיקאר מזגנים - חטיב עסאם,מוסך מורשה,קלנסווה,כביש ראשי ת ד 363,052-8097492,40640,43183615,1,שירות תיקון למזגן אויר לרכב,חטיב עסאם
11816,עומר פחחות וצבע בע מ,מוסך מורשה,פתח תקווה,אימבר 10 פתח תקווה,03-6956305,,513216879,2,תיקון מרכבי רכב | צבעות רכב,יונה ירון שלו | סאלח מאהר
11817,ספידומטרים  השרון,מוסך מורשה,טייבה,ת ד 4241,057-8401352,40400,29945334,2,תיקון מחוונים | תיקון וכיול טכוגרפים,אקעיק מוחמד
11818,מיכה בן שושן מוסך מיכאלי,מוסך מורשה,תל אביב -יפו,גולומב 24,052-2599408,,75831636,2,תיקון מרכבי רכב | צבעות רכב,אדמוביץ אליהו | בן שושן מיכה
11820,מנסור מוחמד - עזיז פחחות וצבע,מוסך מורשה,טירה,ת.ד. 1059,053-4445111,44915,36364610,1,תיקון מרכבי רכב,עיראקי גמיל
11821,מוסך אלנור - טאהה זאהר,מוסך מורשה,כפר קאסם,ת.ד.1810,050-5307328,48810,34180851,3,מכונאות רכב בנזין | מכונאות רכב דיזל | תיקון אחזקת רכב חשמלי/היברידי,זאהר טאהה | זאהר טהה
11824,י. קארו שרותי פחחות וצבע בע מ,מוסך מורשה,ראשון לציון,גינזבורג 8,03-5582121,,513461285,2,תיקון מרכבי רכב | צבעות רכב,נרקיס גדעון
11825,א. צמיגי המושבה בע מ,מוסך מורשה,פתח תקווה,בר כוכבא 70,052-5606460,,516334646,1,תיקון והחלפת צמיגים,קאקולי אלירן
11826,שאול יונה מוסך אופנועים,מוסך מורשה,פתח תקווה,המרץ 4 תד 3657,054-4447154,,32039380,1,מכונאות אופנועים וקטנועים,יונה שאול
11830,מוסך שחאדה בע מ,מוסך מורשה,טירה,ת.ד. 1011,050-5310649,44915,513785386,4,מכונאות רכב בנזין | מכונאות רכב דיזל | תיקון מרכבי רכב | צבעות רכב,אלחין גמאל | שחאדה עבד חפיז | שחאדה עבד
11833,אמקול בע מ,מוסך רישוי לרכב חדש,כנות,"הירוק 24, ת.ד  408 כנות - גדרה",08-8683366,7070,513973271,6,חשמלאות רכב | תיקון מרכבי רכב | צבעות רכב | תחזוקה ובדיקת מערכת כיבוי אש באוטו' | רישום ראשוני לרכב חדש | שירות תיקון למזגן אויר לרכב,גבאי יאיר | זיר עאיד | עבאסי מוחמד | מזי גורג ישר
11835,מוסך רוני בוקרא חשמל ומיזוג אויר,מוסך מורשה,ראשון לציון,"ת.ד. 218 שמוטקין 3,",050-7982146,75101,28700813,4,מכונאות רכב בנזין | מכונאות רכב דיזל | חשמלאות רכב | שירות תיקון למזגן אויר לרכב,בוקרא רוני
11836,מולטי ריטייל גרופ בע מ,מוסך מורשה,נתניה,יד חרוצים 8,09-7886745,42505,515546224,3,תיקון והחלפת צמיגים | בדיקות-רכב )קניה ומכירה) | תיקון וכוון מתלים ברכב,אבו חוסיין חכמת | איפרגן שלום
11837,קרסו מוטורס בע מ,מוסך רישוי לרכב חדש,חולון,האורגים 34,03-7712097,,514065283,3,רישום ראשוני לרכב חדש | טרקטורים ומכונות ניידות | תיקון מלגזות הרמה,סהר מור | ולנסיה עמנואל
11838,בלומנפלד שלום מוסך מור שלום,מוסך מורשה,בת ים,אורט ישראל 34,03-5530686,,59133827,2,אוטוטק רכב קל | תיקון אחזקת רכב חשמלי/היברידי,בלומנפלד שלום
11840,כלמוביל בע מ,מוסך מורשה,פתח תקווה,גיסין 72,03-6307929,,510242670,6,מכונאות רכב בנזין | מכונאות רכב דיזל | תיקון אחזקת רכב חשמלי/היברידי | חשמלאות רכב | תיקון מרכבי רכב | תיקון והחלפת צמיגים,סאספורתס גבי | סספורטס גבי | בלאלטה סוהיל | כהן יחזקאל
11841,אחים שאלתיאל מוסך נאמן בע מ,מוסך מורשה,יהוד-מונוסון,שבזי 12,03-5365651,,514562784,4,מכונאות רכב בנזין | מכונאות רכב דיזל | תיקון מרכבי רכב | שירות תיקון למזגן אויר לרכב,שאלתיאל ראובן | אבו ערפאת מחמוד
11842,מוסך הדרך הבטוחה- אמירה חג'י,מוסך מורשה,חולון,תמנע 15,053-8374974,,311357842,1,אוטוטק מרכבי רכב וצביעתם,מועלם יצחק
11843,עיריית רחובות,מוסך מורשה,רחובות,מוטי קונד  מרכז לוגיסטי,052-4840550,,500284005,3,מכונאות רכב בנזין | מכונאות רכב דיזל | מכונאות דיזל משאיות ואוטובוסים,שעובי דן
11850,א.קרן נ.א.בע מ,מוסך רישוי לציוד חקלאי,בית אלעזרי,מושב בית אלעזרי 137,054-4739762,,515049757,6,אוטוטק רכב קל | תיקון אחזקת רכב חשמלי/היברידי | מוסך רישוי לציוד חקלאי | טרקטורים ומכונות ניידות | תיקון טרקטורונים | תיקון מלגזות הרמה,גלאם ניסים
11851,ארז אברהם צמיגי לוד,מוסך מורשה,לוד,יוספטל 8 א.ת. דרומי,052-6103129,,300237955,1,תיקון והחלפת צמיגים,אברהם הרצל
11852,מוטי גנדי פרונט אקס,מוסך מורשה,ראשון לציון,יוסף ספיר 5,03-9622559,,40222424,1,תיקון וכוון מתלים ברכב,גנדי מוטי
11855,מוסך מרכבות השם,מוסך מורשה,ראשון לציון,שמוטקין 18,052-4575563,,59250670,2,תיקון מרכבי רכב | צבעות רכב,לבוביץ דניס
11856,ג'בארה עלאא - טכנו אוטו,מוסך מורשה,טירה,צומת כוכב יאיר טירה,053-8220157,40400,27560044,1,אוטוטק רכב קל,גבארה עלא
11857,מוסך מנסור מוחמד,מוסך מורשה,טירה,ת ד 2834 כביש 24 אלסולטאני,052-5720507,44915,27587054,2,מכונאות רכב בנזין | מכונאות רכב דיזל,מנסור מוחמד
11861,בדיקות ישיר - ביטון הרצל,מוסך מורשה,כפר סבא,יוחנן הסנדלר 9,09-7680010,,22908289,1,בדיקות-רכב )קניה ומכירה),ביטון הרצל
11862,עטאללה כרים - מוסך המשפץ עטאללה,מוסך מורשה,תל אביב -יפו,תל גיבורים 46,050-5335010,,54083639,2,חשמלאות רכב | שירות תיקון למזגן אויר לרכב,נתן יעקב
11864,סופר צמיג שירותי רכב בע מ,מוסך מורשה,גבעת חיים (איחוד),קיבוץ גבעת חיים איחוד,050-7333510,,515232445,2,תיקון והחלפת צמיגים | תיקון וכוון מתלים ברכב,מליחי זיו | קלס אורי
11865,שרותי רכב דרום גדרה בע מ,מוסך מורשה,גדרה,הרצל 9 )תחנת דלק דרום גדרה(,08-8596014,,514365642,4,מכונאות רכב בנזין | מכונאות רכב דיזל | מכונאות דיזל משאיות ואוטובוסים | טרקטורים ומכונות ניידות,מדינה נסים
11866,קרן מוסכים בע מ,מוסך מורשה,עמק חפר,החריש 17,04-9127790,38777,514243971,9,מכונאות רכב בנזין | מכונאות רכב דיזל | מכונאות דיזל משאיות ואוטובוסים | חשמלאות רכב | תחזוקה ובדיקת מערכת כיבוי אש באוטו' | תיקון והחלפת צמיגים | טרקטורים ומכונות ניידות | תיקון טרקטורונים | שירות תיקון למזגן אויר לרכב,מצארוה מוראד | מסארווה מוראד | יונס מוחמד
11867,מוסך חשמל - יחיא אלאערג,מוסך מורשה,טייבה,כביש ראשי אחרי הגשר,050-8447977,40400,318150406,2,חשמלאות רכב | שירות תיקון למזגן אויר לרכב,אלאערג יחיא
11870,גלוסקא שרותי .רכב בע מ,מוסך מורשה,חולון,המרכבה 6,03-5702535,,513970491,3,מכונאות רכב בנזין | מכונאות רכב דיזל | אוטוטק מרכבי רכב וצביעתם,לוי מרדכי | גולן אורי
11871,אלון אידלסמן פיין טיומינג,מוסך מורשה,ראשון לציון,"ההגנה 38, א.ת. חדש",054-7660444,,56449515,2,תיקון והחלפת צמיגים | מכונאות אופנועים וקטנועים,אודלסמן אלון | אידלסמן אלון
11872,כהן ישר מוסך א.א. סנטר,מוסך מורשה,ראשון לציון,האצ ל 41,00-9611516,,70204631,1,תיקון מרכבי רכב,כהן ישר אברהם
11873,א.מ.י.ר. חברה להנדסה וסחר בע מ,מוסך מורשה,פתח תקווה,גיסין 75 ת.ד. 10056,054-2550635,49001,510637275,3,אישור כשירות לצמ ה ומכונה ניידת | טרקטורים ומכונות ניידות | תיקון מלגזות הרמה,אבייב אלברט
11881,מוסך סרבי אליהו שרותי רכב בע מ,מוסך מורשה,אור יהודה,היצירה 7,03-5334675,,514120187,2,מכונאות רכב בנזין | מכונאות רכב דיזל,סרבי אליהו
11883,ש.מ. אוטוו  קלאס סרוויס בע מ,מוסך מורשה,חולון,הסולל 3,03-6812767,,511699373,3,תיקון אחזקת רכב חשמלי/היברידי | תיקון מרכבי רכב | צבעות רכב,גולדברג שי
11886,חצב נציגויות בע מ - מתחם יוניון,מוסך מורשה,בני עי ש,"פארק ראם, מתחם חב' יוניון מוטורס בע מ",052-7777928,,511763153,1,תיקון והחלפת צמיגים,אסרף שמעון
11888,דחבש מרדכי חשמל מוטי,מוסך מורשה,ראש העין.,העבודה 38,03-9382270,,55085740,2,חשמלאות רכב | שירות תיקון למזגן אויר לרכב,דחבש מרדכי
11890,רייחנוב מיכאל סיאו סנטר,מוסך מורשה,אור יהודה,החרושת 26,03-6346855,,304302995,2,מכונאות רכב בנזין | מכונאות רכב דיזל,רייחנוב מיכאל
11891,חצב נציגויות בע מ - מתחם צ'מפיון,מוסך מורשה,כנות,"פארק ראם, מתחם חב' צ'מפיון מוטורס בע מ",08-8596016,,511763153,1,אוטוטק תיקון והחלפת צמיגים,לי סרגיי
11892,ימין גבריאל מוסכי מרום ארגמן,מוסך מורשה,בני ברק,דנגור 41,03-5206293,51332,52209954,2,מכונאות רכב בנזין | מכונאות רכב דיזל,ימין גבריאל
11895,קבוצת עמק איילון ס.כ. בע מ,מוסך רישוי לרכב חדש,רמלה,היצירה 110 רמלה,054-4382001,,511739633,1,רישום ורישוי לרכב חדש,אביסרור אילן
11896,מצארוה באסם - מוסך נדין,מוסך מורשה,טירה,כביש ראשי ת.ד 8072,052-8709852,,34896803,1,תיקון מרכבי רכב,מצארוה פוקה בסם
11900,עאמר דיאא - גינא שרותי רכב,מוסך מורשה,כפר קאסם,ת.ד. 1662,052-9527855,48810,321698474,2,מכונאות רכב בנזין | מכונאות רכב דיזל,אוסמא מסרי
11901,מנשה מוסייב - מוסך משין מרצדס,מוסך מורשה,חולון,הזורע 4,052-4436082,,310574462,2,מכונאות רכב בנזין | מכונאות רכב דיזל,דיאמנט חיים
11903,יואב נחומקה - מוסך עידן,מוסך מורשה,רמת השרון.,המסגר 9,09-5290923,,37157609,2,מכונאות רכב בנזין | מכונאות רכב דיזל,מרון יגאל
11905,מוסך האור שרותי רכב כבד בע מ,מוסך מורשה,עמק חפר,גשר העץ 32,053-7700864,,515953487,4,מכונאות רכב בנזין | מכונאות רכב דיזל | מכונאות דיזל משאיות ואוטובוסים | חשמלאות רכב,חרדון אורי
11914,דרויש חאגיחיא מוסך נור פחחות צבע,מוסך מורשה,טייבה,ת.ד. 4841,057-3755551,40400,27559624,1,תיקון מרכבי רכב,חאג' יחיא דרויש
11915,מוסך ימית רושה בע מ,מוסך מורשה,תל אביב -יפו,הנציב 2,03-5616178,,516482288,2,מכונאות רכב בנזין | מכונאות רכב דיזל,זלצר בן ציון
11916,י. קמחי בע מ,מוסך רישוי לרכב חדש,כפר הנגיד,האלה 61 כפר הנגיד,08-9421120,,511373623,2,רישום ראשוני לרכב חדש | טרקטורים ומכונות ניידות,קמחי יובל | משרדי רוני
11919,מוסך נשרים בע מ,מוסך מורשה,רמלה,אזור תעשיה א',057-7551782,,514834936,4,מכונאות רכב בנזין | מכונאות רכב דיזל | חשמלאות רכב | שירות תיקון למזגן אויר לרכב,פאנוס אפתים
11920,צבר דורון - מוסך צבר,מוסך מורשה,בני ברק,בר כוכבא 14,03-5706064,,22208292,1,מכונאות אופנועים וקטנועים,צבר דורון
11923,סטאר סייקל בע מ,מוסך מורשה,תל אביב -יפו,שביל התנופה 9,03-5181852,,512188095,2,מכונאות אופנועים וקטנועים | תיקון טרקטורונים,שטיינר צבי
11924,ניקולא קצורובסקי - מוסך פנס נקי,מוסך מורשה,נתניה,אריה רגב 15,052-5688399,,320707755,2,תיקון מרכבי רכב | צבעות רכב,קצורובסקי ניקול
11925,יהוד יעקב סדנת האומנים,מוסך מורשה,ראש העין,העבודה 23,03-9384841,,5451778,2,מכונאות רכב בנזין | מכונאות רכב דיזל,יהוד יעקב
11931,כהן רחמים - מוסך אלרם,מוסך מורשה,ראשון לציון,פלוטיצקי 10,053-5583510,,13246814,2,מכונאות רכב בנזין | מכונאות רכב דיזל,כהן רחמים
11932,גיל שבלוביץ מוסך גילי בשטח,מוסך מורשה,בית דגן.,קיבוץ גלויות 19,052-5871188,,24053852,2,מכונאות רכב בנזין | מכונאות רכב דיזל,גרבוביץ שלום
11933,ארז בן ששון מוסך ארז 4 על 4,מוסך מורשה,חולון,היוגב 12,052-2876170,,25483637,2,מכונאות רכב בנזין | מכונאות רכב דיזל,בן ששון ארז דוד
11934,מוסך מרכזי יפנאוטו בע מ,מוסך מורשה,פתח תקווה,ת.ד. 3057 גיסין 80,03-7910001,49223,510753890,7,מכונאות רכב בנזין | מכונאות רכב דיזל | תיקון אחזקת רכב חשמלי/היברידי | חשמלאות רכב | תיקון מרכבי רכב | צבעות רכב | שירות תיקון למזגן אויר לרכב,לוי רונן | גונטמכר אליק | סלוני דוד | טייב לאורנט | רוזנבלט לאוניד
11936,כהן את פורמן - מוסך ליאור בע מ,מוסך מורשה,רמת השרון,המסגר 8,050-6777581,,512457367,5,מכונאות רכב בנזין | מכונאות רכב דיזל | תיקון אחזקת רכב חשמלי/היברידי | חשמלאות רכב | שירות תיקון למזגן אויר לרכב,בוטבקה ויטורו
11937,גרר חיים שינוע מתקדם בע מ,מוסך מורשה,נחשונים,"התורמוס 8, א.ת. חדש",050-7617979,,513931279,3,מכונאות רכב בנזין | מכונאות רכב דיזל | מכונאות דיזל משאיות ואוטובוסים,אלי אליהו
11939,ס.ר. מרכז שרות פחחות ארצי בע מ,מוסך מורשה,תל אביב -יפו,מעבר יבוק 10,03-5796824,,512725847,5,מכונאות רכב בנזין | מכונאות רכב דיזל | תיקון אחזקת רכב חשמלי/היברידי | תיקון מרכבי רכב | צבעות רכב,דהאן סימון | דן סימון
11942,המזרח לשווק מכוניות (1994) בע מ,מוסך רישוי לרכב חדש,בני עי ש,פארק ראם מתחם יוניברסל מוטורס בע מ,08-9213588,,511961542,1,רישום ורישוי לרכב חדש,עמנו יצחק
11943,מוסך הכוכב - היימן גבארה,מוסך מורשה,טירה,ת ד 3947 טייבה  צומת כוכב יאיר,052-8429996,40400,26339887,2,מכונאות רכב בנזין | מכונאות רכב דיזל,גבארה אימן | אימן גבארה
11945,סבנה חן אזולאי בע מ,מוסך מורשה,אור יהודה,היוזמים 9,054-4222358,,515431922,1,תיקון מרכבי רכב,רחמים יצחק
11947,יוסי זלמן שרותי רכב,מוסך מורשה,פתח תקווה,"השילוח 15, קרית מטלון",054-7509633,,29302205,2,מכונאות רכב בנזין | מכונאות רכב דיזל,דרויש שלום
11950,אהרון א.ל. שרותי רכב בע מ,מוסך מורשה,יהוד-מונוסון,אלטלף 19,03-6134134,,513117309,4,אוטוטק רכב קל | תיקון אחזקת רכב חשמלי/היברידי | תיקון מרכבי רכב | צבעות רכב,ון-אש יאקי | אילון גדי
11951,חסן גנאים - המוסך של חסן,מוסך מורשה,קלנסווה,כביש ראשי מוסך השלושה לשעבר,054-5424990,40640,40507659,2,מכונאות רכב בנזין | מכונאות רכב דיזל,גנאים חסן
11954,קאסם אברהים - מוסך אחים קאסם,מוסך מורשה,טירה,ת.ד. 6405 מאחורי בשארה יוסף,052-8062622,44915,32652752,2,מכונאות רכב בנזין | מכונאות רכב דיזל,קאסם אבראהים
11955,מוסכי שיא נתניה בע מ,מוסך מורשה,נתניה,ת.ד. 13021 דוד פנקס 21,09-8821550,42377,511945149,6,מכונאות רכב בנזין | מכונאות רכב דיזל | תיקון אחזקת רכב חשמלי/היברידי | חשמלאות רכב | תיקון מרכבי רכב | צבעות רכב,עוזיאל שמואל | עבדאל קאדר ערבי | תחסין ג'ירה | אבו חמדה נאאל | קור הרצל
11956,דקה טלעת מסעוד קאמל מוסך הסדנא,מוסך מורשה,בת ים,האורגים 23,03-5522174,,26267591,2,מכונאות רכב בנזין | מכונאות רכב דיזל,מסעוד קאמל
11957,אסף פחחות וצבע בע מ,מוסך מורשה,נתניה,הכדר 26,050-6847300,42378,514277417,3,מכונאות רכב בנזין | מכונאות רכב דיזל | תיקון אחזקת רכב חשמלי/היברידי,חג'אג' אבי
11958,ואיה חוסני מוסך מ.א,מוסך מורשה,קלנסווה,ת.ד. 3950,050-6986666,40640,23372451,2,מכונאות רכב בנזין | מכונאות רכב דיזל,שלבאיה עבד אלרח
11960,מלכי אליעזר מוסך מלכי לזר,מוסך מורשה,אזור,המצודה 39,053-6002525,,23695026,1,אוטוטק רכב קל,מלכי אליעזר
11966,מרכז שירות והתקנה גז לרכב בע מ,מוסך מורשה,חולון,הנפח 12,050-7289665,,517121364,3,מכונאות רכב בנזין | מכונאות רכב דיזל | מכונאות רכב גפ מ,ישראלי בנימין
11967,סייקל שופ אופנועים בע מ,מוסך מורשה,רעננה,המלאכה 18,052-4277585,43661,515769545,1,מכונאות אופנועים וקטנועים,חזן שי
11968,אופנועי הגשר בע מ,מוסך מורשה,תל אביב -יפו,תושיה 8,03-5379222,,515011054,1,מכונאות אופנועים וקטנועים,נחום שרון
11970,מוסך מועלם צדוק בע מ,מוסך מורשה,יהוד-מונוסון,אלטלף 25,03-6326805,,513631341,2,מכונאות רכב בנזין | מכונאות רכב דיזל,מועלם סמי | מועלם ששון
11971,תמימי איימן מוסך האורגים,מוסך מורשה,חולון,הסתת 20,03-5506476,,28385250,2,מכונאות רכב בנזין | מכונאות רכב דיזל,בדר חסן
11972,קדוש יעקב צמיגי קלה,מוסך מורשה,בת ים,אורט ישראל 34,03-5540311,,57462202,1,תיקון והחלפת צמיגים,קדוש יעקב
11973,מאיר מרכזי שירות שותפות מוגבלת,מוסך מורשה,תל אביב -יפו,שבח 5,03-6966991,,550278154,4,תיקון אחזקת רכב חשמלי/היברידי | מכונאות אופנועים וקטנועים | טרקטורים ומכונות ניידות | תיקון טרקטורונים,דבי גיא | דקל יניב
11974,זוהר מתנה מוסך זוהר אופנועים,מוסך מורשה,בית אלעזרי,התאנה 53,053-5529952,,29524337,1,מכונאות אופנועים וקטנועים,מתאנא זוהר
11975,מוסך אלאמיר - גבארה עבד,מוסך מורשה,טייבה,ת.ד. 5134,053-4831087,40400,59511253,1,תיקון מרכבי רכב,גבארה עבד
11977,בלעום פארס מוסך פארס,מוסך מורשה,טייבה,ת ד 5753,053-5800821,40400,26369447,1,תיקון מרכבי רכב,מצארוה שריף
11978,יוניון רכב תעשייתי בע מ,מוסך רישוי לרכב חדש,ניר צבי,פארק תעשיות יוניון מוטורס,053-3337339,,515307049,8,מכונאות דיזל משאיות ואוטובוסים | תיקון אחזקת רכב חשמלי/היברידי | תיקון מרכבי רכב | צבעות רכב | אישור כשירות לצמ ה ומכונה ניידת | רישום ראשוני לרכב חדש | טרקטורים ומכונות ניידות | תיקון מלגזות הרמה,לוי אייל | דנינו אילן | בן שושן מיטל
11980,עמאר עימאד - מוסך אבו אלבוך,מוסך מורשה,כפר קאסם,ת.ד. 1822,050-3031915,48810,301611380,2,מכונאות רכב בנזין | מכונאות רכב דיזל,תתר מוחמד
11981,בליץ אלקטריק מוטורס בע מ,מוסך רישוי לרכב חדש,תל אביב -יפו,ישראל בק 7,072-2595722,,514788702,3,תיקון אחזקת רכב חשמלי/היברידי | מכונאות אופנועים וקטנועים | רישום ראשוני לרכב חדש,פרץ ויל | דב סעדיה
11984,עיריית תל אביב יפו,מוסך מורשה,חולון,רח' 3941 תל גיבורים מרכז לוגיסטי ת א,03-7249163,,500250006,7,מכונאות רכב בנזין | מכונאות רכב דיזל | מכונאות דיזל משאיות ואוטובוסים | חשמלאות רכב | אישור כשירות לצמ ה ומכונה ניידת | טרקטורים ומכונות ניידות | תיקון מלגזות הרמה,אמסיס לואיז | חסונה ח'אלד | מתנה יהודה
11986,ארגז אברהם צמיגי השלושה,מוסך מורשה,יהוד-מונוסון,דרך העצמאות 36,03-5364266,,22602205,2,תיקון והחלפת צמיגים | תיקון וכוון מתלים ברכב,ארגז אברהם | שוחמי יחזקאל
11987,ש.י. איטליאנו רכב 2014 בע מ,מוסך מורשה,פתח תקווה,אלכסנדר ינאי 25,053-7623383,,515109551,6,מכונאות רכב בנזין | מכונאות רכב דיזל | תיקון אחזקת רכב חשמלי/היברידי | תיקון מרכבי רכב | צבעות רכב | שירות תיקון למזגן אויר לרכב,דיין ויקטור | עבד אל האדי עאמ | עבד אל האדי עמא
11988,לי - גל אופנועים בע מ,מוסך רישוי לרכב חדש,תל אביב -יפו,המסגר 58,03-5189991,67214,514150572,3,תיקון אחזקת רכב חשמלי/היברידי | מכונאות אופנועים וקטנועים | רישום ורישוי לרכב חדש,ברדה אלי
11990,מ.ר. שינוע ומלגזות בע מ,מוסך מורשה,יבנה,הירקון 17 א.ת. צפוני ת.ד. 188,08-6105342,,511924540,2,אישור כשירות לצמ ה ומכונה ניידת | תיקון מלגזות הרמה,מילר דוד
11992,בסאם עאזם - מוסך התאומים,מוסך מורשה,טייבה,ת.ד. 4706  כביש 444,052-2806310,40400,59971580,2,מכונאות רכב בנזין | מכונאות רכב דיזל,אבישר רוני
11993,אדרי מרק - אוטו מרקו,מוסך מורשה,נתניה,האורג 10,09-7682050,,33141672,2,מכונאות רכב בנזין | מכונאות רכב דיזל,ושלר חיים
11994,נחום לבר מכון לאגזוזים השלושה,מוסך מורשה,חולון,המלאכה 23,03-5505513,,24167462,1,תיקון צנורות פליטה ודודי עמם,לבר נחום
11995,דלתא ראשון בע מ,מוסך מורשה,ראשון לציון,בן לולו 3,052-6677411,,511083636,6,מכונאות רכב בנזין | מכונאות רכב דיזל | תיקון אחזקת רכב חשמלי/היברידי | חשמלאות רכב | אוטוטק מרכבי רכב וצביעתם | שירות תיקון למזגן אויר לרכב,זיסו יוסף | זיסו יוסי | בן-חיים איתי
11996,חג'בי תמיר שרותי רכב,מוסך מורשה,קריית עקרון,עקרון 2000,08-9340144,,39974431,1,אוטוטק רכב קל,חגבי תמיר
11997,מוסך אס.אר סוהיל חאג' יחיא,מוסך מורשה,טייבה,ת.ד. 4507,050-4081754,40400,29946597,2,מכונאות רכב בנזין | מכונאות רכב דיזל,חאג יחיא סוהיל
11999,איליה אבדרחמנוב אלי שרותי רכב,מוסך מורשה,תל אביב -יפו,קיבוץ גלויות 73,054-7748837,,,2,מכונאות רכב בנזין | מכונאות רכב דיזל,שמואלוב יעקב
12001,כאפגה האני פנצ'ריית האחים,מוסך מורשה,קריית עקרון,חצר בילו סנטר,053-8007001,,43042837,1,תיקון והחלפת צמיגים,כפאגה האני
12004,א.ש.ה מוסך הגבעה בע מ,מוסך מורשה,גבעת חיים (איחוד),קיבוץ גבעת חיים,052-3284441,,517180030,1,טרקטורים ומכונות ניידות,ג'ומעה האני
12005,עיראקי פחחות צבע-אוסמה עיראקי,מוסך מורשה,טירה,ת.ד. 6003,050-7841151,44915,53050613,3,תיקון אחזקת רכב חשמלי/היברידי | תיקון מרכבי רכב | צבעות רכב,עיראקי מהדי | עיראקי מאהדי
12006,פ.ג. פחחות בע מ,מוסך מורשה,שילת,א.ת. שילת,08-9241111,73188,512895855,2,תיקון מרכבי רכב | צבעות רכב,שלאלדה חאזם
12007,דהן עמרם צמיגי עמי,מוסך מורשה,בת ים,אורט ישראל 52,03-6447704,,31874928,1,תיקון והחלפת צמיגים,עמרם דהן
12008,המוסך של אילן,מוסך מורשה,נתניה,השיש 19,054-2208182,42379,305446643,2,אוטוטק רכב קל | תיקון וכוון מתלים ברכב,יצחק שגב
12010,מולטי ריטייל גרופ בע מ,מוסך מורשה,קריית עקרון,מתחם בילו סנטר,03-9029696,,515546224,2,בדיקות-רכב )קניה ומכירה) | תיקון וכוון מתלים ברכב,מורדכייב דמיטרי
12011,ברווז מוטורס בע מ,מוסך מורשה,רחובות,המפוח 2,08-9464949,,514609981,2,מכונאות אופנועים וקטנועים | תיקון טרקטורונים,תמיר אהד
12013,מוסך אוטו טוב - חסונה מברוכ,מוסך מורשה,חולון,המלאכה 31,050-5485083,,59333062,2,מכונאות רכב בנזין | מכונאות רכב דיזל,חסונה מברוק
12014,י.ס.פ.הצוות בע מ,מוסך מורשה,חולון,הבנאי 27,03-5500257,,515762912,2,תיקון מרכבי רכב | צבעות רכב,פרג סולימני
12015,אהרון את אסד צמיגי אנטון,מוסך מורשה,חולון,האורגים 18,03-5595005,,22046510,1,תיקון והחלפת צמיגים,חנאניא אסד
12016,טוטלוס דוד שי זר בע מ,מוסך מורשה,תל אביב -יפו,ההגנה 3,03-6882179,,513927640,1,מכונאות אופנועים וקטנועים,זר דוד
12018,חכימי ניסן - צמיגי צמרת נתניה,מוסך מורשה,נתניה,הנגר 1 נתניה,050-2020626,,302664016,1,תיקון והחלפת צמיגים,חכימי ניסן
12019,נאסר רחיב פרונט רחיב,מוסך מורשה,טירה,ת.ד. 2523,054-5381100,44915,53049961,1,תיקון וכוון מתלים ברכב,נאסר רחיב
12020,סנטו ארז - מוסך טופ גיר,מוסך מורשה,טירה,ת.ד. 2856,054-4434580,44195,24385486,1,אוטוטק רכב קל,סנטו ארז
12021,משה את רחמים מוסך פחחות וצבע,מוסך מורשה,ראשון לציון,משה שרת 17 א.ת. חדש,03-9526188,,,2,תיקון מרכבי רכב | צבעות רכב,ג'הדי רחמים | משה מועלם
12022,פנצ'רייה - צומת גן יבנה,מוסך מורשה,גן יבנה,תחנת דלק דור אלון - גן יבנה,050-7363577,,37365426,1,אוטוטק תיקון והחלפת צמיגים,אלזבארקה מחמד
12023,מולטי ריטייל גרופ בע מ,מוסך מורשה,חולון,המרכבה 40,050-6375309,,515546224,1,תיקון והחלפת צמיגים,גואריס יצחק
12024,מוסך שלומי פרץ,מוסך מורשה,רחובות,היצירה 15 א.ת.,08-6326361,,38600151,2,מכונאות רכב בנזין | מכונאות רכב דיזל,יהושע יהושע
12026,איגל מלגזות ולוגיסטיקה בע מ,מוסך מורשה,שוהם,התאנה 8 חבל מודיעין,03-9090096,,514615897,2,אישור כשירות לצמ ה ומכונה ניידת | תיקון מלגזות הרמה,פור אורן
12027,לוי עמנואל - מוסך אל איי,מוסך מורשה,קלנסווה,כביש ראשי קלנסואה,052-2407077,40640,56052699,2,מכונאות רכב בנזין | מכונאות רכב דיזל,לוי עמנואל
12028,עמי גבריאל - אופנועים,מוסך מורשה,רמת גן,בן גוריון 16,054-5897709,,301311163,1,מכונאות אופנועים וקטנועים,עמי גבריאל
12029,שונשו שמואל צמיגי שונשו,מוסך מורשה,ראשון לציון,משה שרת 14,052-3216669,,,1,תיקון והחלפת צמיגים,שונשו שמואל
12030,גירים אמג'ד - עיסא אמג'ד,מוסך מורשה,כפר קאסם,ת.ד. 3436,050-8911267,48840,26621177,2,מכונאות רכב בנזין | מכונאות רכב דיזל,דלברי מנשה
12031,עזרא אורי - מוסך קורל,מוסך מורשה,העוגן,א.ת,052-4520265,42954,58063587,2,תיקון מרכבי רכב | צבעות רכב,קורל אורי | עזרא אורי
12032,נור צמיגי המוביל בע מ,מוסך מורשה,פתח תקווה,בר כוכבא 57,054-3342047,,517098844,1,תיקון והחלפת צמיגים,סלימן אלעיסאוי
12034,מ.מ.ס.י שרותי דרך וגרירה בע מ,מוסך מורשה,ראשון לציון,שנקר 13 )אקספרס מעיין שורק(,03-6153582,,514257278,3,מכונאות רכב בנזין | מכונאות רכב דיזל | תיקון אחזקת רכב חשמלי/היברידי,יודסין יורי | יורי יודסין
12035,אוטוארט בע מ,מוסך מורשה,ראשון לציון,אריה שנקר 13 מתחם מעיין שורק,054-5555350,,514816586,1,אוטוטק מרכבי רכב וצביעתם,דנינו אורי
12036,אלבר )י.מ.ת( החברה להפצת כלי רכב,מוסך רישוי לרכב חדש,ראשון לציון,אריה שנקר 13 מתחם מעיין שורק,054-9033373,,514216258,1,רישום ורישוי לרכב חדש,מלצר אמיר נחמ
12038,דלהום מוטורס בע מ,מוסך מורשה,טירה,ת.ד. 3028,09-7935849,44864,514256783,2,תיקון מרכבי רכב | צבעות רכב,אבו פני נהיאד | אבו פני נוהאד
12041,גד ביתן סוכנויות,מוסך מורשה,נתניה,הקדר 43,09-8800803,42012,43145499,4,מכונאות אופנועים וקטנועים | טרקטורים ומכונות ניידות | תיקון טרקטורונים | מוסך נייד לחילוץ ולתיקוני חירום,חבאז אסף | פישביין דני | פישבין דני
12043,מוסך בזק - שמעון משיח,מוסך מורשה,כפר סבא,היוצרים 10,052-8271906,,65172827,2,מכונאות רכב בנזין | מכונאות רכב דיזל,משיח שמעון
12044,א.ק. המעבדה בע מ,מוסך מורשה,חולון,הסתת 5,054-5834443,,514127125,1,בדיקת רכב לאחר תאונה,קישון עידן
12045,אשר עוזי רדיו התחנה,מוסך מורשה,רמת גן,זבוטינסקי 22,03-6737250,,24382996,1,שירות תיקון למזגן אויר לרכב,אשואל גולן
12046,קו-גול יוניטריד בע מ,מוסך מורשה,לוד,לב פסח 4 בתוך מתחם הרץ,050-2116604,,513911271,1,תיקון והחלפת צמיגים,מור חיים עמנואל
12049,אורן לסרי פחחות וצבע,מוסך מורשה,יבנה,עמל 1,054-4426553,,33022575,3,תיקון אחזקת רכב חשמלי/היברידי | תיקון מרכבי רכב | צבעות רכב,לסרי אורן
12050,אוטוארט )איי.אל.( בע מ,מוסך רישוי לרכב חדש,הרצלייה,משכית 25,09-7733888,46733,515027068,1,רישום ראשוני לרכב חדש,משולם אבי
12051,רדיאטורים י.ש. הנאמנים בע מ,מוסך מורשה,חולון,הסתת 20,03-5560195,,514361328,1,תיקון רדיאטורים )מצננים),הלר ישראל
12052,מכון דיזל גן יבנה בע מ,מוסך מורשה,גן יבנה,תחנת דלק דור אלון גן יבנה,08-9245360,,517253340,1,תיקון משאבות ומתזים לדיזל,מנשה רונן
12053,מוסך מגדי - צרצור מגדי,מוסך מורשה,כפר קאסם,ת.ד. 689,053-7430423,48810,300038460,2,מכונאות רכב בנזין | מכונאות רכב דיזל,מחוזאי צבי
12054,הפודיום אופנועים בע מ,מוסך מורשה,חולון,הבנאי 19,03-6483836,,516028578,1,מכונאות אופנועים וקטנועים,עזרא שחר
12056,שי מחדון מוטור ספורט,מוסך מורשה,רחובות,היצירה 2 רחובות,08-9361885,,35871789,2,מכונאות אופנועים וקטנועים | תיקון טרקטורונים,שי מחדון
12057,מוסך ויטלי בבנסקי,מוסך מורשה,תל אביב -יפו,הנציב 19,052-6918380,,320495070,3,מכונאות רכב בנזין | מכונאות רכב דיזל | תיקון אחזקת רכב חשמלי/היברידי,צציק ציון | ויטלי בבנסקי
12059,אוטוויק מודיעין יונדאי מיצובישי,מוסך מורשה,מודיעין-מכבים-רעות*,המכונאי 17,08-6775050,,515063246,5,מכונאות רכב בנזין | מכונאות רכב דיזל | תיקון אחזקת רכב חשמלי/היברידי | חשמלאות רכב | שירות תיקון למזגן אויר לרכב,אסולין ויקטור
12061,משה קדוש צמיגי הפלד,מוסך מורשה,חולון,הפלד 15,03-5033353,,24150567,1,תיקון והחלפת צמיגים,קדוש משה
12065,צדוק חיליק אופנועים,מוסך מורשה,פתח תקווה,ת.ד. 3012 זבוטינסקי 100,054-7448556,,34216218,1,אוטוטק אופנועים/קטונעים/טרקטרונים,צדוק יחיאל
12066,קומפיוטסט הנדסת ציוד לרכב בע מ,מוסך מורשה,ראשון לציון,שנקר 13 )מתחם אלבר(,050-5522000,,511112120,1,בדיקות-רכב )קניה ומכירה),לסקר סלומון
12068,עטיה שירותי רכב בע מ,מוסך מורשה,פתח תקווה,מרכוס 54,052-8501520,,517070157,1,תיקון מרכבי רכב,עטיה יהודה
12070,מוטורקלאס בע מ,מוסך מורשה,נתניה,שכטרמן 15,052-5225797,,517166112,2,מכונאות רכב בנזין | מכונאות רכב דיזל,עבד אל קאדר אלי
12071,גארפילד מוטורס בע מ,מוסך מורשה,ראשון לציון,הרב רפפורט 3,054-2007774,,517005054,2,מכונאות רכב בנזין | מכונאות רכב דיזל,דגן יעקב
12072,מוסך התכלת שרון עמר,מוסך מורשה,כפר סבא,המסגר 1,052-2685313,,29434230,2,מכונאות רכב בנזין | מכונאות רכב דיזל,עמר שרון
12073,צמיג ותקר - נורווינד רן,מוסך מורשה,תל אביב -יפו,בית אלפא 4,052-7890139,,29490448,1,תיקון והחלפת צמיגים,נורווינד רן
12075,קשר רנט א-קאר בע מ,מוסך מורשה,פתח תקווה,היצירה 21,054-3999414,,520039876,2,אוטוטק רכב קל | תיקון אחזקת רכב חשמלי/היברידי,חכם יאיר
12077,צ'מפיון מוטורס בע מ,מוסך מורשה,ראשון לציון,המדע 1 )מעיין שורק(,053-7629463,,513973255,8,מכונאות רכב בנזין | מכונאות רכב דיזל | תיקון אחזקת רכב חשמלי/היברידי | חשמלאות רכב | תיקון מרכבי רכב | צבעות רכב | תיקון והחלפת צמיגים | שירות תיקון למזגן אויר לרכב,שלו דוד | מורגנבסר יצחק | אברמצ'ייב גבריא | ימין אלעזר | כחלון יונתן
12079,מוסך הטכניון למחקר ופיתוח בע מ,מוסך מורשה,חולון,הבנאי 26 מתחם פרונט ארביב,052-3494275,,510097918,1,בדיקת רכב לאחר תאונה,אזרי ניר נורי
12080,מוסך דיזל עבד דעסאן,מוסך מורשה,טייבה,ת.ד. 3775,053-2216479,40400,26307397,3,מכונאות רכב בנזין | מכונאות רכב דיזל | מכונאות דיזל משאיות ואוטובוסים,עבד אלרחמן
12081,נאסר אחמד - מוסך קיקאן,מוסך מורשה,טירה,ת.ד. 776 ליד מוסך איטליה,054-4938353,44915,55795611,1,תיקון מרכבי רכב,נאסר אחמד
12082,מוסך חלה - יוסף נאשף,מוסך מורשה,קלנסווה,כביש ראשי,052-4434621,,34569145,1,תיקון מרכבי רכב,נאשף יוסף
12086,חיים שעיה א.א. שרותי רכב,מוסך מורשה,קריית עקרון,סנט ג'ורג' 11,08-6781661,,200703403,4,מכונאות רכב בנזין | מכונאות רכב דיזל | תיקון מרכבי רכב | צבעות רכב,חבש חנא | חנא חבש | בוכניק משה | אברמוב אורן
12087,מרכז שרות גילון י.מ. בע מ,מוסך מורשה,ראשון לציון,הכשרת הישוב 17,03-7353030,,515067270,4,אוטוטק רכב קל | תיקון אחזקת רכב חשמלי/היברידי | תיקון מרכבי רכב | צבעות רכב,כחלון שחר | עבו אלי | אבו ריזק פרג'
12089,מוסך דעאס פאדי,מוסך מורשה,טירה,ת.ד. 7043 ליד אופנועי טיפ טופ,050-5200025,44915,42340984,2,מכונאות רכב בנזין | מכונאות רכב דיזל,דאעס פאדי
12090,גת דורון - מוסך דורונס,מוסך מורשה,פורת,הראשונים משק 84,052-5741062,45820,33581489,2,חשמלאות רכב | שירות תיקון למזגן אויר לרכב,לביאן אבי
12091,סרסור נור - מוסך האור,מוסך מורשה,כפר קאסם,ת.ד. 933 רחוב חאמזה,050-6702692,48810,33152760,2,מכונאות רכב בנזין | מכונאות רכב דיזל,רמדאן נור
12092,מוסך 554 נאסר ראמז ושותפיו,מוסך מורשה,טירה,ת.ד. 1539 מאחורי אחים חסקאיה,052-8830309,44915,33582610,2,מכונאות רכב בנזין | מכונאות רכב דיזל,סלאמה מחמוד
12093,רפאל אלבז חשמל רכב,מוסך מורשה,שילת,א.ת.,052-2341131,,53955415,1,חשמלאות רכב,אלבז רפאל
12094,בלמי רחובות 1989 בע מ,מוסך מורשה,רחובות,משה יתום 28,08-9464301,,511430357,1,רפידות ותופי בלם,גדליה יעקב
12095,אלחנן אלחרר - א.א שרותי רכב,מוסך מורשה,שילת,אזור תעשיה,053-3067002,,200932895,2,מכונאות רכב בנזין | מכונאות רכב דיזל,סנדור דוד
12098,מוסך הפיסגה בע מ,מוסך מורשה,חולון,האורגים 5,00-5591193,,513619767,2,מכונאות רכב בנזין | מכונאות רכב דיזל,פרחי מרדכי
12100,אקסטרים סחר ושיווק אופנועים 2002,מוסך מורשה,נתניה,פנקס 5,050-4300430,,513253252,2,מכונאות אופנועים וקטנועים | תיקון טרקטורונים,סתיו רפי
12102,תומר אלגבי - צבעות רכב,מוסך מורשה,פתח תקווה,בן ציון גליס 47,050-2577460,,302987136,1,צבעות רכב,אביטן אברהם
12105,מונדר שיך יוסף - צמיגי האחים,מוסך מורשה,טייבה,ת.ד. 4245,052-8832386,40400,27536341,1,תיקון והחלפת צמיגים,שיך יוסף מונדר
12108,קמק מרכז שרות לרכב בע מ,מוסך מורשה,הרצלייה,נתיבות 7,09-8323687,,515236743,4,מכונאות רכב בנזין | מכונאות רכב דיזל | תיקון אחזקת רכב חשמלי/היברידי | אוטוטק מרכבי רכב וצביעתם,קמק יחזקאל | קטאב שאדי
12110,לאופק - תיירות טבע בע מ,מוסך רישוי לרכב חדש,פתח תקווה,דנמרק 6,03-7443344,49512,514699040,1,רישום ראשוני לרכב חדש,אסף אפריים
12112,לירון זוהר מוסך החיל,מוסך מורשה,פתח תקווה,ת.ד. 3167 בזל 13,052-4611179,,27308774,2,מכונאות רכב בנזין | מכונאות רכב דיזל,אנקונה ליאור
12113,תומר קידר מוסך תומר ריידר,מוסך מורשה,פתח תקווה,צבי ברגמן 13,03-9305504,,31849177,2,מכונאות אופנועים וקטנועים | תיקון טרקטורונים,תומר קידר
12114,אלעוברה יוסף מוסך שרותי רכב טוב,מוסך מורשה,רמלה,קלאוזנר 11,054-6683468,,302525605,2,מכונאות רכב בנזין | מכונאות רכב דיזל,אל מוגרבי עמר
12115,מוסך הירקון שמשון משה בע מ,מוסך מורשה,פתח תקווה,מודיעין 8,050-5297485,,515629038,2,תיקון מרכבי רכב | צבעות רכב,סבג יהושע | משה שמשון
12117,מולטי ריטייל גרופ בע מ,מוסך מורשה,תל אביב -יפו,יגאל אלון 59,03-6225907,,515546224,1,תיקון והחלפת צמיגים,שלבאיה מוחמד
12118,פיגנבלט אריה מוסך א.א. יהב,מוסך מורשה,רחובות,"מוטיקינד, ת.ד. 1335",052-7028450,,22587489,2,מכונאות רכב בנזין | מכונאות רכב דיזל,פיגנבלט אריה
12119,ש.ח. מרכז שרות ארצי בע מ,מוסך מורשה,פתח תקווה,יגיע כפיים 20,03-9222307,,514736248,9,מכונאות רכב בנזין | מכונאות רכב דיזל | תיקון אחזקת רכב חשמלי/היברידי | חשמלאות רכב | תיקון מרכבי רכב | צבעות רכב | תיקון והחלפת צמיגים | מכונאות אופנועים וקטנועים | שירות תיקון למזגן אויר לרכב,ינקלזון ויקטור | שמוליק מרקנז | מרקיזנו שמואל | רוסו שלמה | רוסו צחי  יצחק | פרץ משה | עלי אמיר
12121,הסדנא בית האומנים לאופנועים בע מ,מוסך מורשה,תל אביב -יפו,המנור 8,053-8056056,,516865276,2,מכונאות אופנועים וקטנועים | תיקון טרקטורונים,נחושתן ינאי
12124,אלעד פחחות וצבע בע מ,מוסך מורשה,חולון,הלהב 2 )קומה (2,03-5505065,,515351815,2,תיקון מרכבי רכב | צבעות רכב,גרינברג יוסף
12125,השחר מוטורס 2000 בע מ,מוסך מורשה,חולון,המלאכה 59,03-5504501,,513034132,5,מכונאות רכב בנזין | מכונאות רכב דיזל | תיקון אחזקת רכב חשמלי/היברידי | חשמלאות רכב | שירות תיקון למזגן אויר לרכב,עבו זאב | זדה אילן
12126,נאור הראל מוסך רינגו,מוסך מורשה,קריית עקרון,בעלי המלאכה 4,052-2777353,,308551308,2,מכונאות רכב בנזין | מכונאות רכב דיזל,עמר ארמנד
12128,אקעיק סאמח - מוסך דיזל ס.א.,מוסך מורשה,טירה,א.ת. טירה,052-8401350,,58169038,3,מכונאות רכב בנזין | מכונאות רכב דיזל | מכונאות דיזל משאיות ואוטובוסים,אקעיק סאמח
12130,צמיגי בראנסי - בהנהלת איברהים,מוסך מורשה,טייבה,ת.ד. 4399,052-4424982,40400,36345817,1,תיקון והחלפת צמיגים,בראנסי איברהים
12131,עבדאלגני עזאם רחיצה וצמיגים,מוסך מורשה,טייבה,ת.ד. 393,052-5925807,40400,40672370,1,תיקון והחלפת צמיגים,עמאד מנצור
12134,וליד מזגנים בע מ,מוסך מורשה,כפר קאסם,אזור תעשיה צפוני,053-8277313,,512719048,1,שירות תיקון למזגן אויר לרכב,מנצור מהנד
12135,מוסך בצלאל מחדון,מוסך מורשה,רחובות,היצירה 7,08-9474357,,54708284,2,מכונאות רכב בנזין | מכונאות רכב דיזל,אלי לולו
12136,קבוצת שגריר שרותי רכב בע מ,מוסך מורשה,פתח תקווה,צבי ברגמן 6,073-2288257,,515158665,3,תיקון אחזקת רכב חשמלי/היברידי | תיקון מרכבי רכב | צבעות רכב,בלעום חמזה
12137,טיב חלק א.א בהנהלת אבי ואלי,מוסך מורשה,רמת השרון,המסגר 7 א.ת נוה מגן,03-5401848,,557183480,1,שירות תיקון למזגן אויר לרכב,אברהם אהרוני
12139,מתאני זאהר חשמל רכב,מוסך מורשה,קלנסווה,ת.ד. 5833 כביש ראשי,054-7888512,40640,33151739,4,מכונאות רכב בנזין | מכונאות רכב דיזל | חשמלאות רכב | שירות תיקון למזגן אויר לרכב,מתאני צאדק | מתאני זאהר
12140,חשמל ומיזוג לרכב תיק תק עיסא,מוסך מורשה,כפר קאסם,ת.ד 2057,053-5792754,48810,36805877,2,חשמלאות רכב | שירות תיקון למזגן אויר לרכב,גנם אלון
12141,איתן את יוסי מוסך קוסמטיקאר,מוסך מורשה,רחובות,קלמן גבריאלוב 5,052-2526446,,28121929,1,תיקון מרכבי רכב,חגאי איתן
12142,דיזל דרומית ש. למערכות דיזל בע מ,מוסך מורשה,כנות,"אדום 21, א.ת. כנות",08-8587019,,513690537,2,מכונאות רכב דיזל | תיקון משאבות ומתזים לדיזל,פונגר ארז
12143,קסם של צבעים יבוא ושיווק בע מ,מוסך מורשה,כפר קאסם,ת.ד. 2827,03-9072284,48810,514876051,2,תיקון מרכבי רכב | צבעות רכב,בלעום מהלה
12145,נבדקי רכב בדיקות ממוחשבות בע מ,מוסך מורשה,ראשון לציון,שלנג 5 ראשון לציון,052-6964242,,515217677,2,בדיקות-רכב )קניה ומכירה) | תיקון וכוון מתלים ברכב,נתשה סנאן
12149,אודיוה ארט - דוד אלכסנדרוב,מוסך מורשה,נתניה,שכטרמן 26,054-9119223,,318148707,2,תיקון מרכבי רכב | צבעות רכב,אלכסנדרוב דוד
12150,זוקי לנד - ליאור דנטס,מוסך מורשה,נתניה,יד חרוצים 26,050-3303630,,36350585,2,מכונאות רכב בנזין | מכונאות רכב דיזל,אשוש רוני
12151,מוטו טאצ - דקר מזרחי,מוסך מורשה,תל אביב -יפו,תושיה 18,050-7226637,67218,21381587,1,אוטוטק אופנועים/קטונעים/טרקטרונים,מזרחי דקר
12153,שגריר שרותי רכב בע מ,מוסך מורשה,נתניה,יד חרוצים 8,054-6775065,42505,515158665,3,תיקון אחזקת רכב חשמלי/היברידי | תיקון מרכבי רכב | צבעות רכב,שיך יוסף מוחמד
12155,מוסך גאלב חביב מצראוה,מוסך מורשה,טייבה,א.ת,053-4423207,40400,58960980,2,מכונאות רכב בנזין | מכונאות רכב דיזל,מצארוה גאלב | מצרואה גאלב
12156,מוסך מרצדס תקי ובניו - גבארה תקי,מוסך מורשה,טייבה,א.ת ת.ד. 8327,050-6440073,40400,23372915,5,מכונאות רכב בנזין | מכונאות רכב דיזל | חשמלאות רכב | אוטוטק מרכבי רכב וצביעתם | שירות תיקון למזגן אויר לרכב,גבארה סאמר | בשארה אחמד
12157,מוסך גיר קאר - עלי איברהים,מוסך מורשה,כפר קאסם,ת.ד. 3503 כביש השוק,050-6923649,48810,40706384,2,מכונאות רכב בנזין | מכונאות רכב דיזל,יעקב תמיר
12158,טייר סנטר רשת צמיגים בע מ,מוסך מורשה,נחשונים,האירוס פינת סיתוונית,03-9730746,,514583558,1,תיקון והחלפת צמיגים,אלוהאב מרק
12159,מוסך ארסן פחחות וצבע,מוסך מורשה,רחובות,משה יתום 32,08-8535122,76352,311851687,4,מכונאות רכב בנזין | מכונאות רכב דיזל | תיקון מרכבי רכב | צבעות רכב,אורלובסקי | אורלובסקי ירון | קופמן ארסן
12160,פח גל פחחות 1993 בע מ,מוסך מורשה,נתניה,אורט 19 ת.ד 13236,09-8619147,,511771974,2,תיקון מרכבי רכב | צבעות רכב,עוידה נשאת
12161,מוטו איקס-בני שקורי מאור כהן,מוסך מורשה,כפר סבא,דרך המוביל 3,052-8626862,44920,302565940,1,תיקון טרקטורונים,שדה יעקב
12162,גיל מלווין - מוסך לאופנועים,מוסך מורשה,תל אביב -יפו,הרצל 123,03-5082266,,13319827,1,מכונאות אופנועים וקטנועים,מלווין גיל
12163,גיורא כהן מוסך  שרותים כללי,מוסך מורשה,תל אביב -יפו,היתד 6,054-6679040,,11036241,3,מכונאות רכב בנזין | מכונאות רכב דיזל | תיקון אחזקת רכב חשמלי/היברידי,כהן גיורא
12164,מכוניות אור-דן בע מ,מוסך מורשה,גנות,האשל 14,053-7267821,,511362550,2,מכונאות רכב בנזין | מכונאות רכב דיזל,סינגל צבי
12165,מרצדס די.אן.איי. בע מ,מוסך מורשה,תל אביב -יפו,חומה ומגדל 29,03-5152900,,514002161,4,מכונאות רכב בנזין | מכונאות רכב דיזל | חשמלאות רכב | שירות תיקון למזגן אויר לרכב,עקיבא אמנון שא
12167,מוסכי סעדון-סעדון הקטור וסדריק,מוסך מורשה,נתניה,הרכב 13,054-3901832,,337914543,4,מכונאות רכב בנזין | מכונאות רכב דיזל | תיקון מרכבי רכב | צבעות רכב,אומנסקי אלכסנדר
12168,הסדנה בית לאוטובוסים בע מ,מוסך מורשה,טייבה,ת.ד. 503,052-8424344,40640,516766177,5,מכונאות רכב בנזין | מכונאות רכב דיזל | מכונאות דיזל משאיות ואוטובוסים | תיקון מרכבי רכב | צבעות רכב,דקה חוסני | עאזם מרואן
12169,מוסך ע.ג.ג. - ג'עפר ג'ומעה,מוסך מורשה,טייבה,ת.ד. 1834 ליד המסגד,053-5290528,40400,43187251,2,מכונאות רכב בנזין | מכונאות רכב דיזל,שייח יוסף אמגד
12171,אבניר חברה לרכב בע מ,מוסך מורשה,מודיעין-מכבים-רעות*,המכונאי 9,058-7828282,,510979388,7,מכונאות רכב בנזין | מכונאות רכב דיזל | תיקון אחזקת רכב חשמלי/היברידי | חשמלאות רכב | תיקון והחלפת צמיגים | תיקון טרקטורונים | שירות תיקון למזגן אויר לרכב,חגבי רחמים | ילאה דן | ילאה דן מירצאה | מחלוף רועי | רועי מחלוף
12172,מוסך נאטור לואי,מוסך מורשה,קלנסווה,ת.ד. 1327,052-8470221,,28306033,2,מכונאות רכב בנזין | מכונאות רכב דיזל,נאוטר לואי | נאטור לואי
12173,כרים הובלות ופנצריה - גאבר סלים,מוסך מורשה,טייבה,ת.ד. 2388,052-4797706,40460,27588151,1,תיקון והחלפת צמיגים,גבאלי אחמד
12174,ס.י.ג שרותי רכב בע מ,מוסך מורשה,פתח תקווה,רובינזון 12 פתח תקוה,050-7686121,,516787470,2,תיקון מרכבי רכב | צבעות רכב,פנחס ציון | גלאם אהרן
12178,אורכיד ספורטס קארס בע מ,מוסך רישוי לרכב חדש,הוד השרון,המכונאי 6,052-2643259,,515234144,9,מכונאות רכב בנזין | מכונאות רכב דיזל | תיקון אחזקת רכב חשמלי/היברידי | חשמלאות רכב | תיקון מרכבי רכב | צבעות רכב | תיקון והחלפת צמיגים | רישום ורישוי לרכב חדש | שירות תיקון למזגן אויר לרכב,פרידלר טל | קולובוב אנדריי | רבינוביץ רועי | בוארון שבתאי | טל פרידלר
12179,אופרוד בע מ,מוסך מורשה,תל אביב -יפו,דרך בן צבי 98,03-5184774,,516492568,3,מכונאות אופנועים וקטנועים | טרקטורים ומכונות ניידות | תיקון טרקטורונים,תימור עופר
12182,מכשירי תנועה ומכוניות 2004 בע מ,מוסך מורשה,תל אביב -יפו,גולומב 50,03-5622604,66171,513619601,3,מכונאות רכב בנזין | מכונאות רכב דיזל | תיקון אחזקת רכב חשמלי/היברידי,נמר מרדכי
12183,יוסף דאי-דר לליפוף חשמל אופנועים,מוסך מורשה,תל אביב -יפו,הקונגרס 60,03-6872084,,8816993,1,מכונאות אופנועים וקטנועים,צרפתי משה
12184,מוסך יעקוב - עאמר יעקוב רדאא,מוסך מורשה,כפר קאסם,ת.ד. 1293,050-7567441,48810,27586569,2,מכונאות רכב בנזין | מכונאות רכב דיזל,עאמר יעקוב
12185,מוסך אמיר בן ניסן בע מ,מוסך מורשה,גן יבנה,המנור 7 גן יבנה,06-30094607,,516326063,2,אוטוטק רכב קל | תיקון אחזקת רכב חשמלי/היברידי,בן ניסן אמיר
12186,טכנוסייקל - איציק יצחקי,מוסך מורשה,הרצלייה,החרמש 3,052-8038212,46498,300651031,1,מכונאות אופנועים וקטנועים,יצחקי איציק
12187,מוסך אבו חוסני-מתאני מוחמד,מוסך מורשה,קלנסווה,ת.ד. 3205,050-8633663,40640,34934182,2,מכונאות רכב בנזין | מכונאות רכב דיזל,מתאני מוחמד
12188,גאבר פאדי - פחחות וצבע כושי,מוסך מורשה,טירה,כביש ראשי בכיכר,052-6544522,40400,39833389,1,תיקון מרכבי רכב,גאבר פאדי
12193,א.א.ל מודיעין מרכז שרות לרכב בעמ,מוסך מורשה,מודיעין-מכבים-רעות*,המכונאי 19,050-5301182,,515283828,2,תיקון מרכבי רכב | צבעות רכב,אסולין אלון
12195,מוסך נועם חזם,מוסך מורשה,כפר סבא,החרושת 3,050-9244272,,65920209,2,מכונאות רכב בנזין | מכונאות רכב דיזל,נועם חזם
12197,אוטודוקס (2000) בע מ,מוסך מורשה,תל אביב -יפו,אחים מסלויטה 6,054-7800078,67910,513059329,2,תיקון מרכבי רכב | צבעות רכב,אלנקיב עבד אלרח
12198,מוסך נאשד תילאוי,מוסך מורשה,קלנסווה,כיכר ראשונה מימין,052-3845309,40640,29807831,2,מכונאות רכב בנזין | מכונאות רכב דיזל,תילאוי נאשד
12199,ע.ח החרוצים בע מ,מוסך מורשה,רחובות,החרוצים 1 רחובות,052-8024404,,516684701,5,מכונאות רכב בנזין | מכונאות רכב דיזל | תיקון אחזקת רכב חשמלי/היברידי | צבעות רכב | תיקון מלגזות הרמה,צברי עידן | דרעי יצחק
12200,מ.ע.רישוי רכב מודיעין בע מ,מכון רישוי,מודיעין-מכבים-רעות*,המכונאי 31,08-6642222,,514796127,5,בדיקות עשן ברכב דיזל | בדיקות-רכב )קניה ומכירה) | מכון רישוי-פתוח לשרות הציבור | תיקון וכוון מתלים ברכב | בדיקת רכב לאחר תאונה,בן משה דורון | גלנצר יניב | יניב גלנצר
12201,חשמל חכים בחאש,מוסך מורשה,קלנסווה,ת.ד. 5392 כביש ראשי,053-7725584,,58961897,1,אוטוטק רכב קל,בחאש מחמוד
12202,מוסך לודן בהנהלת איתן ויוסי,מוסך מורשה,תל אביב -יפו,בית אלפא 2,050-6687445,,58445099,2,מכונאות רכב בנזין | מכונאות רכב דיזל,מדחיאן יוסי
12204,סס טופ צמיגים בע מ,מוסך מורשה,תנובות,תלמים 1,052-5706681,38828,516942406,1,תיקון והחלפת צמיגים,עומר אמיר
12205,באבא בדר  אחים באבא פחחות וצבע,מוסך מורשה,לוד,הצורפים 16 א.ת צפוני לוד,053-2221515,,313900227,2,תיקון מרכבי רכב | צבעות רכב,באבא בדר
12206,יניב לוי צמיגים בע מ,מוסך מורשה,מודיעין-מכבים-רעות*,המכונאי 13,08-9155924,,514058478,1,תיקון והחלפת צמיגים,לוי יניב
12209,מוסך חן חנניה עמרם בע מ,מוסך מורשה,ראש העין.,העבודה 21,03-5564422,,515882504,3,תיקון אחזקת רכב חשמלי/היברידי | תיקון מרכבי רכב | צבעות רכב,נאשף חוסם
12210,זאב דיין שרותי בלמים בת ים בע מ,מוסך מורשה,בת ים,אהוד קינמון 24,03-5528887,,513178012,2,מכונאות רכב בנזין | רפידות ותופי בלם,אבידר ניסים
12211,פרח גריאס מרכז שרות רכב,מוסך מורשה,תל אביב -יפו,שרירא גאון 30,054-5929173,,36418796,2,מכונאות רכב בנזין | מכונאות רכב דיזל,פרח גריאס
12212,מרכז יוגב לפחחות וצבע,מוסך מורשה,חולון,האופן 12,050-8443330,,318778446,1,אוטוטק מרכבי רכב וצביעתם +מסגרות,שעאר  מחמוד
12213,עמרה אלי מוסך מיטב,מוסך מורשה,קריית עקרון,ש.ד יצחק רבין 29,08-9418199,,59296293,2,חשמלאות רכב | שירות תיקון למזגן אויר לרכב,הרשקוביץ לוי
12215,צמיגי יהודה דהרי,מוסך מורשה,ראש העין.,העבודה  21,03-9389574,,52221272,1,תיקון והחלפת צמיגים,יהודה דהרי
12217,אוטו פוינט בע מ,מוסך רישוי לרכב חדש,פתח תקווה,זבוטינסקי 82,03-9192100,,515174852,1,רישום ורישוי לרכב חדש,מסטר סטניסלב
12218,מוסך תאיה ומסחר בע מ,מוסך מורשה,קלנסווה,ת.ד. 1995 קלנסואה,053-5416277,40640,516187192,2,מכונאות רכב בנזין | מכונאות רכב דיזל,רעד רמי
12219,מאיר מרכזי שירות שותפות מוגבלת,מוסך מורשה,רמלה,סיקסק 1,077-8961202,,550278154,7,מכונאות רכב בנזין | מכונאות רכב דיזל | מכונאות דיזל משאיות ואוטובוסים | תיקון אחזקת רכב חשמלי/היברידי | חשמלאות רכב | תחזוקה ובדיקת מערכת כיבוי אש באוטו' | מוסך נייד לחילוץ ולתיקוני חירום,יוכטר איגור
12220,שמואל פאלח שירותי רכב בע מ,מוסך מורשה,פתח תקווה,העמל 58 ת.ד 3741,03-7523293,,515991750,2,תיקון מרכבי רכב | צבעות רכב,פלאח יצחק
12221,בשארה אחמד-דרים קאר,מוסך מורשה,טירה,אלקודס 41 טירה,050-5400050,44915,29800661,2,מכונאות רכב בנזין | מכונאות רכב דיזל,בשארה אחמד
12222,מרעי שאהר - דארין קארז,מוסך מורשה,טייבה,ת.ד. 3363,053-3378761,40400,26307140,1,צבעות רכב,עאזם מרואן
12223,אופנועי בת ים בהנהלת אבי,מוסך מורשה,בת ים,אהוד קנמון 3 ת.ד. 9052,052-6542213,,40213324,1,מכונאות אופנועים וקטנועים,בלאיש משה
12229,מיכאל חיסקייב צמיגי גיורא,מוסך מורשה,אור יהודה,היוזמים 13 אור יהודה,052-3861888,,306334228,1,תיקון והחלפת צמיגים,חיזקיהו אביחי
12231,יוסי מאיר מוסך אופנועים,מוסך מורשה,פתח תקווה,הרכב 10 פתח תקוה,050-6409956,,33145772,1,מכונאות אופנועים וקטנועים,מאיר הרצל
12232,סנדורי אומן בע מ,מוסך מורשה,חולון,הסדנא 23 חולון,03-6836314,,513286690,2,תיקון מרכבי רכב | צבעות רכב,סנדורי אלי
12233,פדילה מחמוד-אלקטרו מגנט,מוסך מורשה,טירה,ת.ד. 2123 רח 24,054-6244740,,43194810,1,חשמלאות רכב,פדילה מחמוד
12234,מלך המזגנים בע מ,מוסך מורשה,כפר קאסם,א.ת בתוך מוסך ארגמן,052-4762762,48810,515955623,2,תחזוקה ובדיקת מערכת כיבוי אש באוטו' | שירות תיקון למזגן אויר לרכב,אבו סאלח ווליד | אבו סאלח וליד
12237,קומאנד קאר פחחות וצבע בע מ,מוסך מורשה,תל אביב -יפו,בן צבי 38,054-8143922,,516126042,3,תיקון אחזקת רכב חשמלי/היברידי | תיקון מרכבי רכב | צבעות רכב,דכה חסן
12238,מוסך קאר -זון,מוסך מורשה,יהוד-מונוסון,התעשייה 28 יהוד,03-7166050,,27451236,3,מכונאות רכב בנזין | מכונאות רכב דיזל | תיקון אחזקת רכב חשמלי/היברידי,בן שושן יוסי
12239,מ.נ מערכות לתחבורה ותעשיה בע מ,מוסך רישוי לרכב חדש,עמק חפר,המזח 10,04-6220111,38777,511123515,1,רישום ראשוני לרכב חדש,נהב מיכאל
12242,ליאור מור - דיגיטל,מוסך מורשה,נתניה,פנקס 2,054-4886570,42377,40918898,1,חשמלאות רכב,גנאימה אחמד
12243,כהן יוסף מרכז הנגררים,מוסך רישוי לרכב חדש,בית עובד,מושב בית עובד,08-9408020,76800,56594591,1,רישום ראשוני לרכב חדש,פלד דוד
12247,גרורי אמון ווי גרירה ונגררים בע,מוסך רישוי לטרקטורים ורכב חדש,,ת.ד. 1375,050-5940175,44915,515369924,6,מוסך רישוי לציוד חקלאי | אישור כשירות לצמ ה ומכונה ניידת | רישום ורישוי לרכב חדש | טרקטורים ומכונות ניידות | תיקון טרקטורונים | תיקון מלגזות הרמה,לויט גיא
12250,מוסך רביע-סלאמה כמאל,מוסך מורשה,קלנסווה,ת.ד. 1227 מאחורי יורופ,052-4797323,40640,40668493,2,תיקון מרכבי רכב | צבעות רכב,סלאמה כמאל | סלאמה כאמל
12251,נגררי השרון בע מ,מוסך רישוי לרכב חדש,נתניה,אריה רגב 13,050-5308835,52364,513001206,1,רישום ראשוני לרכב חדש,יזדי עמי
12254,אדיר בייקס - אדיר כהן,מוסך מורשה,תל אביב -יפו,יצחק שדה 25,054-7587408,,311398283,1,מכונאות אופנועים וקטנועים,סער יאיר
12255,פיקס קאר - עידו מליק,מוסך מורשה,כפר קאסם,גוש 8868 חלקה 90,050-2362580,48810,301539805,3,מכונאות רכב בנזין | מכונאות רכב דיזל | תיקון אחזקת רכב חשמלי/היברידי,מליק עידו
12256,המדביק השרון בע מ,מוסך מורשה,רעננה,העמל 34 רעננה,052-6474010,,512504473,1,רפידות ותופי בלם,גולדשטיין בועז
12257,אוריה כרמלי אחזקות בע מ,מוסך מורשה,פתח תקווה,נחשון 17 פתח תקווה,03-9191698,,513971473,1,מכונאות אופנועים וקטנועים,כרמלי אוריה
12258,עאסי עבדול כרים-מוסך 10,מוסך מורשה,כפר קאסם,כביש ראשי,054-6884376,45863,302695713,2,תיקון מרכבי רכב | צבעות רכב,אליאסי חביב
12260,חיים וקנין שרותי רכב בע מ,מוסך מורשה,חולון,דרך השבעה 8 חולון,050-4720010,,514096874,1,תיקון והחלפת צמיגים,וקנין חיים
12262,שרותי רכב אלי בו מרגי,מוסך מורשה,נס ציונה,האיזמל 3,052-6348656,,22476436,2,מכונאות רכב בנזין | מכונאות רכב דיזל,אבקסיס מרדכי
12263,אבקו - כהן אביתר,מוסך מורשה,נתניה,הכדר 45,050-8694407,42012,33800400,2,מכונאות אופנועים וקטנועים | תיקון טרקטורונים,אביתר כהן
12264,פרץ יעקב פחחות וצבע לרכב,מוסך מורשה,נתניה,הכדר 51,09-8841376,42377,54926365,2,תיקון מרכבי רכב | צבעות רכב,פרץ יעקב
12265,מוסך ראמי - סלאמה ראמי,מוסך מורשה,קלנסווה,ת.ד. 1493,054-3125429,40640,200740959,2,מכונאות רכב בנזין | מכונאות רכב דיזל,סלאמה עבד אל כ
12267,מתכת בן עזר בע מ,מוסך רישוי לרכב חדש,נתניה,שכטרמן 25,09-8822904,42371,510973605,2,רישום ראשוני לרכב חדש | רישום ורישוי לרכב חדש,בן עזר עמית | גנאיים מוחמד
12268,סולי את עמי מכונאות כללית,מוסך מורשה,רחובות,היצירה 7,052-7220337,,36542124,2,מכונאות רכב בנזין | מכונאות רכב דיזל,ווזה דוד
12270,ליעד נגר  מוסך ג ספורט,מוסך מורשה,פתח תקווה,מרכוס 24,052-2309141,,206348849,2,מכונאות רכב בנזין | מכונאות רכב דיזל,עובדיה  יעקב | עובדיה יעקב
12271,ישראמטל בע מ,מוסך רישוי לרכב חדש,אריאל,יסמין 27,054-4888084,44426,511031551,1,רישום ראשוני לרכב חדש,פייבל אסף
12272,א.רכב רחובות בע מ,מוסך מורשה,רחובות,נחושתן 12/15,054-2613088,,515477784,5,אוטוטק רכב קל | תיקון אחזקת רכב חשמלי/היברידי | מוסך  מומחה | תיקון מרכבי רכב | צבעות רכב,רז דור | אלעד מורדכי
12274,חשמל רכב רחמים בן אברהם,מוסך מורשה,רחובות,משה יתום 12,08-9460401,,12127189,4,מכונאות רכב בנזין | מכונאות רכב דיזל | חשמלאות רכב | שירות תיקון למזגן אויר לרכב,רחמים בן אברהם
12275,שי קישר מוסך שי אופנועים,מוסך מורשה,חולון,המלאכה 23,03-5502919,,,2,מכונאות אופנועים וקטנועים | תיקון טרקטורונים,קישר שי
12276,איתי מוטורס בע מ,מוסך מורשה,חולון,הסדנא 6,03-6393666,,514253079,2,מכונאות רכב בנזין | מכונאות רכב דיזל,שמואלוב משיח
12277,גולדמוביל קאיה מודיעין בע מ,מוסך מורשה,שילת,ת.ד. 122 ביתן 52,08-6606966,73188,515505758,6,מכונאות רכב בנזין | מכונאות רכב דיזל | תיקון אחזקת רכב חשמלי/היברידי | חשמלאות רכב | תיקון מרכבי רכב | צבעות רכב,עטיה עודד | פיטל ארקדי | טביב דוד
12280,אריאל נדיב מוסך נדיב בייק,מוסך מורשה,פתח תקווה,העמל 4,03-9195525,,39660121,1,מכונאות אופנועים וקטנועים,נדיב אריאל
12281,אביטבול דוד מוסך מור אור,מוסך מורשה,רמלה,משה הס 6,08-9221065,,25451386,2,מכונאות רכב בנזין | מכונאות רכב דיזל,אביטבול דוד
12282,אורן יעקב מוסך אורן מערכות,מוסך מורשה,יבנה,המיסב 4,08-93324035,,25081258,2,אוטוטק רכב קל | תיקון אחזקת רכב חשמלי/היברידי,יעקב אורן צבי
12285,חשמל אוטו ל.י. בע מ,מוסך רישוי לרכב חדש,תל אביב -יפו,הרכבת 28,052-5556936,67777,514908631,1,רישום ראשוני לרכב חדש,איילת הראל
12286,א.ל. טרקטורים ומיכון חקלאי בע מ,מוסך רישוי לרכב חדש,עמק חפר,החריש 17,04-7708908,,515241248,1,רישום ראשוני לרכב חדש,צחי לוי
12287,מוסך כאמל זידאן,מוסך מורשה,זמר,ת.ד.3604,054-9239240,38828,37733557,1,אוטוטק רכב קל,זידאן כמאל
12288,מוסך שי - שי קנדל,מוסך מורשה,ראשון לציון,אייזיקסון 4,03-7261275,,33652835,2,מכונאות רכב בנזין | מכונאות רכב דיזל,קנדל שי זישה
12290,ציקי תעשיות מתכת בע מ,מוסך רישוי לרכב חדש,פתח תקווה,הסיבים 22,054-7791711,,511019473,1,רישום ראשוני לרכב חדש,רובין סיון
12291,פנקייר בע מ,מוסך רישוי לרכב חדש,מודיעין-מכבים-רעות*,צלע ההר 47,073-3752621,,512774878,1,רישום ראשוני לרכב חדש,קצב אהרון
12292,מוסך יוסה ונועם רובין בע מ,מוסך מורשה,פתח תקווה,נחשון 12,050-6333905,,516157534,3,מכונאות רכב בנזין | מכונאות רכב דיזל | תיקון אחזקת רכב חשמלי/היברידי,נועם רובין
12293,מוסך אחים סייד - מסרי מהראן,מוסך מורשה,,ת.ד. 2384,050-8937886,44915,36720951,2,מכונאות רכב בנזין | מכונאות רכב דיזל,מסרי מוחמד
12295,צמיגי ששון בהנהלת שלו זוהר,מוסך מורשה,בני ברק,הירקון 75 בני ברק,052-6354134,,33873936,1,תיקון והחלפת צמיגים,שלו זוהר
12296,רוני יוסף א.ג.מ שרותי רכב,מוסך מורשה,תל אביב -יפו,דוד חכמי 31,054-7155675,,25088907,2,תיקון מרכבי רכב | צבעות רכב,ויקסלר יוסף רונ | רונן ויקסלר יוס
12297,מוסך ריכבי - שמואל פלח,מוסך מורשה,רמת השרון,המסגר 15,03-5496262,47621,39570122,2,מכונאות רכב בנזין | מכונאות רכב דיזל,חלו מוחמד
12298,ארצי מוטורס  בע מ,מוסך מורשה,נתניה,הקדר 38,050-3079551,,516004926,3,מכונאות רכב בנזין | מכונאות רכב דיזל | אוטוטק מרכבי רכב וצביעתם +מסגרות,ממן משה | גזמאוי חאלד
12299,אנוקוב גרופ בע מ,מוסך רישוי לרכב חדש,הרצלייה,החושלים 6,09-9561906,,515895225,1,רישום ראשוני לרכב חדש,אנוקוב רוברט
12300,יואל מכוני רכב פ ת בע מ,מוסך מורשה,פתח תקווה,ת.ד. 3043 רבינזון 8,03-9226414,,510912322,3,מכונאות רכב בנזין | מכונאות רכב דיזל | בדיקות-רכב )קניה ומכירה),יואל פרידמן | יואל פרדמן
12302,ארזניר סוכנויות בע מ,מוסך מורשה,רחובות,משה יתום 7,054-2167880,,514747724,2,מכונאות אופנועים וקטנועים | תיקון טרקטורונים,טויטו ארז
12303,ליאור אביטן צבעות רכב,מוסך מורשה,פתח תקווה,דוד מרכוס 16 פתח תקווה,052-6510057,,41856873,1,צבעות רכב,ליאור אביטן
12304,בלאק ג'ט המרכז הימי רשפון בע מ,מוסך מורשה,נתניה,הפלדה 6,09-9506980,42378,513931428,6,מכונאות רכב בנזין | מכונאות רכב דיזל | מכונאות אופנועים וקטנועים | טרקטורים ומכונות ניידות | תיקון טרקטורונים | תיקון מלגזות הרמה,בריינר ראובן | שמוחה יניב
12305,מוסך התעשייה - אברמוב בן ציון,מוסך מורשה,נתניה,שכטרמן 5,053-6500859,42252,309010072,9,מכונאות רכב בנזין | מכונאות רכב דיזל | תיקון אחזקת רכב חשמלי/היברידי | חשמלאות רכב | תיקון מרכבי רכב | צבעות רכב | בדיקות-רכב )קניה ומכירה) | תיקון וכוון מתלים ברכב | שירות תיקון למזגן אויר לרכב,אברמוב רופט | אברמוב ראובן
12306,המרכב מפעלי מתכת בע מ,מוסך רישוי לרכב חדש,ראשון לציון,האצל 47,03-9625542,,513756551,1,רישום ראשוני לרכב חדש,יאיר אזולאי
12307,יוסף זיותי מוסך מועלם,מוסך מורשה,לוד,הצורפים 17 אזור תעשיה צפוני,050-6432514,,32837536,2,מכונאות רכב בנזין | מכונאות רכב דיזל,שלבי פהמי
12308,איימאן מוטורס-איימאן גבארה,מוסך מורשה,טייבה,ת.ד. 8326,053-5140092,40400,301197331,5,מכונאות רכב בנזין | מכונאות רכב דיזל | תיקון אחזקת רכב חשמלי/היברידי | חשמלאות רכב | בדיקת רכב לאחר תאונה,גבארה איימאן | איימן ג'ברה | גבארה איימן
12311,צמיגי לאון,מוסך מורשה,הוד השרון,היובלים 26,053-7000945,45247,327131751,2,תיקון והחלפת צמיגים | תיקון וכוון מתלים ברכב,הובניסיאן לאירט | יוריסט יצחק
12313,טאהא פטים - מוסך הצוות פחחות,מוסך מורשה,כפר קאסם,רחוב חמזה ת.ד. 6102,050-8325044,48810,27586874,1,תיקון מרכבי רכב,אליאסף ניסים
12314,הנטרס בע מ,מוסך מורשה,הוד השרון,היובלים 3 הוד השרון ת.ד -1013,09-9583827,,512225681,2,תיקון מרכבי רכב | צבעות רכב,טהא אשרף | צוברי אמנון
12315,שינוע ציוד לוגיסטי בע מ,מוסך מורשה,פתח תקווה,מודיעין 18,052-3013018,,513784272,2,אישור כשירות לצמ ה ומכונה ניידת | תיקון מלגזות הרמה,הירש דב
12317,שרותי רכב פרמיום - בבסאם סאיג,מוסך מורשה,תל אביב -יפו,שארית ישראל 15,054-2362659,,25874785,1,תיקון מרכבי רכב,סאיג בסם
12319,מוסך כללי אם.אפ.סי. בע מ,מוסך מורשה,פתח תקווה,אמיל זולה 22,054-2234064,,516779139,2,מכונאות רכב בנזין | מכונאות רכב דיזל,אלירן עמר
12320,מיי בייק - עידן בן חיים,מוסך מורשה,תל אביב -יפו,שדרות הר ציון 108,052-2639100,,40228918,1,מכונאות אופנועים וקטנועים,פורת כפיר
12321,מוסך לנא בע מ,מוסך מורשה,טייבה,ת.ד. 5771,050-5696400,40400,516020930,2,מכונאות רכב בנזין | מכונאות רכב דיזל,גאבר עלי
12322,מוסך מנאר עאזם,מוסך מורשה,טייבה,ת.ד. 130,052-6999983,40400,301198164,3,מכונאות רכב בנזין | מכונאות רכב דיזל | מכונאות דיזל משאיות ואוטובוסים,מנאר עאזם
12324,רמזי אמסיס,מוסך מורשה,רמלה,הרצל 117,050-2887900,,23221781,2,מכונאות רכב בנזין | מכונאות רכב דיזל,רמזי אמסיס
12325,אלי ברכה בע מ,מוסך מורשה,חולון,הסתת 3,050-6333383,,515967545,3,תיקון אחזקת רכב חשמלי/היברידי | תיקון מרכבי רכב | צבעות רכב,ברכה אלי | אלי ברכה | אבו לילה עמאד
12326,שקד דגני נכסים בע מ,מוסך מורשה,בני ברק,הירקון 25 בני ברק,03-5707317,,514758051,6,מכונאות רכב בנזין | מכונאות רכב דיזל | תיקון אחזקת רכב חשמלי/היברידי | חשמלאות רכב | תיקון מרכבי רכב | שירות תיקון למזגן אויר לרכב,שקד יצחק | שקד ניר
12328,חננאל את אבשלום מוסך אבחן,מוסך מורשה,פתח תקווה,צבי ברגמן 18 ב פתח תקווה,054-4938905,,38406054,2,מכונאות רכב בנזין | מכונאות רכב דיזל,שמואלי חננאל
12329,גטוס בע מ,מוסך מורשה,באר יעקב,יוצר 2,03-5616662,,511709016,2,מכונאות רכב בנזין | מכונאות רכב דיזל,לוי אברהם
12330,סמלת מוטורס בע מ,לא ידוע קוד 0,בני ראם,הסרן 25,03-5579670,,510033822,7,מכונאות רכב בנזין | מכונאות רכב דיזל | מכונאות דיזל משאיות ואוטובוסים | חשמלאות רכב | טרקטורים ומכונות ניידות | תיקון מלגזות הרמה | שירות תיקון למזגן אויר לרכב,מנגסטה אלימלך | שלמה שאול | וונדה מנגסטה אל
12331,מוסך סרבי אליהו שרותי רכב בע מ,מוסך מורשה,אור יהודה,היצירה 8,03-5334675,,514120187,2,תיקון מרכבי רכב | צבעות רכב,דיואני מוראד | סלמה אברהם
12332,מוסך סלוה וודים בע מ,מוסך מורשה,נתניה,השיש 23,09-8875335,,513946194,4,מכונאות רכב בנזין | מכונאות רכב דיזל | תיקון מרכבי רכב | צבעות רכב,מיזברג ולדיסלב | מיזנברג ולדיסלב | חיוט גריגורי
12333,אליזה אוטומוביל בע מ,מוסך מורשה,נתניה,האורג 6,054-5865608,42377,515634756,2,מכונאות רכב בנזין | מכונאות רכב דיזל,בר אליהו
12334,אליעזר ולקומיר אלי שרותי רכב,מוסך מורשה,פתח תקווה,היצירה 8,053-5237344,,39440326,2,מכונאות רכב בנזין | מכונאות רכב דיזל,וילקומיר אליעזר
12337,מוסך המקצוע (2007) בע מ,מוסך מורשה,פתח תקווה,בלטימור 5,055-5696597,,513945543,2,תיקון מרכבי רכב | צבעות רכב,חדד אריה | צנעני יצחק
12338,קליניק אקספרס בע מ,מוסך מורשה,פתח תקווה,בן ציון גליס 38,054-7850603,,515616589,1,אוטוטק מרכבי רכב וצביעתם,טיבי כרם
12340,איזי טסט מכון רישוי בע מ,מכון רישוי,חולון,החופר 17,03-6523080,,514939677,5,בדיקות עשן ברכב דיזל | בדיקות-רכב )קניה ומכירה) | מכון רישוי-פתוח לשרות הציבור | תיקון וכוון מתלים ברכב | בדיקת רכב לאחר תאונה,גבאלי מוחמד | בדיר חמזה
12341,ששי כהן אס. אל. סי,מוסך מורשה,גן יבנה,המנור 7,050-7713284,,38039095,1,אוטוטק אופנועים/קטונעים/טרקטרונים,כהן ששי נהור
12343,חסן מסארוה - מוסך חסן החשמלאי,מוסך מורשה,טייבה,ת.ד. 3714 כביש ראשי,052-5399761,40400,38204475,2,אוטוטק רכב קל | תיקון אחזקת רכב חשמלי/היברידי,מסארוה חסן | מסארווה חסן
12344,בלעום אחמד - צבעות רכב,מוסך מורשה,טייבה,ת.ד. 3883,052-8666688,40400,300651072,1,צבעות רכב,בלעום עיד
12345,דלק מוטורס קומסקו משאיות,מוסך רישוי לרכב חדש,צור יגאל,גרניט 3,054-3477089,44862,550269351,6,מכונאות רכב בנזין | מכונאות רכב דיזל | מכונאות דיזל משאיות ואוטובוסים | חשמלאות רכב | רישום ראשוני לרכב חדש | שירות תיקון למזגן אויר לרכב,דור יניב | מרק אלי
12348,יו.טי.אס יונברסל פתרונות תחבורה,מוסך מורשה,לוד,המסגר 10 א.ת  צפוני לוד,050-7303545,,520039249,5,מכונאות רכב בנזין | מכונאות רכב דיזל | תיקון אחזקת רכב חשמלי/היברידי | חשמלאות רכב | שירות תיקון למזגן אויר לרכב,אלחאטר רמי | אלאטר רמי
12349,מוסך המרכבה 2004 בע מ,מוסך מורשה,חולון,המרכבה 36,03-5585540,,513560797,2,תיקון מרכבי רכב | צבעות רכב,בסול מוראד | בסול מוחמד
12350,מסארוה עבד אלחלים - מוסך המרכז,מוסך מורשה,טייבה,ת.ד. 5098 בתוך מוסך השרון,050-2974605,,59532960,1,תיקון מרכבי רכב,מסארוה עבדאלחלי
12352,אייל יעקובי מרכז שירות לרכב,מוסך מורשה,רחובות,הכישור 9 רחובות,050-8719966,,33209891,2,אוטוטק רכב קל | תיקון אחזקת רכב חשמלי/היברידי,יעקבי אייל
12353,דריעי סמי י.ס. דריעי שירותי רכב,מוסך מורשה,תל אביב -יפו,דרך בן צבי 38,03-6827436,,39162045,2,מכונאות רכב בנזין | מכונאות רכב דיזל,אבו חדיר ווליד
12354,אומנות אחזקת האופנוע בע מ,מוסך מורשה,חולון,הבנאי 5,03-5189995,,514095199,1,מכונאות אופנועים וקטנועים,גולדנברג עופר
12355,פחחות אדיר ארז בע מ,מוסך מורשה,נתניה,ת.ד. 8885 התרופה 5,052-8883478,42504,515726560,1,תיקון מרכבי רכב,גנדלמן ארקדי
12356,טלקאר חברה בע מ,מוסך מורשה,ראשון לציון,התגלית 1 מעויין שורק,03-5599099,,510657430,4,אוטוטק רכב קל | מכונאות דיזל משאיות ואוטובוסים | תיקון אחזקת רכב חשמלי/היברידי | אוטוטק מרכבי רכב וצביעתם,דוידוב דניאל | סניור איל
12360,גבארה מוחמד - מוסך חמודי,מוסך מורשה,טייבה,ת.ד. 162 טייבה,052-2204604,40400,34889865,3,מכונאות רכב בנזין | מכונאות רכב דיזל | חשמלאות רכב,גבארה מוחמד
12363,נאשף המאם - מוסך הנוצץ,מוסך מורשה,טייבה,ת.ד. 1941,052-8070820,40400,33989955,2,תיקון מרכבי רכב | צבעות רכב,נאשף המאם
12364,בוואריאן מוטורס שרותי רכב בע מ,מוסך מורשה,נתניה,הבונים 11,054-2001199,42377,515680825,3,תיקון אחזקת רכב חשמלי/היברידי | תיקון מרכבי רכב | צבעות רכב,אברמוב בנימין
12366,אוטו אירופה - באדיר ראשיד,מוסך מורשה,כפר קאסם,ת.ד. 1730,053-5553177,,37081577,2,תיקון מרכבי רכב | צבעות רכב,בדיר רשיד
12367,צמיגי שיא בהנהלת אביב וסתיו,מוסך מורשה,חולון,המרכבה 47,03-9667233,,302602800,1,תיקון והחלפת צמיגים,רבי אביב
12368,אלומה עיצוב רכב בע מ,מוסך מורשה,רעננה,התעשייה 21 רעננה,054-4959142,,515334696,1,תיקון מרכבי רכב,עזאמי יוסף
12370,סוואנה סנטר בע מ,מוסך מורשה,לוד,כפר דהמש א.ת דרומי  לוד 4337,050-5415488,,516805934,3,מכונאות רכב בנזין | מכונאות רכב דיזל | מכונאות דיזל משאיות ואוטובוסים,אבו עינים מוסטפ
12371,מרכז שירות איש הצבע והפח בע מ,מוסך מורשה,ראשון לציון,האצ ל 43,054-8025825,,516635240,2,תיקון מרכבי רכב | צבעות רכב,שלומוב רוסלן
12372,דני כהן שירותי רכב,מוסך מורשה,רמת השרון,המסגר 9,050-9944804,,39852439,2,מכונאות רכב בנזין | מכונאות רכב דיזל,כהן דני
12373,מטרו מוטור שווק 1891 בע מ,מוסך רישוי לרכב חדש,לוד,שדרות שוורץ  א.ת צפוני לוד,052-6115442,,510892490,2,תיקון אחזקת רכב חשמלי/היברידי | רישום ורישוי לרכב חדש,אבני שמואל
12374,ברוך יצחק - פרונט איציק,מוסך מורשה,חולון,הסולל 2,050-5551691,58816,59013037,1,תיקון וכוון מתלים ברכב,ברוך יצחק
12377,מוסך פארס א.ג ובניו בע מ,מוסך מורשה,לוד,מיכה רייסר 5 לוד,054-7912334,,516518065,3,מכונאות רכב בנזין | מכונאות רכב דיזל | מכונאות דיזל משאיות ואוטובוסים,פארס אבו גריבה
12378,א.א. אקספרס פחחות רכב בע מ,מוסך מורשה,ראשון לציון,גלוסקא 4,052-6661182,,515822377,3,תיקון אחזקת רכב חשמלי/היברידי | תיקון מרכבי רכב | צבעות רכב,קאסם סאמר
12379,יוניברסל משאיות ישראל בע מ,מוסך רישוי לרכב חדש,ראשון לציון,אריה שנקאר  11 מעויין שורק,03-9120179,,512004235,12,מכונאות רכב בנזין | מכונאות רכב דיזל | מכונאות דיזל משאיות ואוטובוסים | תיקון אחזקת רכב חשמלי/היברידי | חשמלאות רכב | תיקון מרכבי רכב | מסגרות רכב )תיקון ארגזים) | צבעות רכב | תיקון וכיול טכוגרפים דגיטלי | רישום ורישוי לרכב חדש | שירות תיקון למזגן אויר לרכב | תיקון וכיול טכוגרפים,כהן אברהם | לוטטי שלמה | רישק צאדק | הולנדר יצחק | כשאי חיים | ששון שמואל | סולטן איציק
12380,אוטו גיל ע.י.א שרותי רכב בע מ,מוסך מורשה,קריית עקרון,א.ת עקרון 2000 קרית עקרון ת.ד 123,08-9465152,,515681583,3,אוטוטק רכב קל | תיקון אחזקת רכב חשמלי/היברידי | אוטוטק מרכבי רכב וצביעתם,פרכטר לוי | אלעוקבי מחמד
12381,מוסך קוסטנטין קרלין,מוסך מורשה,פתח תקווה,החרש 8,058-7549958,,323225318,1,צבעות רכב,אלימלך אליהו
12383,עבד אל קאדר גואד - מוסך האומנים,מוסך מורשה,טייבה,ת.ד. 3703,050-5724300,40400,26361709,1,צבעות רכב,מסארוה מחמוד
12384,סונדוס אבו לבן מוסך אחים אבו לבו,מוסך מורשה,לוד,המסגר 24  אץ תעשיה צפוני,053-4223569,,307839910,2,מכונאות רכב בנזין | מכונאות רכב דיזל,אל ווהב גורג
12388,א.מ טייר - איימן מוסראתי,מוסך מורשה,רמלה,תחנת דלק סדש א.ת ב',052-4280200,,29157831,1,תיקון והחלפת צמיגים,מוסראתי אבראהים
12391,שחם בוטיק אופנועים בע מ,מוסך מורשה,שילת,בית לוטם,054-4551351,71725,515800928,2,תיקון אחזקת רכב חשמלי/היברידי | מכונאות אופנועים וקטנועים,שחם נדב
12392,מוסך ישראל זסלבסקיישראל סאשה,מוסך מורשה,חולון,הבנאי 6,050-8146366,,306022617,4,מכונאות רכב בנזין | מכונאות רכב דיזל | תיקון מרכבי רכב | צבעות רכב,חיימוב יורי | ישראל זסלבסקי | גליצקי לאוניד
12393,חצב נציגויות בע מ,מוסך מורשה,לוד,א.ת צפוני לוד המסגר 10,054-5555072,,511763153,1,תיקון והחלפת צמיגים,אלקרם תאופיק
12396,שרות לצמיגים קחלון ובניו בע מ,מוסך מורשה,חולון,המשביר 7,050-5311022,,512414202,1,תיקון והחלפת צמיגים,קחלון רונן
12398,מוסך ראמי - שואהנה ראמי,מוסך מורשה,כפר קאסם,א.ת,050-5501505,48810,25896960,3,מכונאות רכב בנזין | מכונאות רכב דיזל | שירות תיקון למזגן אויר לרכב,שואהנה ראמי | שואהנה דוראם
12399,ס.ק שירותי רכב בע מ,מוסך מורשה,,ת.ד. 1297,050-2322460,44915,515852812,4,מכונאות רכב בנזין | מכונאות רכב דיזל | תיקון מרכבי רכב | צבעות רכב,פדילה סאמר | פדילה סמיר | אבו חיט עבד אל
12400,יונייטד  שיא בע מ,מוסך מורשה,לוד,המסגר 10  בתוך מיתחם אייויס,050-9092206,,513111021,1,צבעות רכב,אלקלעי שלמה
12401,זדה תומר - טומיאור ד ר אלפא,מוסך מורשה,תל אביב -יפו,בית עובד 12,053-5272739,,35730084,5,מכונאות רכב בנזין | מכונאות רכב דיזל | חשמלאות רכב | מכונאות אופנועים וקטנועים | שירות תיקון למזגן אויר לרכב,זדה תומר
12402,גאיה קרוואנים - נחלון שחר,מוסך רישוי לרכב חדש,אריאל,ת.ד. 1817 העבודה 10,050-4444246,40700,34564807,1,רישום ראשוני לרכב חדש,נחלון שחר
12404,צמיגי השחר בן אברהם,מוסך מורשה,בני ברק,אברבנאל 74 בני ברק,03-5789030,,56552284,1,תיקון והחלפת צמיגים,מצארוה מחמוד
12405,נירון מוטורס פ ת בע מ,מוסך מורשה,פתח תקווה,חיים גרינברג 5,052-6010071,,515018315,4,מכונאות רכב בנזין | מכונאות רכב דיזל | אוטוטק מרכבי רכב וצביעתם | תיקון וכוון מתלים ברכב,בתיה זבולון | שייח יוסף מוראד
12406,אביב את סלבה מוסך דינמיקה אופנוע,מוסך מורשה,אזור,החצב 10,054-5493070,,310172226,2,תיקון אחזקת רכב חשמלי/היברידי | מכונאות אופנועים וקטנועים,קריוקוב סלבה | קריקוב סלבה
12407,לקס מוטורס בע מ,מוסך מורשה,פתח תקווה,שמשון 9 ת.ד 4952707,053-7249855,,51381267,5,מכונאות רכב בנזין | מכונאות רכב דיזל | תיקון אחזקת רכב חשמלי/היברידי | חשמלאות רכב | שירות תיקון למזגן אויר לרכב,טפיארו שלמה | סטון אבישי-אב
12408,אחמד גומעה-צמיגים ורחיצה,מוסך מורשה,טייבה,ת.ד. 7498,050-8588666,40400,300734506,1,תיקון והחלפת צמיגים,גומעה אחמד
12409,סולי אספקה טכנית ושרותי רכב בע מ,מוסך מורשה,יבנה,המייסב 2 יבנה,054-3002307,,516800968,4,מכונאות רכב בנזין | מכונאות רכב דיזל | תיקון והחלפת צמיגים | תיקון וכוון מתלים ברכב,לנקרי יהודה | הלוי שלמה
12410,מולטי ריטייל גרופ בע מ,מוסך מורשה,כפר סבא,התעש 10,09-7723453,,515546224,1,תיקון והחלפת צמיגים,עבד אלחי סמיר
12412,מרכז שירות פ.א.ש מוטורס בע מ,מוסך מורשה,רחובות,משה יתום 17,054-7879359,,515863009,5,מכונאות רכב בנזין | מכונאות רכב דיזל | חשמלאות רכב | תיקון מרכבי רכב | צבעות רכב,פרידמן ארז | ברוש ישעיהו ש
12413,אשל אופנועים בע מ,מוסך רישוי לרכב חדש,תל אביב -יפו,יצחק שדה 26,050-9197073,,514393461,3,תיקון אחזקת רכב חשמלי/היברידי | מכונאות אופנועים וקטנועים | רישום ראשוני לרכב חדש,בוכניק שרון | בוחניק שרון
12415,מוסך המרכז זמר - קטאוי מוחמד,מוסך מורשה,זמר,ת.ד. 3271,052-7270015,38828,36890358,2,תיקון מרכבי רכב | צבעות רכב,קטאוי נזמי
12417,אדיר שירותי רכב 2006 בע מ,מוסך מורשה,לוד,בן הורקינוס 2 במתחם אלדן,08-6829988,,513877837,1,בדיקות-רכב )קניה ומכירה),יוסף דוד
12420,איציק עבודות מתכת - ראובני איציק,מוסך מורשה,כפר קאסם,א.ת ליד קובי פרופילים,054-4779944,,27764323,2,מכונאות רכב בנזין | מכונאות רכב דיזל,ראובני יצחק
12422,מוסכי עדן ראשון 1998 בע מ,מוסך מורשה,ראשון לציון,פלוטיצקי 9,052-5233338,,512618935,5,מכונאות רכב בנזין | מכונאות רכב דיזל | תיקון אחזקת רכב חשמלי/היברידי | תיקון והחלפת צמיגים | שירות תיקון למזגן אויר לרכב,קרפלס לדיסלאו | קרפלס יצחק
12423,י.כ מוסך יחדיו רעננה 2006 בע מ,מוסך מורשה,רעננה,המלאכה 8 רעננה ת.ד-2105,09-7417666,43660,513771816,7,מכונאות רכב בנזין | מכונאות רכב דיזל | תיקון אחזקת רכב חשמלי/היברידי | חשמלאות רכב | תיקון מרכבי רכב | צבעות רכב | שירות תיקון למזגן אויר לרכב,בן עטיה יובל | גרינברג גיא | גרינברג ערן
12424,אסף את רונן מוסך אי טי אר,מוסך מורשה,רחובות,משה יתום 16,052-4441010,,34851162,2,מכונאות רכב בנזין | מכונאות רכב דיזל,הרשקוביץ משה
12425,מוסך מטיוכה בע מ,מוסך מורשה,רעננה,היצירה 9 רעננה,050-7707275,,516956836,1,אוטוטק רכב קל,מדניק אלכסנדר
12426,ג.מ.פורטל סחר ויבוא בע מ,מוסך מורשה,חולון,המלאכה 9,03-6132446,,512847583,1,תיקון והחלפת צמיגים,יגודייב שלום
12427,גלובל הנדסה ר.ס.א בע מ,מוסך רישוי לרכב חדש,ברקן,רח' יצחק שמיר א.ת,054-6493903,44820,514505221,1,רישום ראשוני לרכב חדש,נאשף יוסף
12428,אבו דיב גאבר - מוסך ותין פלוס,מוסך מורשה,כפר קאסם,כביש ראשי ליד מוסך מאמון,053-2277161,48810,207386335,2,מכונאות רכב בנזין | מכונאות רכב דיזל,עאמר האני
12429,פרטמן פרטמשין בע מ,מוסך מורשה,מודיעין-מכבים-רעות*,המכונאי 23,052-6226427,71783,515854701,1,מכונאות אופנועים וקטנועים,חדאד גורג'
12430,מכשירי תנועה ומשאיות מוגבלת,מוסך רישוי לרכב חדש,ראשון לציון,שנקר 11,03-9639040,,550243356,9,מכונאות רכב בנזין | מכונאות רכב דיזל | מכונאות דיזל משאיות ואוטובוסים | תיקון אחזקת רכב חשמלי/היברידי | חשמלאות רכב | תיקון מרכבי רכב | צבעות רכב | רישום ראשוני לרכב חדש | שירות תיקון למזגן אויר לרכב,סטניסלב שכטמן | אהרון אליהו | שרעבי יונתן | אברבנל יגאל | מנשה עזרא | נומה פזית
12431,נעם בני מוסך באג,מוסך מורשה,יהוד-מונוסון,אלטלף  25,054-8019000,,32861304,4,מכונאות רכב בנזין | מכונאות רכב דיזל | חשמלאות רכב | תיקון טרקטורונים,בני נעם | נעם בני
12432,רום ישראל במות הרמה בע מ,מוסך מורשה,מודיעין-מכבים-רעות*,צלע ההר 21,054-5750337,71730,514359603,2,טרקטורים ומכונות ניידות | תיקון מלגזות הרמה,יהלום רונן
12434,עדי טייר יבוא ושיווק בע מ,מוסך מורשה,ראשון לציון,פלוטיצקי 17,054-7988807,,515657021,1,תיקון והחלפת צמיגים,בדש ישראל או
12435,קובי שגב פחחות וצבע,מוסך מורשה,פתח תקווה,רבינצקי 5,053-7391291,,32315087,2,תיקון מרכבי רכב | צבעות רכב,קובי שגב
12436,עיסאוי עווני צמיגי 2000,מוסך מורשה,קריית עקרון,שדרות יצחק רבין 29,050-25155554,,318663267,1,תיקון והחלפת צמיגים,עיסאווי חליל
12438,טייר מאסטר ב.ג בע מ,מוסך מורשה,קדימה-צורן,ת.דלק פז,052-3218218,,515924801,1,תיקון והחלפת צמיגים,צנטנר בן
12439,מוסך ליטל 2008 בע מ,מוסך מורשה,תל אביב -יפו,אחים מסלאויטה 5,03-5622072,67010,514090505,4,מכונאות רכב בנזין | מכונאות רכב דיזל | תיקון אחזקת רכב חשמלי/היברידי | תיקון וכוון מתלים ברכב,מדינה יהודה
12440,מוסך אוטו פארק סרגיי רזומנקו,מוסך מורשה,רעננה,היצירה 9 רעננה,09-7715580,,328954516,1,אוטוטק רכב קל,רזומנקו סרגיי
12442,עיראקי גמיל - סנטר מוסכים,מוסך מורשה,,ת.ד. 1297 מתחם ליס פור יו,050-2522460,,40837411,2,תיקון מרכבי רכב | צבעות רכב,בשארה לואי
12443,תומר יעקב המרכזי בע מ,מוסך מורשה,פתח תקווה,היצירה 12 קרית אריה,052-2229253,,515856649,6,מכונאות רכב בנזין | מכונאות רכב דיזל | תיקון אחזקת רכב חשמלי/היברידי | בדיקות-רכב )קניה ומכירה) | תיקון וכוון מתלים ברכב | בדיקת רכב לאחר תאונה,רביב אולג | שירי תומר | רבייב אולג אהר
12445,מרכז שירות המדייק בע מ,מוסך מורשה,חולון,פליקס זנדמן  6,03-7420751,,516008703,2,מכונאות רכב בנזין | מכונאות רכב דיזל,אמר יעקב
12447,המרכז לרכב לוד - אלטורי חליל,מוסך מורשה,לוד,המחקר 31,050-2177969,,39975107,4,מכונאות רכב בנזין | מכונאות רכב דיזל | חשמלאות רכב | שירות תיקון למזגן אויר לרכב,אלאעסם עיד | אלטורי סלים
12448,מוסך רביע 2009 בע מ,מוסך מורשה,טירה,מתחם ליס פור יו,052-8804793,,514311356,2,מכונאות רכב בנזין | מכונאות רכב דיזל,רביע יוחנן
12449,וולמן מוטורס בע מ,מוסך מורשה,פתח תקווה,מודיעין 42,03-5707888,,515796597,5,מכונאות רכב בנזין | מכונאות רכב דיזל | תיקון אחזקת רכב חשמלי/היברידי | חשמלאות רכב | שירות תיקון למזגן אויר לרכב,וולמן רן | גל יצחק | גל קפוצון יצחק
12450,מולטי ריטייל גרופ בע מ,מוסך מורשה,פתח תקווה,הרב פינטו 20,03-7500720,,515546224,1,תיקון והחלפת צמיגים,אלחרר עמרם
12451,מוסך שלי דוד בע מ,מוסך מורשה,ראשון לציון,פלוטצקי 9,03-9671597,,512413410,2,תיקון מרכבי רכב | צבעות רכב,שלם דוד
12452,מוטומניה בע מ,מוסך מורשה,תל אביב -יפו,הרצל 109,03-6838930,,512963828,2,מכונאות אופנועים וקטנועים | תיקון טרקטורונים,קורן טל
12453,נאסר עבד אל מנעם - מוסך נאסר עבד,מוסך מורשה,,ת.ד. 6284,050-4649070,,26307637,2,מכונאות רכב בנזין | מכונאות רכב דיזל,נאסר עבד אלמנעם
12454,טיג איינגנירינג אנד מוטורספורט,מוסך מורשה,חולון,החורטים 6,03-6566608,,514016716,2,מכונאות רכב בנזין | מכונאות רכב דיזל,הלוי גבי
12456,יו.די.אס.אינטרנשיונל בע מ,מוסך רישוי לרכב חדש,חולון,האורגים 36,050-8440112,,511323487,7,מכונאות רכב בנזין | מכונאות רכב דיזל | תיקון אחזקת רכב חשמלי/היברידי | חשמלאות רכב | רישום ראשוני לרכב חדש | תיקון טרקטורונים | שירות תיקון למזגן אויר לרכב,ישראל יום טוב | יום טוב ישראל | דוידוביץ מירצה | שבתאי ערן
12457,מ.מ מוסך הדקלים 1988 בע מ,מוסך מורשה,חולון,החורטים 6,050-7398862,,512578311,2,מכונאות רכב בנזין | מכונאות רכב דיזל,ביבי משה
12459,מוסך גולדן דרגון כוכב יאיר,מוסך מורשה,,כביש כוכב יאיר טירה,054-7639993,44641,550256093,6,מכונאות רכב בנזין | מכונאות רכב דיזל | מכונאות דיזל משאיות ואוטובוסים | חשמלאות רכב | תחזוקה ובדיקת מערכת כיבוי אש באוטו' | שירות תיקון למזגן אויר לרכב,בר עוז דרור | חרירי ראיד | ברעוז דרור
12461,מ.מחסני צמיגים ספלאש,מוסך מורשה,מודיעין-מכבים-רעות*,השדרה המרכזית 24,054-6953642,,25457730,1,תיקון והחלפת צמיגים,פאנוס אסחאק
12466,מורביה יצחק - מולטיגיר,מוסך מורשה,טירה,צומת כוכב יאיר,053-6396242,44862,29259736,2,תיקון אחזקת רכב חשמלי/היברידי | תיקון תיבות הילוכים אוטומטיות,מורביה יצחק
12467,מ. מאור מרכז הרכב בע מ,מוסך מורשה,רחובות,משה יתום 12,054-30968222,,516236874,4,אוטוטק רכב קל | תיקון אחזקת רכב חשמלי/היברידי | אוטוטק מרכבי רכב וצביעתם | תיקון וכוון מתלים ברכב,מדהלה מאור | ארנטל יוגב
12468,מוטו 24 קלאס בע מ,מוסך רישוי לרכב חדש,תל אביב -יפו,הרצל  119,03-9044448,,515973279,1,רישום ראשוני לרכב חדש,בנאי ליאור
12469,מרכז שרות דור 18 בע מ,מוסך מורשה,פתח תקווה,גיסין 94,03-9405060,,515844058,6,מכונאות רכב בנזין | מכונאות רכב דיזל | תיקון אחזקת רכב חשמלי/היברידי | חשמלאות רכב | תיקון מרכבי רכב | צבעות רכב,קליס שלום | קלס שלום | כהן יוסף | ליטאי יעקב | לייטאי יעקב
12470,רפיק עבד אלחי - רפי קאר,מוסך מורשה,טירה,ת.ד. 6369,050-6663728,44915,53049144,4,מכונאות רכב בנזין | מכונאות רכב דיזל | חשמלאות רכב | שירות תיקון למזגן אויר לרכב,עבד אלחי רפיק
12471,ממסי שרותי דרך וגרירה בע מ,מוסך מורשה,תל אביב -יפו,המלאכה 3,03-7660539,,514257278,1,מכונאות אופנועים וקטנועים,דריקז עופר ויק
12472,יו. אס. אי. אי בע מ,מוסך מורשה,פתח תקווה,פינשטיין 3,03-5225484,,511292542,1,תיקון והחלפת צמיגים,ברגיג רחמים
12474,ק.מ.ר.א 1993 שרותי רכב בע מ,מוסך מורשה,לוד,שד' שוורץ 10 מתחם קרגל,053-7571939,,511877730,3,מכונאות רכב בנזין | מכונאות רכב דיזל | תיקון אחזקת רכב חשמלי/היברידי,ספורטס אברהם | ספורטס אבי
12475,אפקו ציוד (1991) בע מ,מוסך מורשה,מודיעין-מכבים-רעות*,המעיין 18,054-4245430,71700,511602146,3,אישור כשירות לצמ ה ומכונה ניידת | טרקטורים ומכונות ניידות | תיקון מלגזות הרמה,ספיר עוזי
12476,אף. אם עבודות צבע ופחחות בע מ,מוסך מורשה,לוד,שדרות שוורץ 10 לוד,053-8370691,,515746139,1,אוטוטק מרכבי רכב וצביעתם,ברהומה חלמי
12477,ירימי אמ.איקס בע מ,מוסך רישוי לרכב חדש,תל אביב -יפו,שוקן 26,050-5970730,,516077500,1,רישום ראשוני לרכב חדש,ירימי גל
12478,י.מ. מוסכים הע מ,מוסך מורשה,נתניה,ת.ד. 13005 הקדר 49,09-8843344,,513598698,2,תיקון מרכבי רכב | צבעות רכב,זנה מרדכי | אבוטבול מאיר
12480,יעקובוב אולגה - מוסך רומי,מוסך מורשה,נתניה,שכטרמן 5,054-7266328,,311886162,2,תיקון מרכבי רכב | צבעות רכב,ברנס יוסף
12481,חן מוטורס בע מ,מוסך רישוי לרכב חדש,כפר קאסם,הרימון 4 א.ת לב הארץ,054-7720525,42860,515690642,1,רישום ראשוני לרכב חדש,מלכה רון
12482,ספיישל קארס בע מ,מוסך רישוי לרכב חדש,רחובות,היצירה 15,054-4565642,,513208371,3,אוטוטק רכב קל | תיקון אחזקת רכב חשמלי/היברידי | רישום ראשוני לרכב חדש,לפקובסקי אלון | סעיד אריה
12483,מוסך יוסי קוסטה בע מ,מוסך מורשה,תל אביב -יפו,עציון גבר 12,054-4217408,,514016112,2,תיקון מרכבי רכב | צבעות רכב,קוסטה יוסף | קוסטה משה
12484,משה פרץ צמיגי פרץ ובניו,מוסך מורשה,פתח תקווה,גיסין 65,03-9227389,,572257453,1,תיקון והחלפת צמיגים,פרץ משה
12485,ח. חויו ובניו בע מ,מוסך מורשה,קרית אונו,לוי אשכול 206   תחנת דלק פז צומת סביון,050-4802180,,511277253,1,תיקון והחלפת צמיגים,ערביד וולטר
12486,אסיה תורס 2008 בע מ,מוסך רישוי לרכב חדש,תל אביב -יפו,מנחם בגין 156 קומה 15,052-8540753,,514123124,1,רישום ראשוני לרכב חדש,אעלימי עלימי
12488,ס.ב.מ שירותי רכב בע מ,מוסך מורשה,כפר קאסם,א.ת. ליד תולין,054-7853991,48810,516083466,2,תיקון מרכבי רכב | צבעות רכב,אל קרם סלימאן
12489,סנדזיבסקי לביא משה ל.מ.ס מוטורס,מוסך מורשה,נס ציונה,האיזמל 1,058-4888488,,300611688,5,מכונאות רכב בנזין | מכונאות רכב דיזל | תיקון אחזקת רכב חשמלי/היברידי | חשמלאות רכב | שירות תיקון למזגן אויר לרכב,סנדזיבסקי לביא | סנדזייבסקי לביא
12490,אוריון מוביליטי בע מ,מוסך רישוי לרכב חדש,בני עי ש,א.ת בני עייש,077-3339165,,516037843,1,רישום ורישוי לרכב חדש,טאוב חיים זלי
12494,יצחק צחי שדה מוסך שדה,מוסך מורשה,קריית עקרון,סנט גורג 15,08-6459858,,39019641,2,מכונאות רכב בנזין | מכונאות רכב דיזל,עזיזי אריאל
12495,צמיגי מוסא זינתי דרום בילו,מוסך מורשה,קריית עקרון,סנט גורג 15,050-2888108,,55242762,1,תיקון והחלפת צמיגים,אלזינאתי מוסא
12496,ליא הנדסה הידראוליקה בע מ,מוסך מורשה,לוד,פסח לייב 9 א.ת צפוני,073-2570000,,510506611,3,אישור כשירות לצמ ה ומכונה ניידת | טרקטורים ומכונות ניידות | תיקון מלגזות הרמה,בנג'ו רפאל
12497,סופר סייקל בהנהלת אלעד בן ישי,מוסך מורשה,בני ברק,חשמונאים 7 בני ברק,03-9444493,,300362860,1,מכונאות אופנועים וקטנועים,שאולוב אלכסנדר
12498,מוסך מרכוס יונה פחחות וצבע,מוסך מורשה,רחובות,הכישור 10,08-9467040,,53570537,2,תיקון מרכבי רכב | צבעות רכב,אשקלון אריה | אלמלח דוד
12500,סטייל ש.ח פחחות וצבע בע מ,מוסך מורשה,ראשון לציון,פלוטיצקי 26,03-7557171,,516113214,4,מכונאות רכב בנזין | מכונאות רכב דיזל | תיקון מרכבי רכב | צבעות רכב,פסטרנק אהוד | דורון גיא
12501,מרעי מוחמד - מוסך מרעי,מוסך מורשה,קלנסווה,ת.ד. 1315,052-6452229,40690,200355972,2,מכונאות רכב בנזין | מכונאות רכב דיזל,ברנסי דועא
12502,יניב אבשלום גי אם רייסינג,מוסך מורשה,ראשון לציון,בן לולו 8,054-2686554,,39355706,1,תיקון טרקטורונים,בוזגלו חיים
12503,מוסך עמרם שרותי רכב,מוסך מורשה,פתח תקווה,עמל 2,052-2491152,,22517965,2,מכונאות רכב בנזין | מכונאות רכב דיזל,מור עמי
12506,רדלר ש.ב. שווק 87 בע מ,מוסך רישוי לרכב חדש,כנות,כחול 8,08-8693773,,511239808,1,רישום ראשוני לרכב חדש,רדלר בועז
12508,ע. תיתו דה לוקס בע מ,מוסך מורשה,כפר ברא,ת.ד. 673,052-5858734,45863,516056827,1,תיקון והחלפת צמיגים,גודה חמדי
12509,טופ ספיד בע מ,מוסך מורשה,גדרה,הרצל 5,050-6455479,,514981455,2,מכונאות אופנועים וקטנועים | תיקון טרקטורונים,גינת אריק
12510,י.ח.ד יזדי ייזום והשקעות בע מ,מוסך רישוי לרכב חדש,ראשון לציון,טוליפמן 4,03-9570000,,514728773,1,רישום ורישוי לרכב חדש,פאר ניסן
12511,מוסכי דוד מורדכי בע מ,מוסך מורשה,אור יהודה,דרך לוד 5,050-4143625,,511259467,2,מכונאות רכב בנזין | מכונאות רכב דיזל,דוד מרדכי
12512,א.ר.י שירותים וניהול בע מ,מוסך מורשה,הוד השרון,המסגר 11 הוד השרון,050-3100202,,516012671,5,מכונאות רכב בנזין | מכונאות רכב דיזל | תיקון אחזקת רכב חשמלי/היברידי | תיקון מרכבי רכב | צבעות רכב,טצת יוסי | טצת יוסף | נאצר ראמי | רביע סדרי
12514,עמרי המרכז המקצועי לרכב בע מ,מוסך מורשה,טירה,ת.ד. 4119,050-6656797,,516439668,2,תיקון מרכבי רכב | צבעות רכב,כורי עאכף
12515,דעאס איהאב-מוסך האומן לפחחות,מוסך מורשה,טירה,ת.ד. 4370,050-5223368,44915,29942125,2,תיקון מרכבי רכב | צבעות רכב,דעאס איהאב
12516,אס.בי.אס רייסינג בע מ,מוסך רישוי לרכב חדש,בן זכאי,הרימון 152,052-4575661,76321,515790509,1,רישום ראשוני לרכב חדש,בן שטרית שרון
12517,אס-גל בילו בע מ,מוסך מורשה,קריית עקרון,המלך חסן השני 5 קרית עקרון,050-4277729,,515646172,1,אוטוטק רכב קל,אוחיון דוד
12519,מוסך אבי שירותי רכב - אבי פנחסוב,מוסך מורשה,תל אביב -יפו,ישראל מסלנט 46,050-5588125,,11385044,3,מכונאות רכב בנזין | מכונאות רכב דיזל | תיקון אחזקת רכב חשמלי/היברידי,פנחסוב אבי | פינחסוב אבי
12520,מוסך יונס - מצארוה סאלח,מוסך מורשה,,ת.ד 1624 טירה,053-7757519,44915,39292404,2,מכונאות רכב בנזין | מכונאות רכב דיזל,מצארוה סאלח
12521,אלכרמי חאמד - מוסך אופק חדש,מוסך מורשה,נתניה,עמל 3,050-5640777,,309991321,2,מכונאות רכב בנזין | מכונאות רכב דיזל,חפץ רוגר
12523,מנופי אבי בע מ,מוסך רישוי לרכב חדש,ראשון לציון,התעשיין 8,050-8080558,75364,510921521,1,רישום ראשוני לרכב חדש,ברונר מיכאל
12524,אוטונייס מוטורס - דקה מרואן,מוסך מורשה,זמר,זמר,054-4300381,38828,33132929,4,מכונאות רכב בנזין | מכונאות רכב דיזל | תיקון וכוון מתלים ברכב | בדיקת רכב לאחר תאונה,דקה מרואן
12525,צמיגי אור - לדני אור,מוסך מורשה,ראשון לציון,משה שרת 20,052-3470807,75704,316060359,1,תיקון והחלפת צמיגים,לדני אור
12526,בלאק פוקס ישראל בע מ,מוסך רישוי לרכב חדש,הרצלייה,אבא אבן 19,050-3773390,,515821064,1,רישום ראשוני לרכב חדש,יצחק מידד
12528,גיא מאור בע מ,מוסך רישוי לרכב חדש,נתניה,גיבורי ישראל 15,052-4701116,,514440593,1,רישום ראשוני לרכב חדש,כורם מאור
12530,מוסך נמיר מאהר - חשים מאהר,מוסך מורשה,כפר קאסם,ת.ד. 6309,052-2994853,48810,26403493,3,תיקון אחזקת רכב חשמלי/היברידי | תיקון מרכבי רכב | צבעות רכב,חשים נביל
12532,מוסך שני בהנהלת בנימין לוי,מוסך מורשה,ראשון לציון,יצחק בן צבי 34 ראשל צ,03-6586021,,207555152,3,מכונאות רכב בנזין | מכונאות רכב דיזל | מכונאות דיזל משאיות ואוטובוסים,ששון כהן ישראל
12533,קרסו מוטורס בע מ,מוסך מורשה,ראשון לציון,היוזמה 1,03-9535353,,514065283,8,מכונאות רכב בנזין | מכונאות רכב דיזל | מכונאות דיזל משאיות ואוטובוסים | תיקון אחזקת רכב חשמלי/היברידי | חשמלאות רכב | תיקון מרכבי רכב | צבעות רכב | שירות תיקון למזגן אויר לרכב,יוסיפוביץ אילן | לביא גבי | ינקו יעקב
12534,אן קאר סרוויס- רוי חלפים בע מ,מוסך מורשה,חולון,הלהב 6 חולון,050-2777333,,514955244,2,מכונאות רכב בנזין | מכונאות רכב דיזל,אזולאי מומי
12535,אלון אוחנה שרותי רכב,מוסך מורשה,ראשון לציון,פרשקובסקי 1,053-4838084,,28905289,1,אוטוטק רכב קל,אוחנה אלון
12536,בני חמו שירותי רכב,מוסך מורשה,פתח תקווה,גיסין 65,054-4044708,,31845316,2,מכונאות רכב בנזין | מכונאות רכב דיזל,חמו בני
12538,מוסך אחים ימין,מוסך מורשה,פתח תקווה,בר כוכבא 66,054-4318847,,53202727,2,מכונאות רכב בנזין | מכונאות רכב דיזל,ימין משה
12539,נתן דזובולצקי - נתן את תובל,מוסך מורשה,הרצלייה,החושלים 9,09-9542272,46724,30105050,2,חשמלאות רכב | שירות תיקון למזגן אויר לרכב,עציון רונן
12540,אחרי נגררי שטח בע מ,מוסך רישוי לרכב חדש,כפר קאסם,א.ת.,052-2556550,,515994994,1,רישום ראשוני לרכב חדש,שליו אלון
12542,שי דוד מוסכים בע מ,מוסך מורשה,ראשון לציון,פינקס  7,03-7582282,,515305902,3,מכונאות רכב בנזין | מכונאות רכב דיזל | חשמלאות רכב,עובדיה שלמה | אברהימי שרון
12543,הינומה מ.א.י בע מ,מוסך רישוי לרכב חדש,תל אביב -יפו,המסגר 20,050-5268765,,514951664,1,רישום ראשוני לרכב חדש,זגה שי
12544,רן שובל - מוטורס סנטר,מוסך מורשה,ראש העין,העבודה 16 תד4801766,052-3776668,,36067072,1,מכונאות אופנועים וקטנועים,זר דוד
12545,טסלה מוטורס בע מ,מוסך מורשה,פתח תקווה,עמל 70,054-7786868,49513,516106986,2,אוטוטק רכב קל | תיקון אחזקת רכב חשמלי/היברידי,רייטר מורן
12546,א.מ למשאיות בע מ,מוסך רישוי לרכב חדש,טייבה,ת.ד 7076,053-2203401,40400,516009750,1,רישום ראשוני לרכב חדש,חאג יחיא עמיר
12548,י.ויינגולד נגררים בע מ,מוסך רישוי לרכב חדש,גזר,איזור תעשיה קיבוץ גזר,054-2225111,,515103125,1,רישום ראשוני לרכב חדש,ויינגולד יאיר
12549,פריג' נור - מוסך הדיזל נור,מוסך מורשה,כפר קאסם,ת.ד. 440,050-3321871,48810,301306288,3,מכונאות רכב בנזין | מכונאות רכב דיזל | מכונאות דיזל משאיות ואוטובוסים,טאראנדש שמחה
12550,מרכז הברקס מ.ר. בע מ,מוסך מורשה,כפר קאסם,ת.ד. 3126,053-7723866,48840,513531301,1,רפידות ותופי בלם,פילובסקי דוד
12551,יורו יפן מוטורס בע מ,מוסך מורשה,טייבה,ת.ד. 2376,052-2439640,,516287026,2,מכונאות רכב בנזין | מכונאות רכב דיזל,חאג יחיא גיהאד | חאג יחיא גיאהד
12552,מכשירי תנועה ומכוניות 2004 בעמ,מוסך מורשה,ראשון לציון,שנקר 13   שורק,054-9033230,,513619601,7,מכונאות רכב בנזין | מכונאות רכב דיזל | תיקון אחזקת רכב חשמלי/היברידי | חשמלאות רכב | תיקון והחלפת צמיגים | תיקון וכוון מתלים ברכב | שירות תיקון למזגן אויר לרכב,לוין מיכאל | מנחם נתן | דרוקר יעקב
12555,מכון רישוי טסטמוביל בע מ,מכון רישוי,נתניה,האורזים 31,052-7585888,,513177568,6,בדיקות עשן ברכב דיזל | בדיקות-רכב )קניה ומכירה) | מכון רישוי-פתוח לשרות הציבור | רישום ראשוני לרכב חדש | תיקון וכוון מתלים ברכב | בדיקת רכב לאחר תאונה,אבו זמירו עלם
12556,מפעלי דינמומטר לבדיקות רכב בע מ,מוסך מורשה,רמת השרון,אוטו סנטר מתחם פי גלילות,054-3998866,,510459860,1,בדיקות-רכב )קניה ומכירה),אוליאל אליהו
12557,ארטי לטא מערכות בע מ,מוסך רישוי לרכב חדש,יבנה,חידקל 18 יבנה,052-5531504,,,1,רישום ראשוני לרכב חדש,ישראל אייל
12559,יעד ליסינג ומימון לרכב בע מ,מוסך רישוי לרכב חדש,רחובות,נחושתן 12,050-3101122,,514676352,1,רישום ראשוני לרכב חדש,רז אמיר
12560,בשארה אחמד-א.פ פחחות וצבע,מוסך מורשה,טירה,ת.ד. 7355,052-4239308,44915,65919045,3,תיקון אחזקת רכב חשמלי/היברידי | תיקון מרכבי רכב | צבעות רכב,בשארה אחמד
12562,ציימפיון בייק בהנהלת לירן אוחנה,מוסך מורשה,בני ברק,מבצע קדש 49 בני ברק,03-6326265,,308069384,1,מכונאות אופנועים וקטנועים,אוחנה לירן
12566,ניזאר חשמל רכב,מוסך מורשה,בת ים,האורגים 9,052-2588264,,23226137,1,חשמלאות רכב,עמרם עמיקם
12567,אבו עינים יחיא - אטלס קטנועים,מוסך מורשה,לוד,דהמשה 37 אזור תעשיה דרומי לוד,050-5415488,,206990590,1,מכונאות אופנועים וקטנועים,חדאד אליאס
12568,י.מ יוסף מימון פרונט מוטורס בע מ,מוסך מורשה,ראשון לציון,פרשובסקי 8,053-7341541,,514536028,4,מכונאות רכב בנזין | מכונאות רכב דיזל | תיקון וכוון מתלים ברכב | בדיקת רכב לאחר תאונה,מימון יוסף | מיימון יוסף
12569,הבלם שולמן 2020 בע מ,מוסך מורשה,ראשון לציון,בומה שביט 3,054-8070084,,516225653,1,שיפוץ מכללי בלמים,שולמן אהרון
12570,אם.טי.מבדקי רכב 2021 בע מ,מוסך רישוי לציוד חקלאי,נתניה,הכדר 25,052-2326232,,516385226,7,מכונאות רכב בנזין | מכונאות רכב דיזל | מוסך רישוי לציוד חקלאי | אישור כשירות לצמ ה ומכונה ניידת | טרקטורים ומכונות ניידות | תיקון טרקטורונים | תיקון מלגזות הרמה,אלבז אריאל נס | אלבז אריאל ניסי
12575,טופ אר אס בע מ,מוסך מורשה,גן יבנה,העמל 15,052-2625945,,516340304,2,תיקון והחלפת צמיגים | תיקון וכוון מתלים ברכב,מפן אליהו | איל יואב
12576,מלניום קאר ממן גילי,מוסך מורשה,גן יבנה,אהוד בן גרה 80,050-5521512,,27361211,2,מכונאות רכב בנזין | מכונאות רכב דיזל,לוי שלומי
12578,מ.ר שרותי רכב בע מ,מוסך מורשה,חולון,הסתת 20 חולון,052-33055451,,516366960,4,מכונאות רכב בנזין | מכונאות רכב דיזל | תיקון מרכבי רכב | צבעות רכב,לונדון אלירן | ממן מאיר
12579,המאגר ב.נ.כ. בע מ,מוסך רישוי לרכב חדש,ראשון לציון,פלוטיצקי 1,050-9317070,,510967805,1,רישום ורישוי לרכב חדש,טרבולוס שמואל
12581,מרכז שרות משה דיין פחחות בע מ,מוסך מורשה,פתח תקווה,ת.ד. 3322 אפעל 32,03-5701614,49511,516291192,6,מכונאות רכב בנזין | מכונאות רכב דיזל | תיקון אחזקת רכב חשמלי/היברידי | חשמלאות רכב | תיקון מרכבי רכב | צבעות רכב,דיין משה | אטיאס גבריאל
12582,שלומי סרור שרותי רכב וחלקי חילוף,מוסך מורשה,תל אביב -יפו,תל גיבורים 46,050-5265067,,28428019,2,מכונאות רכב בנזין | מכונאות רכב דיזל,סרור סלמן שלמ
12583,סטאר שרותי רכב בע מ,מוסך מורשה,הוד השרון,החרש 18,052-6366444,,515053197,6,מכונאות רכב בנזין | מכונאות רכב דיזל | חשמלאות רכב | תיקון מרכבי רכב | צבעות רכב | תיקון והחלפת צמיגים,ארביב ציון | חטם דוד
12585,טיייר סנטר רשת צמיגים בע מ,מוסך מורשה,ראשון לציון,יצחק בן צבי 43,03-9601853,,514583558,1,תיקון והחלפת צמיגים,אלבנא מוחמד
12586,ב.ג מוטורס 2017 בע מ,מוסך רישוי לרכב חדש,אור יהודה,הפלדה 5,074-7250375,,515682698,1,רישום ראשוני לרכב חדש,בוסקילה דוד
12587,פדילה עאוני-פחחות וצבע אלאנואר,מוסך מורשה,,ת.ד. 1931,050-9900077,44915,34900423,2,תיקון מרכבי רכב | צבעות רכב,פדילה אוסאמה | מטר ראיד
12588,עובדיה יעקב - עובדיה נגררים,מוסך רישוי לרכב חדש,כפר קאסם,ת.ד. 2801,050-4877724,,22016141,1,רישום ראשוני לרכב חדש,עובדיה יעקב
12589,מוסכי רפאלו - יהודה בוטביקה,מוסך מורשה,נתניה,אורט 9,050-3759855,,313512634,2,תיקון מרכבי רכב | צבעות רכב,עבדאלקדר עימאד | עבד אלקדר עימאד
12590,צמיגי ליגד בע מ,מוסך מורשה,מודיעין-מכבים-רעות*,שד' הרכס ת.דלק פז,052-4774868,,516403334,1,תיקון והחלפת צמיגים,כהן אברהם
12591,סבן יעקב ציוד לבניין בע מ,מוסך מורשה,רמת גן,א.ת- כפר אזר,054-5381381,,511752305,6,מכונאות רכב בנזין | מכונאות רכב דיזל | מכונאות דיזל משאיות ואוטובוסים | תיקון והחלפת צמיגים | טרקטורים ומכונות ניידות | תיקון מלגזות הרמה,חאסקיה פהמי | נחום דוד | טבול אריה
12592,גיאו מוביליטי בע מ,מוסך רישוי לרכב חדש,בני עי ש,א.ת בני עיש,08-6110228,,516271350,1,רישום ורישוי לרכב חדש,ברו חדר
12594,אוטו חן בע מ,מוסך רישוי לרכב חדש,חולון,נמרכבה 36,054-8050263,,510421787,1,רישום ראשוני לרכב חדש,מורדוך משה
12595,אוטו-טק ד שירותי רכב כ ס בע מ,מוסך מורשה,כפר סבא,יוחנן הסנדלר 20,09-7667300,,513701227,4,מכונאות רכב בנזין | מכונאות רכב דיזל | חשמלאות רכב | שירות תיקון למזגן אויר לרכב,אלהורן עמית | שליט מתתיהו
12596,מוסך אלי פרקוף,מוסך מורשה,שילת,בית לוטם,050-6529055,,201460722,1,אוטוטק רכב קל,פרקוף אליהו
12597,מוסך הקשת - חאפי קאמל,מוסך מורשה,לוד,מודיעין 4,053-6626330,,59890509,2,מכונאות רכב בנזין | מכונאות רכב דיזל,חאפי קמאל
12598,צמיגי צרלי חילו - חילו שרביל,מוסך מורשה,תל אביב -יפו,סמטת שלוש 5,050-7302756,,23110802,1,תיקון והחלפת צמיגים,חילו גורג
12600,מוסך ארין - גסאן מסארווה,מוסך מורשה,כפר קאסם,א.ת.,052-3799465,,34892034,3,מכונאות רכב בנזין | מכונאות רכב דיזל | מכונאות דיזל משאיות ואוטובוסים,עבד אל קדר סאמר
12601,אר-פלסט  - ארוין ברנשטיין,מוסך מורשה,פתח תקווה,ת.ד 3163 עמל 13,052-5296001,,16988669,2,תיקון מרכבי רכב | צבעות רכב,יסמאילוב בוריס
12602,טכנו פ.י.א. צפון בע מ,מוסך מורשה,רמת השרון,מתחם פי גלילות,053-7372303,,513623074,2,בדיקות-רכב )קניה ומכירה) | תיקון וכוון מתלים ברכב,קמחי אורי שלו
12603,יונייטד שיא בע מ,מוסך מורשה,בני ראם,בני ראם,050-9091321,,513111021,1,צבעות רכב,בר יוחאי בני
12604,ר.ט כהן 2004 בע מ,מוסך מורשה,עמק חפר,בית הראשונים 36,054-4580091,,513493312,4,אישור כשירות לצמ ה ומכונה ניידת | טרקטורים ומכונות ניידות | תיקון טרקטורונים | תיקון מלגזות הרמה,קורב אהרון | קורב אהרן
12607,לוי אופק - טסט טים,מוסך רישוי לציוד חקלאי,תל אביב -יפו,חגוי הסלע 31,00-0,,21244280,1,מוסך רישוי לציוד חקלאי,לוי אופק
12608,חמאדה כוכב השרון,מוסך מורשה,ג'לג'וליה,ת.ד. 1072,054-7702328,,209027192,2,מכונאות רכב בנזין | מכונאות רכב דיזל,זיסמן שמחה
12610,אלי מוטורס בהנהלת אלי קלדטה,מוסך מורשה,בת ים,אהוד קינמון 28,050-3750850,,300333036,1,אוטוטק אופנועים/קטונעים/טרקטרונים,קלדטה אליהו
12612,י.טיונינג בהנהלת יותם,מוסך מורשה,חולון,הסדנא 24,052-3379433,,38802591,1,חשמלאות רכב,קריסטל יותם
12614,צמיגי מקס שילת בע מ,מוסך מורשה,שילת,ת.ד. 15 מתחם אייס,050-3034060,,515876100,2,תיקון והחלפת צמיגים | תיקון וכוון מתלים ברכב,אבו סביח מוחמד | עופרי נתנאל
12615,צמיגי מקס שילת בע מ,מוסך מורשה,שילת,הגלבוע 5,054-3034060,,515876100,2,מכונאות רכב בנזין | מכונאות רכב דיזל,מוחתסב ווליד
12616,קבוצת חכם אן.אר.אן בע מ,מוסך רישוי לרכב חדש,אזור,המצודה 6,050-7690000,,516528429,1,רישום ראשוני לרכב חדש,חכם יעקב בוע
12617,מוסך נסים - רביע שואהנה,מוסך מורשה,כפר קאסם,א.ת,050-4241076,,313239139,1,אוטוטק מרכבי רכב וצביעתם,רביע שואהנה
12619,סואלמה תיסיר-פחחות וצבע קשת,מוסך מורשה,קלנסווה,ת.ד. 5718,052-8996732,,313834939,1,אוטוטק מרכבי רכב וצביעתם +מסגרות,ערוה דבדוב
12620,ב.ה. אופיר ליסינג בע מ,מוסך רישוי לרכב חדש,נתניה,גיבורי ישראל 15,054-3999575,,514363175,1,רישום ראשוני לרכב חדש,אלזם יגאל
12621,מרכז שירות שמריהו,מוסך מורשה,הוד השרון,החרש 16,052-2683068,,316040419,2,מכונאות רכב בנזין | מכונאות רכב דיזל,רייס אליעזר
12622,מכלול רן תיקוני רכב בע מ,מוסך מורשה,פתח תקווה,העמל 64 פתח תקוה,054-4817000,,513918342,3,מכונאות רכב בנזין | מכונאות רכב דיזל | שירות תיקון למזגן אויר לרכב,ראובן נעים | עניס רפאל
12623,מרכז שירות אוטו שי פחחות וצבע לר,מוסך מורשה,ראשון לציון,אצל 21 ראשל צ,052-3733458,,516502549,2,תיקון אחזקת רכב חשמלי/היברידי | אוטוטק מרכבי רכב וצביעתם,עמורבן מאור
12625,סוליטק שרותי רכב-אלדראגה סלימאן,מוסך מורשה,כפר קאסם,ת.ד 3922,050-4327486,,36061232,1,אוטוטק רכב קל,אלדראגה סלימאן
12626,יארין ג.ב אחזקות בע מ,מוסך רישוי לרכב חדש,נתניה,הצורן 4,054-4888333,,516202058,1,רישום ראשוני לרכב חדש,בס יארין
12627,למונס איי. אל בע מ,מוסך רישוי לרכב חדש,גליל ים,ת.ד. 135,054-9770203,,515841815,1,רישום ראשוני לרכב חדש,בן שלמה ניר
12630,המכונאי- אורן יפרח,מוסך מורשה,יבנה,המיסב 5 יבנה,054-7799759,,38984365,2,מכונאות אופנועים וקטנועים | תיקון טרקטורונים,אורן יפרח | יפרח אורן
12633,אופנועי מטלון גרופ בע מ,מוסך רישוי לרכב חדש,תל אביב -יפו,שוקן 24,053-7207106,,516585932,3,מכונאות אופנועים וקטנועים | רישום ורישוי לרכב חדש | תיקון טרקטורונים,לוי נסים | יעקב סלע | רדקר אמנון
12635,מוסך די מוטור - חלא דוד,מוסך מורשה,פתח תקווה,גזית 9,050-2554027,,204628150,1,מכונאות אופנועים וקטנועים,ארנון אלכסנדר
12636,טופ קאר - מוגרבי עאדל,מוסך מורשה,קלנסווה,ת.ד. 5384,050-9201361,,204212955,2,מכונאות רכב בנזין | מכונאות רכב דיזל,פרוגה קאסם
12639,אדיר מוסכים בע מ,מוסך מורשה,ראשון לציון,בומה שביט 1,054-4303029,,516630852,2,תיקון מרכבי רכב | צבעות רכב,אקטש ישר
12640,באזי שירותים )או.בי( בע מ,מוסך מורשה,נתניה,הרכב 5,050-9588001,,516585577,2,מכונאות רכב בנזין | מכונאות רכב דיזל,אביטן אביחי ניס
12642,ש.ש דיאגנוסטיקה בע מ,מוסך מורשה,נתניה,אורט 23,050-4326700,,516677382,4,מכונאות רכב בנזין | מכונאות רכב דיזל | תיקון אחזקת רכב חשמלי/היברידי | שירות תיקון למזגן אויר לרכב,מסיקה שמעון
12643,מוסך ליטל 2008 בע מ,מוסך מורשה,פתח תקווה,היצירה 5,052-6890898,,514090505,8,מכונאות רכב בנזין | מכונאות רכב דיזל | תיקון אחזקת רכב חשמלי/היברידי | חשמלאות רכב | תיקון והחלפת צמיגים | אוטוטק מרכבי רכב וצביעתם | תיקון וכוון מתלים ברכב | שירות תיקון למזגן אויר לרכב,מדינה משה | נתנוב שלומי | איוב עאדל | בן עזרא פיני
12644,ש.א.ם מסחר והשקעות בע מ,מוסך מורשה,טייבה,א.ת,050-6666657,,516363058,3,תיקון אחזקת רכב חשמלי/היברידי | תיקון מרכבי רכב | צבעות רכב,פאני ניאהד | אבו פני נהאד
12646,מוסך דורון לביא,מוסך מורשה,רחובות,היצירה 7 רחובות,052-3055531,,28834604,2,תיקון מרכבי רכב | צבעות רכב,דדי שמעון
12647,מוסך אדי,מוסך מורשה,קריית עקרון,בעלי המלאכה 5 קריית עקרון,052-8985090,,36474419,2,מכונאות רכב בנזין | מכונאות רכב דיזל,יעיש ציון
12648,א.ס ריידר בע מ,מוסך מורשה,פתח תקווה,דוד מרכוס 52,052-5428628,,516699071,2,מכונאות אופנועים וקטנועים | תיקון טרקטורונים,מזרחי רון
12649,ליאל קור - יפרח ישראל,מוסך מורשה,תל אביב -יפו,בית אלפא 7,053-6661015,,59616045,2,חשמלאות רכב | שירות תיקון למזגן אויר לרכב,יצחקיאן יצחק
12653,יוליה טורבו - בלדר אולג,מוסך מורשה,ראשון לציון,פלוטיצקי 26,050-8929988,,319641593,2,מכונאות רכב בנזין | מכונאות רכב דיזל,שמר אלי
12654,נאור שי השקעות בע מ,מוסך רישוי לרכב חדש,רחובות,בילו 9 רחובות,054-8871700,,515577443,1,רישום ראשוני לרכב חדש,שי נאור
12659,ג.ב רישוי השרון - גבאלי בקר,מוסך רישוי לציוד חקלאי,,טארק עבד אל חי,050-6659599,,312470370,10,אוטוטק רכב קל | מכונאות דיזל משאיות ואוטובוסים | תיקון וכיול טכוגרפים דגיטלי | תיקון והחלפת צמיגים | מוסך רישוי לציוד חקלאי | אישור כשירות לצמ ה ומכונה ניידת | טרקטורים ומכונות ניידות | תיקון טרקטורונים | תיקון מלגזות הרמה | תיקון וכיול טכוגרפים,גבאלי בקר | נאסר ואסים | גבאלי באקר
12660,ר.ג.א לסביבה בע מ,מוסך מורשה,פתח תקווה,גזית 5 פתח תקווה,054-7757819,,513904359,4,מכונאות רכב בנזין | מכונאות רכב דיזל | תיקון אחזקת רכב חשמלי/היברידי | טרקטורים ומכונות ניידות,הרוני אבי | הרוני אברהם
12661,בטשון תאופיק - מוסך טוטו,מוסך מורשה,ראשון לציון,בן לולו 4,050-3700052,,300951191,2,מכונאות רכב בנזין | מכונאות רכב דיזל,אריאל משה
12664,חצב נציגויות  בע מ,מוסך מורשה,ראשון לציון,המדע 1,054-4236898,,511763153,1,תיקון והחלפת צמיגים,אלמו יטברק יהוא
12665,צמיגי ליאון בע מ,מוסך מורשה,קלנסווה,ת.ד. 386,052-5403455,,516742178,1,תיקון והחלפת צמיגים,חדיגה נימר
12666,ק.ט 26 מבדקי רכב בע מ,מוסך מורשה,נתניה,האומנות 20,053-2254914,,516531779,5,מכונאות רכב בנזין | מכונאות רכב דיזל | בדיקות-רכב )קניה ומכירה) | תיקון וכוון מתלים ברכב | בדיקת רכב לאחר תאונה,חיון ציון
12667,מוסך בראא - סרסור נור אלדין,מוסך מורשה,כפר קאסם,ת.ד. 823,054-5811452,,212437073,1,אוטוטק מרכבי רכב וצביעתם,צרצור מחמוד
12668,מולטי רייטל גרופ בע מ,מוסך מורשה,בני ברק,מבצע קדש 56 בני ברק,050-9013420,,515546224,5,מכונאות רכב בנזין | מכונאות רכב דיזל | תיקון והחלפת צמיגים | בדיקות-רכב )קניה ומכירה) | תיקון וכוון מתלים ברכב,עמיר אמין | חנאניא אדמונד
12669,מוסך המחלץ - מרדכי פחימה,מוסך מורשה,שילת,החרמון 40,052-4090550,,21387402,2,מכונאות רכב בנזין | מכונאות רכב דיזל,יונה שלומי
12673,עזר אנטון - מוסך מוטו טוני,מוסך מורשה,תל אביב -יפו,הסדנא 16,054-2146167,,201663093,1,מכונאות אופנועים וקטנועים,עאזאר אנטואן
12675,ח.חויו ובניו בע מ,מוסך מורשה,תל אביב -יפו,שד רוקח 104,054-8113819,,511277253,1,תיקון והחלפת צמיגים,רגב מחמד
12676,רכסים זיוודי עילית בע מ,מוסך רישוי לרכב חדש,ברקן,ת.ד. 77 רחבעם זאבי 12,055-6655787,,514536820,1,רישום ראשוני לרכב חדש,רכס נמרוד
12677,הילוך שישי אי. וי בע מ,מוסך מורשה,ראשון לציון,אצל 18,053-7530075,,511235061,5,מכונאות רכב בנזין | מכונאות רכב דיזל | תיקון אחזקת רכב חשמלי/היברידי | תיקון מרכבי רכב | צבעות רכב,בורג שלמה | פוזיילוב אבנר
12678,א.ב מערכות,מוסך מורשה,כפר קאסם,א.ת נוף הארץ,052-3278169,,38457719,1,שיפוץ מכללי בלמים,שיטרית שמעון
12679,מצארווה מוחמד - מוסך אדם בשרון,מוסך מורשה,טייבה,ת.ד. 3833,052-8029032,40400,65632705,1,אוטוטק רכב קל,מצארווה מוחמד
12680,יונייטד שיא בע מ,מוסך מורשה,ראשון לציון,בן צבי 10,052-2498965,,513111021,2,תיקון מרכבי רכב | צבעות רכב,דב זיגלמן
12681,רכב מורז בע מ,מוסך מורשה,ראשון לציון,טוליפמן 4 רשל צ,054-6234222,,516927373,4,מכונאות רכב בנזין | מכונאות רכב דיזל | חשמלאות רכב | שירות תיקון למזגן אויר לרכב,חג'אזי חסן
12682,הזוהר החדש בע מ,מוסך מורשה,ראשון לציון,פלוטיצקי 12,052-7530007,,516799061,2,תיקון מרכבי רכב | צבעות רכב,עזרתי מרדכי
12684,מוסך  דלוקס - שתיווי מוחמד,מוסך מורשה,כפר קאסם,א.ת,054-7333676,,204340087,4,אוטוטק רכב קל | תיקון אחזקת רכב חשמלי/היברידי | תיקון מרכבי רכב | צבעות רכב,שתיווי מוחמד | שתיוי מוחמד | שתיווי סמיר
12685,מוסכי דין אשר כהן בע מ,מוסך מורשה,פתח תקווה,משה שוולב 4,050-7530745,,516801586,2,תיקון מרכבי רכב | צבעות רכב,בר דוד מנחם
12686,שפס אופנועים סחר 2003 בע מ,מוסך רישוי לרכב חדש,חולון,הצורף 2,054-4777148,,513367839,1,רישום ראשוני לרכב חדש,שפס צבי
12687,מוסך קאר פוינט - בשמשניקוב איליה,מוסך מורשה,פתח תקווה,בר כוכבא 59,052-6284949,,334018355,2,מכונאות רכב בנזין | מכונאות רכב דיזל,פולוטובסקי אלכס
12688,מכון הצוות - מחמוד נצראללה,מוסך מורשה,כפר קאסם,ת.ד 2070 כפר קאסם,052-8777597,,516776044,3,מכונאות רכב בנזין | מכונאות רכב דיזל | תיקון וכוון מתלים ברכב,אלחנטי נדב
12689,מכשירי תנועה ומכוניות (2004) בעמ,מוסך רישוי לרכב חדש,ראשון לציון,אריה שנקר 13,054-9033366,,513619601,1,רישום ראשוני לרכב חדש,נומה פזית
12690,מרכז שירות קונדס,מוסך מורשה,חולון,המלאכה 8,053-7708317,,23111073,2,תיקון מרכבי רכב | צבעות רכב,טחאן ואיל | קונדס חמיס
12691,ציון דנינו דביר דוד-די.זד מוטורס,מוסך מורשה,נתניה,המסגר 8,053-3066026,,57459455,2,מכונאות רכב בנזין | מכונאות רכב דיזל,בסון אורי
12692,מוסך ערן זיו בע מ,מוסך מורשה,ראשון לציון,פלוטיצקי 12,050-3305115,,516839883,2,מכונאות רכב בנזין | מכונאות רכב דיזל,זיו ערן
12693,צמיגי זיתוני ונעים,מוסך מורשה,בת ים,אהוד קינמון 28 בת ים,050-3310331,,55270235,1,תיקון והחלפת צמיגים,יוסף מרדכי
12694,מוטו רייסינג - דניאל אמיתי,מוסך מורשה,פתח תקווה,הלפיד 2,054-7001269,,318254380,2,מכונאות אופנועים וקטנועים | תיקון טרקטורונים,אמיתי דניאל אל
12696,בנישו ליאון - אילוון מוטוספורט,מוסך מורשה,כפר סבא,הנגר 1,053-8568446,,345319859,2,מכונאות אופנועים וקטנועים | תיקון טרקטורונים,חצור נועם
12697,צמיגי אושיק - מסיכה דורון,מוסך מורשה,פתח תקווה,מגשימים 5,052-6622228,,27925312,2,תיקון והחלפת צמיגים | תיקון וכוון מתלים ברכב,מסיכה דורון | אפריאט סמי
12699,ח. חויו ובניו בע מ,מוסך מורשה,הרצלייה,יוסף נבו 35,054-6250252,,511277253,1,תיקון והחלפת צמיגים,אלעיסאוי מחמוד
12700,קאר מוטורס פחחות וצבע לרכב בעמ,מוסך מורשה,יהוד-מונוסון,אבן גבירול 7,050-7268817,,516782927,1,תיקון מרכבי רכב,מאירי אברהם
12701,קאי שירותי רכב בע מ,מוסך מורשה,פתח תקווה,דוד מרכוס 6,054-2445599,,516880739,2,תיקון מרכבי רכב | צבעות רכב,דיין שמעון
12702,קריסטלינו בע מ,מוסך רישוי לרכב חדש,תל אביב -יפו,המסגר 16,054-8138127,,515364511,3,תיקון אחזקת רכב חשמלי/היברידי | מכונאות אופנועים וקטנועים | רישום ראשוני לרכב חדש,אברהמי חיים | אלבז רן
12703,מוסך ר.כ אקספרס מוטורס בע מ,מוסך מורשה,רחובות,משה יתום 9,053-2868937,,516897139,2,מכונאות רכב בנזין | מכונאות רכב דיזל,אביבי אורן
12704,אמיר סולטן-כיוון פרונט המומחים,מוסך מורשה,טירה,ת.ד. 1448 טארק עבד אל חי,052-5080806,,40287393,3,אוטוטק רכב קל | תיקון וכוון מתלים ברכב | בדיקת רכב לאחר תאונה,סמארה עבד אל רח | סמארה עבד
12706,עדי עד שרותי רכב - דוד חי יניב,מוסך מורשה,צור יגאל,התפוז 8,053-7663158,,34890558,1,מוסך נייד לחילוץ ולתיקוני חירום,דוד חי יניב
12707,מוסך הוד מוטורס - הוד סלאמה,מוסך מורשה,קלנסווה,ת.ד 43,053-7459573,,38045787,3,אוטוטק רכב קל | תיקון וכוון מתלים ברכב | בדיקת רכב לאחר תאונה,סלאמה הוד
12708,דלהום מוטורס בע מ,מוסך מורשה,הוד השרון,היובלים 12,054-7776977,,514256783,8,מכונאות רכב בנזין | מכונאות רכב דיזל | מכונאות דיזל משאיות ואוטובוסים | תיקון אחזקת רכב חשמלי/היברידי | חשמלאות רכב | תיקון מרכבי רכב | צבעות רכב | שירות תיקון למזגן אויר לרכב,בננו אילן | אילן בננו | אגמיל אדהם
12709,מוסך אבישי חסון,מוסך מורשה,משמר איילון,התאנה 5 פינת הגפן מושב בן נון,050-7651130,,17900440,2,מכונאות אופנועים וקטנועים | תיקון טרקטורונים,חסון אבישי
12710,אחמד אבו סיף - דהלוקס טאץ,מוסך מורשה,צריפין,ת. דלק דלק,052-8333303,,58914425,1,תיקון והחלפת צמיגים,טברי מוסטפא
12711,טסלה מוטורס ישראל בע מ,מוסך מורשה,נתניה,הקדר 39,050-2081003,,516106986,3,אוטוטק רכב קל | תיקון אחזקת רכב חשמלי/היברידי | תיקון וכוון מתלים ברכב,דיין צחי יצחק
12713,חברת המזרח לשיווק מכוניות בע מ,מוסך מורשה,חולון,הפלד 12 חולון,03-6821782,,511961542,5,מכונאות רכב בנזין | מכונאות רכב דיזל | תיקון אחזקת רכב חשמלי/היברידי | תיקון מרכבי רכב | צבעות רכב,רייך שרמן שעי | רייך שרמן | חוריה אקרם
12714,פנצ'ריית טיפ טופ בע מ,מוסך מורשה,חולון,המלאכה 43 חולון,050-5314145,,514092147,1,תיקון והחלפת צמיגים,אבו סלימאן סעיד
12715,טנדו מסגריה ונגררים לרכב בע מ,מוסך רישוי לציוד חקלאי,כפר ברא,רח' סאלח א דין 85,050-5334256,,516016227,6,אוטוטק רכב קל | מוסך רישוי לציוד חקלאי | אישור כשירות לצמ ה ומכונה ניידת | טרקטורים ומכונות ניידות | תיקון טרקטורונים | תיקון מלגזות הרמה,אבו פריח פרחאן | פרחאן אבו פריח
12717,ש.כ.ן מסחר כללי בע מ,מוסך מורשה,טייבה,ת.ד. 5360,050-5270182,,510425655,4,מכונאות רכב בנזין | מכונאות רכב דיזל | מכונאות דיזל משאיות ואוטובוסים | תיקון אחזקת רכב חשמלי/היברידי,מגדלי דני
12718,מרכז שרות דור 36 בע מ,מוסך מורשה,פתח תקווה,גיסין 70,053-3789792,,516451705,6,מכונאות רכב בנזין | מכונאות רכב דיזל | תיקון אחזקת רכב חשמלי/היברידי | חשמלאות רכב | אוטוטק מרכבי רכב וצביעתם | שירות תיקון למזגן אויר לרכב,צדוק שחר | לוי שלמה | קולבטוב אולג
12720,צ'קבאי בע מ,מוסך מורשה,רעננה,היצירה 17 רעננה,050-5151158,,517050092,2,בדיקות-רכב )קניה ומכירה) | תיקון וכוון מתלים ברכב,אבו חוסין איאד
12721,אליאור מוטור - אליהו כולי,מוסך מורשה,תל אביב -יפו,ריבל 23,053-8900002,,315999441,1,מכונאות אופנועים וקטנועים,סיבאני גוזף
12723,מוטו בוטיק - רונן ועידן,מוסך מורשה,כפר סבא,אלי הורוביץ 4,054-4462140,,204008767,2,מכונאות אופנועים וקטנועים | תיקון טרקטורונים,עידן הלל
12724,מרום טכנולוגיות מתקדמות לרכב בעמ,מוסך מורשה,פתח תקווה,אמיל זולא 29,054-6555772,,515882876,4,מכונאות רכב בנזין | מכונאות רכב דיזל | חשמלאות רכב | שירות תיקון למזגן אויר לרכב,דריזון נחמן
12725,הד אופנועים - שלום סוכר,מוסך מורשה,הרצלייה,משכית 15 א',050-5306931,,25258047,2,מכונאות אופנועים וקטנועים | תיקון טרקטורונים,סוכר שלום
12726,מוסך הסדנא חולון,מוסך מורשה,חולון,הסדנא 8 חולון,052-3389193,,205648520,1,אוטוטק רכב קל,לוי עבדה בר
12727,מוסך לאמיר פחחות - עבד גבארה,מוסך מורשה,טייבה,ת.ד. 4043,052-5851309,,40275620,1,תיקון מרכבי רכב,גבארה עבד
12728,מוסך מוטי מחדון,מוסך מורשה,רחובות,דרך הים 12 רחובות,053-7449332,,43040575,2,מכונאות רכב בנזין | מכונאות רכב דיזל,חצרוני נועם
12729,צמיגי געש בהנהלת מחמוד,מוסך מורשה,כפר קאסם,תחנת דלק פז בכניסה לכפר קאסם,052-2354975,,59388041,1,תיקון והחלפת צמיגים,סרסור מחמוד
12731,מוסך בדרה לחשמל רכב,מוסך מורשה,לוד,אבא הלל סילבר 5,052-7351843,,29157666,1,חשמלאות רכב,בדרה אוסאמה
12734,מילניום דיל בע מ,מוסך רישוי לרכב חדש,ראשון לציון,נח מוזס 4 ראשל צ,050-2009209,,516264280,1,רישום ראשוני לרכב חדש,קליינר אלעד שמו
12735,אופנועי מוגרבי - עבד מוגרבי,מוסך מורשה,קלנסווה,ת.ד. 5380,052-7060877,,203346267,1,מכונאות אופנועים וקטנועים,מוגרבי עבד
12736,בי קלאס - באקר עאזם,מוסך מורשה,טייבה,ת.ד 482,052-5195589,,304949514,1,אוטוטק מרכבי רכב וצביעתם,עאזם בקר
12737,טרקטורים וציוד אי.טי.אי. בע מ,מוסך מורשה,שוהם,מחנה בן עמי,052-9434540,,512994054,3,מכונאות רכב בנזין | מכונאות רכב דיזל | מכונאות דיזל משאיות ואוטובוסים,כהן יוסף
12738,טכנוטסט שירותי רכב בע מ,מוסך מורשה,תל אביב -יפו,אנילביץ 46,054-4806100,,511314320,2,בדיקות-רכב )קניה ומכירה) | תיקון וכוון מתלים ברכב,בולגר אלכסנדר
12739,עמית פחחות וצבע - עמית צרוינסקי,מוסך מורשה,אזור,ההסתדרות 10,053-7727247,,25326976,2,תיקון מרכבי רכב | צבעות רכב,אשכנזי יובסף | צרוינסקי עמית
12740,צמיגי ושטיפת יעקב בע מ,מוסך מורשה,ראש העין,העבודה 17 ליד מכון רישוי,052-4371766,,514929082,1,תיקון והחלפת צמיגים,גודה מחמד
12741,פרו בייק רייס - גיל רואה,מוסך מורשה,נתניה,המלאכה 29,052-5919439,,301484952,2,מכונאות אופנועים וקטנועים | תיקון טרקטורונים,גיל רואה
12742,ר.ן שעיה יבואני רכב בע מ,מוסך רישוי לרכב חדש,רחובות,הרצל 65,050-5367039,,516785722,1,רישום ראשוני לרכב חדש,שעיה עמית
12743,אנ. קאר שירות רכב - איהאב מסארוה,מוסך מורשה,טייבה,ת.ד. 997 ליד מוסך יסמין,053-6600570,40400,28379741,1,אוטוטק רכב קל,מסארוה אנקר איא
12744,תמיר סוכנויות מימון וליסינג בע מ,מוסך רישוי לרכב חדש,נתניה,שכטרמן 27,050-6377464,,511341414,1,רישום ראשוני לרכב חדש,יונה שרון
12745,צמיגי אדל בהנהלת דניאל,מוסך מורשה,ראשון לציון,משה שרת 6,050-6375306,,301241907,1,תיקון והחלפת צמיגים,אהרונוביץ דניאל
12746,הפנצריה שלנו הנהלת עידן,מוסך מורשה,ראשון לציון,משה בקר 35,050-7317185,,203144191,1,תיקון והחלפת צמיגים,אבו עווד ג'דוע
12747,מוסך וחלקי חילוף דוחא מוהנד בלעו,מוסך מורשה,טייבה,ת.ד. 8105,050-8565710,,36347508,2,מכונאות רכב בנזין | מכונאות רכב דיזל,בלעום מוהנד
12748,מוסך ראני - עבד אל חי ראני,מוסך מורשה,,ת.ד. 2720,054-8151530,40400,34901652,2,מכונאות רכב בנזין | מכונאות רכב דיזל,מסארווה נאסר
12749,צמיגי ליאם - ברזילי גלעד,מוסך מורשה,נתניה,פנקס 39,052-5751199,,22913743,1,תיקון והחלפת צמיגים,קשת זוהר
12750,זמירו מוטורס - זמירו יוסף,מוסך מורשה,קלנסווה,ת.ד. 757,053-6264622,,200743383,4,אוטוטק רכב קל | תיקון טרקטורונים | אוטוטק טרקטורים ומכונות ניידות | תיקון מלגזות הרמה,זמירו יוסף
12751,גראז'770 -  שמואל רועי,מוסך מורשה,חולון,המשביר 16,054-2274686,,206741167,2,מכונאות אופנועים וקטנועים | תיקון טרקטורונים,שמואל שלמה
12752,פורמנוב רייסינג - ויקטור פורמנוב,מוסך מורשה,ראשון לציון,יוסף ספיר 6,052-6950130,,332385202,2,מכונאות אופנועים וקטנועים | תיקון טרקטורונים,פורמנוב ויקטור
12753,קומפיוטסט הנדסת ציוד לרכב בע מ,מוסך מורשה,חולון,המרכבה 36,050-5522000,,511112120,1,בדיקות-רכב )קניה ומכירה),אלוחואח עזיז
12754,ש.שלמה שירותים בענף הרכב בע מ,מוסך מורשה,חולון,תמנע 19,050-8500175,,513456574,5,מכונאות רכב בנזין | מכונאות רכב דיזל | תיקון אחזקת רכב חשמלי/היברידי | חשמלאות רכב | שירות תיקון למזגן אויר לרכב,ויסמן רועי | וייסמן רועי
12755,הדר קאר אימפורט בע מ,מוסך רישוי לרכב חדש,נתניה,גד מכנס 19,054-9409595,,513565614,1,רישום ראשוני לרכב חדש,אפראימוב ראובן
12757,אוטוצ'ק בע מ,מוסך מורשה,חולון,פליקס זנדמן 6,050-7722723,,517113072,1,בדיקות-רכב )קניה ומכירה),סודאי רועי
12758,ד ר פח וצבע בע מ,מוסך מורשה,רחובות,דרך הים 12,052-6366154,,512206954,2,תיקון מרכבי רכב | צבעות רכב,אוזן אברהם | אברהם מאיר
12760,שרותי צמיגים א.סלי - אזברגה סלימ,מוסך מורשה,בית דגן.,מתחם פונדק אסא,052-7458622,,303000533,1,אוטוטק תיקון והחלפת צמיגים,חגאג מוחמד
12761,יהלום קאר סירוויס בע מ,מוסך מורשה,ראשון לציון,בומה שביט 1,054-9745519,,517093944,2,מכונאות רכב בנזין | מכונאות רכב דיזל,חצבניי יעקב | חצבני יעקב
12762,חביב עאטה - חביב שרותי רכב,מוסך מורשה,טייבה,ת.ד. 4274,053-8700778,,36186005,1,אוטוטק מרכבי רכב וצביעתם,עאטה חביב
12763,מגא משאבות בטון בע מ,מוסך מורשה,כפר ברא,א.ת,050-8266929,,514817881,3,מכונאות רכב בנזין | מכונאות רכב דיזל | מכונאות דיזל משאיות ואוטובוסים,עאסי מונזר
12764,מסארווה נאסר - ד ר גראז,מוסך מורשה,טייבה,ת.ד. 1717,052-6256161,,60716487,2,מכונאות רכב בנזין | מכונאות רכב דיזל,מסארווה נאסר
12765,שייאל מוטורס בע מ,מוסך רישוי לרכב חדש,רעננה,הנופר 5,054-6236380,,516365848,2,רישום ראשוני לרכב חדש | רישום ורישוי לרכב חדש,אילני אייל | קציר הרצל
12766,יורודרייב יבוא והפצה בע מ,מוסך רישוי לרכב חדש,ניר צבי,ת.ד. 200,052-5298938,,516795143,2,רישום ראשוני לרכב חדש | רישום ורישוי לרכב חדש,ארזוני איתן
12769,צמיגי המחלף ע.מ בע מ,מוסך מורשה,ג'לג'וליה,כביש 444,054-6392714,,515583508,4,מכונאות רכב בנזין | מכונאות רכב דיזל | תיקון והחלפת צמיגים | תיקון וכוון מתלים ברכב,שואהנה ראמי | מנטקה יעקב | שוואהנה ראמי
12771,בנגל שרותי דרך וצמיגים - בן גנון,מוסך רישוי לרכב חדש,שילת,הגלבוע 6,050-6488930,,206795155,1,תיקון והחלפת צמיגים,וייס אלכסנדר
12772,אלידור מוטורס בע מ,מוסך מורשה,תל אביב -יפו,שארית ישראל 15,053-2020864,,517163119,1,מכונאות אופנועים וקטנועים,גזנאי דניאל
12773,צמיגי תמיר - יהוד תמיר,מוסך מורשה,תל אביב -יפו,חרוץ 5,054-8320088,,36546257,1,תיקון והחלפת צמיגים,תמיר יהוד
12774,הסדנה שרותי רכב - סוואר סרסור,מוסך מורשה,כפר קאסם,ת.ד. 6359 אבן תיימיה 6,054-2870709,,32579757,2,מכונאות רכב בנזין | מכונאות רכב דיזל,בדיר עאיד
12776,מיה תיקוני פחחות וצבע בע מ,מוסך מורשה,ראשון לציון,משה בקר 32,054-6450034,,517155511,2,תיקון מרכבי רכב | צבעות רכב,מזרחי איתן
12778,אבי וגידי אופנועים בע מ,מוסך מורשה,תל אביב -יפו,קיבוץ גלויות 53,050-6784506,,517230017,1,אוטוטק אופנועים/קטונעים/טרקטרונים,גנסבר אברהם
12779,דנאל אי.וי בע מ,מוסך מורשה,כפר סבא,זאב בלפר 17,054-6780368,,517173811,4,מכונאות רכב בנזין | תיקון אחזקת רכב חשמלי/היברידי | חשמלאות רכב | שירות תיקון למזגן אויר לרכב,כהן יצחק | קרופיאש רפאל
12780,מוסך מרכבה רמלה - עמיר בוקובזה,מוסך מורשה,רמלה,אצל 19,052-6855094,,201466331,1,אוטוטק רכב קל,בוקובזה עמיר
12781,מוסך אלי - אלי פרחן,מוסך מורשה,רעננה,היצירה 17,052-2723991,,52299187,1,תיקון מרכבי רכב,בוארון יהודה
12783,אוטו גו דרייב בע מ,מוסך רישוי לרכב חדש,שילת,ארבל 2,052-2321478,,515760973,1,רישום ראשוני לרכב חדש,כהן אריאל
12784,ציפורי מוטורס,מוסך מורשה,חולון,הנגר 10,052-5836643,,322981952,1,מכונאות אופנועים וקטנועים,עובד דרור
12785,מוסך אדוארד חיימוב,מוסך מורשה,חולון,הסדנא 8,054-5335914,,306080961,1,אוטוטק מרכבי רכב וצביעתם +מסגרות,חיימוב אדוארד
12786,אוטו חן בע מ,מוסך רישוי לרכב חדש,יבנה,הקישון 5,050-4990998,,510421787,6,מכונאות רכב בנזין | מכונאות רכב דיזל | מכונאות דיזל משאיות ואוטובוסים | חשמלאות רכב | רישום ראשוני לרכב חדש | רישום ורישוי לרכב חדש,שרקייה חוסני | מנשרוב שלומי | גלעדי חיים
12788,מ.ח גלגלי המגן - חיים אפללו,מוסך מורשה,שילת,החרמון 12,052-5627070,,315631358,1,תיקון והחלפת צמיגים,אמזלג יעקב
12789,אייקאר מ.ש.ט בע מ,מוסך מורשה,בני ברק,ברוך הירש 20,053-2319157,,515138659,1,אוטוטק מרכבי רכב וצביעתם +מסגרות,עבוד ואיל
12790,המומחים מכון בדיקת רכב,מוסך מורשה,ראשון לציון,נפתלי פלטין 1,050-7709595,,558622429,1,בדיקות-רכב )קניה ומכירה),רחמים שחר
12791,מוסך וחידי קאסם,מוסך מורשה,כפר קאסם,ליד שטיפת טורבו קלין,054-7942455,,208726562,2,מכונאות רכב בנזין | מכונאות רכב דיזל,וחידי יוסף
12792,מוסך דרור מכונאות רכב קרית עקרון,מוסך מורשה,קריית עקרון,יצחק רבין 27 קרית עקרון,052-3838341,,,2,מכונאות רכב בנזין | מכונאות רכב דיזל,ראובן יוסף
12793,א.מ צמיגים רחובות,מוסך מורשה,רחובות,משה יתום 12,054-3968222,,516236874,1,תיקון והחלפת צמיגים,אשר דן
12794,טיולי הנשיא בע מ,מוסך מורשה,כפר קאסם,ת.ד. 1162 חצר נצח תור,054-5359493,,510979495,3,מכונאות רכב בנזין | מכונאות רכב דיזל | מכונאות דיזל משאיות ואוטובוסים,מצארוה עמאד
12795,ספידי מוטורס,מוסך מורשה,נתניה,המסגר 8 נתניה,054-6711819,,,1,מכונאות אופנועים וקטנועים,מסיקה אילן
12796,בטר קאר בע מ,מוסך רישוי לרכב חדש,ראשון לציון,גינצבורג 5,053-7554917,,514399336,1,רישום ראשוני לרכב חדש,קמחזי נתנאל
12797,מפעלי דינמומטר לבדקת רכב 1965 בע,מוסך מורשה,צריפין,מתחם קרית שלמה,054-3998866,,510459860,1,בדיקות-רכב )קניה ומכירה),מינקין יווסי
12798,רום קאר בהנהלת סאיג רום,מוסך מורשה,נתניה,המסגר 8 נתניה,052-7227776,42378,36714350,2,מכונאות רכב בנזין | מכונאות רכב דיזל,זלכה צבי
12799,ח.חויו  ובניו בע מ,מוסך מורשה,פתח תקווה,היצירה 12 פתח תקוה,054-9555565,,511277253,1,אוטוטק תיקון והחלפת צמיגים,אל עיסאוי עלא
12800,איציק ווי אר בהנהלת איציק אגייב,מוסך מורשה,ראשון לציון,שמוטקין 11 ראשל צ,050-5251888,,33330531,2,אוטוטק רכב קל | תיקון אחזקת רכב חשמלי/היברידי,אלקיים רועי
12803,שמעון שמש סוכנויות בע מ,מוסך רישוי לרכב חדש,ראשון לציון,דרך המכבים 30,052-5557200,,516211018,1,רישום ראשוני לרכב חדש,שמש רועי
12804,מרכז מקסיקו בע מ,מוסך מורשה,נתניה,הקדר 24 נתניה,09-8610394,,516852837,2,מכונאות רכב בנזין | מכונאות רכב דיזל,דיין שלום
12807,מוטו קראפט בע מ,מוסך מורשה,רעננה,,052-3839286,43657,517212429,1,אוטוטק אופנועים/קטונעים/טרקטרונים,שניר נחמיאס
12809,צמיגי מצדה,מוסך מורשה,בני ברק,הירקון 8,054-9324582,,32159717,1,תיקון והחלפת צמיגים,יורק אורן
12810,אמ. טי מוטו,מוסך מורשה,יהוד-מונוסון,אלטלף 19,050-4519192,,52706785,2,מכונאות אופנועים וקטנועים | תיקון טרקטורונים,פוזילוב שלמה חי
12811,גלגלי האמונה,מוסך מורשה,יבנה,הפרת 1 יבנה,053-8889993,81227,318230513,1,אוטוטק תיקון והחלפת צמיגים,מלמד דין
12812,המוסך של סטס - סטניסלב לנצמן,מוסך מורשה,רעננה,היצירה 17 רעננה,054-7967902,43663,307293340,1,אוטוטק רכב קל,אפרתי שלום
12813,דלהום מוטורס א בע מ,מוסך רישוי לרכב חדש,,א.ת כביש ראשי,050-3887745,,516968401,2,רישום ראשוני לרכב חדש | רישום ורישוי לרכב חדש,גמאלסייד אחמד | גבארה יוסף
12814,אדם ע.ב שרותי רכב בע מ,מוסך מורשה,תל אביב -יפו,פרנציוז 13,052-7016612,,517147708,2,תיקון מרכבי רכב | צבעות רכב,גאבר עמאד
12815,מוסך טליאנו - זיאד קשקוש,מוסך מורשה,קלנסווה,ת.ד. 5412,050-4955669,,34127472,2,מכונאות רכב בנזין | מכונאות רכב דיזל,סלאמה עפיף
12817,פרון סרביס - אלכסנדר פרוניציב,מוסך מורשה,נתניה,הכדר 24,054-3017796,,319163135,2,מכונאות רכב בנזין | מכונאות רכב דיזל,אברמוב רפאל
12819,א.ח.מ אנלימתד סירוויס בע מ,מוסך מורשה,נתניה,הכדר 32,054-7779124,,516075967,4,מכונאות רכב בנזין | מכונאות רכב דיזל | תיקון אחזקת רכב חשמלי/היברידי | אוטוטק מרכבי רכב וצביעתם,אדקידק פריד | שיהאב עמאר
12820,נ.ט.ר שירותי רכב בע מ,מוסך מורשה,תל אביב -יפו,אליקום 15,053-7757301,,516617776,1,צבעות רכב,יוסופוב אליהו
17571,אלון את יוסף מוסך עלית,מוסך מורשה,פתח תקווה,השפלה 3,03-7511102,,58639790,1,מכונאות אופנועים וקטנועים,זביב אלון
17572,מוסך ציון גואטה,מוסך מורשה,פתח תקווה,עמל 13,050-2070253,,55247696,3,מכונאות רכב בנזין | מכונאות רכב דיזל | תיקון וכוון מתלים ברכב,גואטה ציון
40001,אלון אלדר-מוסך קור על מיזוג אויר,מוסך מורשה,אשדוד,א. תעשיה צפוני היוזמה 2,08-8534155,77600,14891980,1,שירות תיקון למזגן אויר לרכב,אלון אלדר
40004,שמורזיקס יוסף-המדביק ירושלים,מוסך מורשה,ירושלים,תלפיות רח' בעלי מלאכה 10,02-6782310,93420,15110018,3,מכונאות רכב בנזין | מכונאות רכב דיזל | רפידות ותופי בלם,קרבצ'נקו אלכסנד | שמורזיקס יוסף
40011,מוסך צדוק בסון,מוסך מורשה,ירושלים,התעשיה 5 ת ד 53032,02-6727222,93420,54297601,2,מכונאות רכב בנזין | מכונאות רכב דיזל,כהן מאיר
40014,אולימפיה אשדוד בע מ,מוסך מורשה,אשדוד,א.ת העמל 49,088-533244,77100,511358350,5,מכונאות רכב בנזין | מכונאות רכב דיזל | תיקון אחזקת רכב חשמלי/היברידי | תיקון מרכבי רכב | צבעות רכב,פאלח ליאור | סויסה יהודה
40015,שמעון ברזילי מכוניות 1987 בע מ,מוסך מורשה,ירושלים,תלפיות רח' חרשי הברזל 11,02-6499999,93420,511258964,6,מכונאות רכב בנזין | אוטוטק רכב קל | מכונאות רכב דיזל | תיקון אחזקת רכב חשמלי/היברידי | תיקון מרכבי רכב | צבעות רכב,חדד צדוק | מרציאנו שלמה
40018,מרובע גיריוס מפעל עבודה חדש,מוסך מורשה,ירושלים,ואדי אל אגוז ת.ד. 49324,052-2700685,97400,80313786,1,רפידות ותופי בלם,מרובע גיריוס
40028,חשמליית מאור - מימון אלבז,מוסך מורשה,שדרות,הנחלים 8 ת.ד 575,08-6890828,80100,63241277,2,חשמלאות רכב | שירות תיקון למזגן אויר לרכב,אלבז מימון
40031,בורקאן עסאם - מ.הרופא מוטורס,מוסך מורשה,ירושלים,תלפיות רח' ב. מלאכה 7,02-6782244,93420,80864473,2,מכונאות רכב בנזין | מכונאות רכב דיזל,חורי בשארה
40033,חב' מוסך ל.ש.מ. בע מ,מוסך מורשה,ירושלים,יעקב אליאב 4,02-6536668,95478,511601502,3,מכונאות רכב בנזין | מכונאות רכב דיזל | תיקון והחלפת צמיגים,לוי מרדכי | נגר דגן
40035,המדייק באר טוביה בע מ,מוסך מורשה,באר טוביה,א.ת באר טוביה ת.ד. 990,08-8580863,70900,513265082,2,שיפוץ מכללי בלמים | רפידות ותופי בלם,אמר אליהו
40039,מוסך הבירה בע מ,מוסך מורשה,ירושלים,תלפיות רח' צרת 7,02-6783770,93420,511060584,8,מכונאות רכב בנזין | אוטוטק רכב קל | מכונאות רכב דיזל | תיקון אחזקת רכב חשמלי/היברידי | אוטוטק תיקון והחלפת צמיגים | אוטוטק מרכבי רכב וצביעתם | תיקון וכוון מתלים ברכב | שירות תיקון למזגן אויר לרכב,מזרחי עובדיה | מזרחי מתן-אל
40041,מוסך אבו אלטייף יוסף בהנהלת האני,מוסך מורשה,רהט,אלח'באז 6 ת.ד. 62,08-9918431,85357,43167428,2,מכונאות רכב בנזין | מכונאות רכב דיזל,אבואל טייף עזמי
40043,בנימין ממן-מוסך עידן ההצלחה,מוסך מורשה,ירושלים,התעשיה 5 ת.ד 10562,077-4668044,91530,11840287,2,מכונאות רכב בנזין | מכונאות רכב דיזל,מור יוסף דניאל
40047,מכון הדרום 1988 בע מ,מכון רישוי,אילת,הספן 12 ת.ד. 4466,08-6330303,88000,511344038,5,בדיקות עשן ברכב דיזל | בדיקות-רכב )קניה ומכירה) | מכון רישוי-פתוח לשרות הציבור | תיקון וכוון מתלים ברכב | בדיקת רכב לאחר תאונה,קוקווקא מרסלו | דעיס פרג
40048,מוסך א.א.א.ד אילת בע מ,מוסך מורשה,אילת,הדייג 3 ת.ד 2190,08-6223735,88000,512316597,3,מכונאות רכב בנזין | מכונאות רכב דיזל | תיקון אחזקת רכב חשמלי/היברידי,אוקסנברג איל
40054,דדון אלי - מוסך מכונאות רכב,מוסך מורשה,זרחיה,ד.נ לכיש צפון מושב זרחיה,08-8585263,79417,77730737,2,מכונאות רכב בנזין | מכונאות רכב דיזל,דדון אלי
40057,מרכז שירות ספיר א.א.ר בע מ,מוסך מורשה,ירושלים,ג.שאול מ.ספיר 14,02-6512399,91233,517260295,3,אוטוטק רכב קל | תיקון אחזקת רכב חשמלי/היברידי | אוטוטק מרכבי רכב וצביעתם,כורד חמזה | ששון אייל יחי
40058,צמיגי דביר אבי בע מ,מוסך מורשה,דימונה,תחנת פז ת.ד  655,08-6554003,86000,516014560,2,תיקון והחלפת צמיגים | תיקון וכוון מתלים ברכב,דביר אבי | אלהואשלה אסמעיל
40063,ד ר פח וצבע י-ם (98) בע מ,מוסך מורשה,ירושלים,תלפיות מ. בליליוס התעשיה 5,02-6732272,94704,512678384,2,תיקון אחזקת רכב חשמלי/היברידי | אוטוטק מרכבי רכב וצביעתם,שוויקי ריאד
40065,בועז מכוני רכב בע מ,מוסך מורשה,אשקלון,הכישור 25,08-6723043,78633,513331397,3,בדיקות-רכב )קניה ומכירה) | תיקון וכוון מתלים ברכב | בדיקת רכב לאחר תאונה,מנדלסון אופיר
40067,ליאור שירותי רכב,מוסך מורשה,אשקלון,צה ל 40,050-7605001,78100,31208945,2,מכונאות רכב בנזין | מכונאות רכב דיזל,לוי חלוציאל
40068,קיק עזאם - מוסך גולדן,מוסך מורשה,ירושלים,שדה תעופה 28 ת.ד 19611,02-5833032,97800,28393841,2,מכונאות רכב בנזין | מכונאות רכב דיזל,סבאג' מחמוד
40075,ד.ז. מולטיטסט - זנו דוד,מוסך מורשה,באר שבע,הפועלים 22   ת.ד. 2074,08-6230213,84100,54279708,2,מכונאות רכב בנזין | מכונאות רכב דיזל,זנו דוד
40077,מוסך מדיקאר - לזוטקין דניאל,מוסך מורשה,באר שבע,הפועלים 7\4 ת ד 2033,050-8559727,84100,308717438,1,אוטוטק רכב קל,לזוטקין דניאל
40079,עלי אבו רקיק - צמיגי מלאכי דארין,מוסך מורשה,קריית מלאכי,חלוצי התעשיה 8,08-8587015,70900,305177123,1,תיקון והחלפת צמיגים,אבו הזאז סעיד
40086,ב. רפי שרותי רכב בע מ,מוסך מורשה,אופקים,המלאכה 15,08-9925727,80300,514535186,3,מכונאות רכב בנזין | מכונאות רכב דיזל | חשמלאות רכב,ביתן עופר | ביתן רפי
40088,מכון רישוי בן יריב בע מ,מכון רישוי,שדרות,לונדון 6 ת.ד.435,08-6899072,80100,515089753,2,בדיקות עשן ברכב דיזל | מכון רישוי-פתוח לשרות הציבור,שגיא הלל
40089,מוסך אולמפיה בע מ,מוסך מורשה,אשקלון,צה ל 38,08-6723368,78100,511358350,5,מכונאות רכב בנזין | מכונאות רכב דיזל | תיקון אחזקת רכב חשמלי/היברידי | תיקון מרכבי רכב | צבעות רכב,גרשגורין אלכסנד | חרקובסקי ולנטין
40096,עובדיה מכלוף-מוסך עובדיה מכלוף,מוסך מורשה,ירושלים,תל' מ. בליליוס התעשיה 5,02-6710861,93420,47442033,3,מכונאות רכב בנזין | מכונאות רכב דיזל | מכונאות רכב גפ מ,עובדיה מחלוף
40097,סטרסיקו ליאור - מוסך רעות,מוסך מורשה,אשדוד,ת.ד 12669  בעלי המלאכה 1,08-8534188,77600,22675508,2,מכונאות רכב בנזין | מכונאות רכב דיזל,סטרסיקו ירחמיאל
40104,רדיו הרכבים ירושלים,מוסך מורשה,ירושלים,תלפיות רחוב הרכבים 9,02-6783407,93462,540170487,8,מכונאות רכב בנזין | מכונאות רכב דיזל | מכונאות דיזל משאיות ואוטובוסים | חשמלאות רכב | תחזוקה ובדיקת מערכת כיבוי אש באוטו' | תיקון מחוונים | שירות תיקון למזגן אויר לרכב | תיקון וכיול טכוגרפים,רוזמרין צבי
40108,צמיגי עמוס אשדוד בע מ,מוסך מורשה,אשדוד,בעלי המלאכה 3 ת.ד. 12641,08-8565354,77612,514802727,1,תיקון והחלפת צמיגים,נעים אורי
40123,אמייזינגלי שירותי רכב בע מ,מוסך מורשה,אשקלון,הכישור 21,08-6751020,78100,512402959,1,תיקון מרכבי רכב,סיסוייב פבל
40127,טיולי שער הנגב בע מ,מוסך מורשה,שדרות,ד.נ חוף אשקלון בתחנת דלק,08-6898111,79100,511833717,3,מכונאות רכב דיזל | מכונאות דיזל משאיות ואוטובוסים | תחזוקה ובדיקת מערכת כיבוי אש באוטו',שמואל דוד
40128,אוטופיה ירושלים בע מ,מוסך מורשה,ירושלים,תלפיות התעשיה 5,02-6723333,93420,516534146,5,מכונאות רכב בנזין | מכונאות רכב דיזל | תיקון אחזקת רכב חשמלי/היברידי | חשמלאות רכב | שירות תיקון למזגן אויר לרכב,גאוהרי מרדכי
40132,פרונט -טסט בע מ,מוסך מורשה,באר שבע,הבדיל 17 ת.ד. 2278,08-6230649,81000,515741379,3,מכונאות רכב בנזין | מכונאות רכב דיזל | תיקון וכוון מתלים ברכב,ברבי שלמה
40133,מוסך ביטון עמרם בע מ,מוסך מורשה,אילת,התוכנה 2 ת.ד. 5235,08-6331289,88000,512559311,2,תיקון מרכבי רכב | צבעות רכב,ביטון עמרם
40136,ארן אמויאל בע מ,מוסך מורשה,ירושלים,בית הדפוס 29,02-6556677,91000,516209178,7,מכונאות רכב בנזין | מכונאות רכב דיזל | תיקון אחזקת רכב חשמלי/היברידי | חשמלאות רכב | תיקון מרכבי רכב | צבעות רכב | שירות תיקון למזגן אויר לרכב,אמויאל ארן | עטיה דוד | דויק ראפת
40138,גפן אדרת בע מ,מוסך מורשה,אשדוד,א.ת צפוני היוזמה 2,08-8565849,77100,511554149,1,חשמלאות רכב,מיארה אברהם
40140,קרסו מוטורס בע מ,מוסך מורשה,ירושלים,תלפיות האומן 21,02-6793111,93420,514065283,5,מכונאות רכב בנזין | מכונאות רכב דיזל | תיקון אחזקת רכב חשמלי/היברידי | חשמלאות רכב | שירות תיקון למזגן אויר לרכב,וייצנברג יהודה
40141,מ.ד מוסך המכוון בע מ,מוסך מורשה,אילת,הדייג 18 ת.ד 1802,08-6378655,88000,511484685,5,מכונאות רכב בנזין | מכונאות רכב דיזל | תיקון אחזקת רכב חשמלי/היברידי | מוסך  מומחה | תיקון וכוון מתלים ברכב,רחמים מנשה
40142,מונדיאל טסט בע מ,מוסך מורשה,באר שבע,המכונאי 45 ת.ד 2261,08-6234670,84100,512256157,4,אוטוטק רכב קל | מכונאות דיזל משאיות ואוטובוסים | בדיקות-רכב )קניה ומכירה) | בדיקת רכב לאחר תאונה,ספיר ישראל
40149,אור קור יהלי בע מ,מוסך מורשה,אשקלון,הפנינים 2,08-6723333,78150,514877414,5,מכונאות רכב בנזין | מכונאות רכב דיזל | תיקון אחזקת רכב חשמלי/היברידי | חשמלאות רכב | שירות תיקון למזגן אויר לרכב,דהן אלעד יוסף | דהן אלעד יוס
40150,מנשרוב פנחס - מוסך פנחס,מוסך מורשה,אשדוד,בעלי המלאכה 24 אשדוד,08-8560283,77100,14779235,2,תיקון מרכבי רכב | צבעות רכב,מנשרוב פנחס
40152,שאולי שירותי רכב בע מ,מוסך מורשה,אילת,התבונה 10 ת.ד 5023,08-6336151,88000,514174796,3,אוטוטק רכב קל | תיקון אחזקת רכב חשמלי/היברידי | תיקון וכוון מתלים ברכב,אלימלך שאול
40154,מוסך דוד שרם,מוסך מורשה,ירושלים,תלפיות ח.הברזל 6,02-6790839,94320,33640608,2,מכונאות רכב בנזין | מכונאות רכב דיזל,שלומי שרם
40157,צדוק מרכז הגירים,מוסך מורשה,ירושלים,תלפיות רח' בעלי מלאכה 9,02-6792019,93420,513424218,2,מכונאות רכב בנזין | מכונאות רכב דיזל,ראובני יניב יחז
40160,מוסך  מכלוף יהודה שירותי רכב,מוסך מורשה,אשקלון,הייצול 13,08-6759161,78100,32262669,2,מכונאות רכב בנזין | מכונאות רכב דיזל,ויטל מרקו
40161,שלומי אופנועים בע מ,מוסך מורשה,אילת,התבונה 20,08-6333231,88000,512875998,2,מכונאות אופנועים וקטנועים | תיקון טרקטורונים,אקטע שלומי
40171,קרית הרכב אסולין שמעון וגקי בע מ,מוסך מורשה,באר שבע,יצחק נפחא 406  ת.ד.6011,08-6234111,84100,515493328,2,אוטוטק רכב קל | תיקון אחזקת רכב חשמלי/היברידי,חוזה אליהו
40174,מוסך המרכבה י-ם בע מ,מוסך מורשה,ירושלים,תלפ' רחוב מעשה חושב 11,02-6736446,93420,513039065,4,מכונאות רכב בנזין | מכונאות רכב דיזל | תיקון מרכבי רכב | צבעות רכב,אבו כף מוחמד | דוויק אסמאעיל
40175,קארמטר ישראל בע מ,מוסך מורשה,באר שבע,המנוף 21 ת.ד 2017,08-6282631,84100,512427519,2,תיקון מחוונים | תיקון וכיול טכוגרפים,חזן אליהו
40178,מוסך פארן - כסלו בועז,מוסך מורשה,פארן,ד.נ ערבה,052-4260782,86835,56364060,6,מכונאות רכב בנזין | מכונאות רכב דיזל | תיקון והחלפת צמיגים | טרקטורים ומכונות ניידות | תיקון מלגזות הרמה | שירות תיקון למזגן אויר לרכב,כסלו בועז
40184,אדוארד אמיגה - אדי שירותי רכב,מוסך מורשה,ירושלים,תלפיות רח' התנופה 29,02-6480953,94320,33836511,1,תיקון צנורות פליטה ודודי עמם,אמיגה מרדכי
40192,מוסך מומו בע מ,מוסך מורשה,ירושלים,תלפיות רח' חרשי הברזל 19,02-6794588,93420,511757833,3,מכונאות רכב בנזין | מכונאות רכב דיזל | שירות תיקון למזגן אויר לרכב,חצבני שלמה
40199,איגל מלגזות ולוגיסטיקה בע מ,מוסך מורשה,באר שבע,"הורד 1 נאות חובב , רמת חובב",08-6544188,84101,514615897,1,תיקון מלגזות הרמה,ביטון רוני
40200,איברהים חליל - מוסך איברהים,מוסך מורשה,אבו גוש,כפר אבו גוש השלום 34 ירושלים,02-5330172,90845,5380837,2,מכונאות רכב בנזין | מכונאות רכב דיזל,ג'אבר אמג'ד
40201,ח.ט. שירותי רכב - חדד חיים,מוסך מורשה,באר שבע,אליהו נאוי 6,050-7322891,84100,56491079,2,חשמלאות רכב | שירות תיקון למזגן אויר לרכב,חדד חיים
40204,מוסך מועלם - מועלם יוסף,מוסך מורשה,אשקלון,הנפח 21,08-6712787,78100,52151156,2,מכונאות רכב בנזין | מכונאות רכב דיזל,מועלם יוסף
40210,מוסך א.נסר שרותי רכב,מוסך מורשה,דימונה,העמל 5 ת.ד 1687,054-7550611,86000,34077784,1,אוטוטק רכב קל,אלהואשלה נסר
40211,מוסך פרוספר דימונה בע מ,מוסך מורשה,דימונה,הפועלים 5 ת ד 755,08-6558878,86000,511761421,2,תיקון מרכבי רכב | צבעות רכב,בן ברוך פרוספר
40212,צמיגי שירקמ,מוסך מורשה,ירושלים,תלפיות רח' בעלי המלאכה 1,02-6783441,43420,63731137,1,תיקון והחלפת צמיגים,בן חמו אליהו
40218,אומני הרכב אשקלון בע מ,מוסך מורשה,אשקלון,הגלגל 50 א.ת צפוני,08-6758002,78000,514032010,2,תיקון מרכבי רכב | צבעות רכב,איפרגן מחלוף
40220,יוניברסל מוטורס ישראל בע מ,מוסך מורשה,קריית גת,מבוא מימן 50 ת ד 8601,08-6811476,82000,511809071,11,מכונאות רכב בנזין | מכונאות רכב דיזל | מכונאות דיזל משאיות ואוטובוסים | תיקון אחזקת רכב חשמלי/היברידי | חשמלאות רכב | תיקון מרכבי רכב | צבעות רכב | רפידות ותופי בלם | טרקטורים ומכונות ניידות | תיקון מלגזות הרמה | שירות תיקון למזגן אויר לרכב,פיניה יעקב | אברהם ליאור
40221,ליאון אריה - מוסך על גלגלים,מוסך מורשה,ירושלים,רח' התעשיה 5 מרכז בליליוס,02-6736233,93420,55259758,3,מכונאות רכב בנזין | מכונאות רכב דיזל | שירות תיקון למזגן אויר לרכב,ליאון אריה
40222,מוסך שמעון ובניו בע מ,מוסך מורשה,באר שבע,הפועלים 22 ת.ד  2279,08-6281156,84100,516868932,2,מכונאות רכב בנזין | מכונאות רכב דיזל,חזיזה אליאס
40223,בן עמי אברמי-מוסך אברמי פחחות וצ,מוסך מורשה,ירושלים,תלפיות רח' הרכב 34,02-6783340,93420,51150050,2,תיקון מרכבי רכב | צבעות רכב,בן עמי אברמי
40226,רותם סייקל בע מ,מוסך מורשה,אילת,התופרת 6 ת ד 5250,08-6315540,88000,514300938,2,מכונאות אופנועים וקטנועים | תיקון טרקטורונים,עופרי רותם
40230,סיג-אם א.פ יצור להבי יהלום בע מ,מוסך מורשה,באר שבע,הגנן 14 ת.ד.2484,08-6280349,84100,512690686,1,תיקון מלגזות הרמה,נוימן צבי דוד
40235,מוסך העמק מרכזי בע מ,מוסך מורשה,באר שבע,הגנן 11,08-6273317,84108,514061233,5,מכונאות רכב בנזין | מכונאות רכב דיזל | תיקון אחזקת רכב חשמלי/היברידי | חשמלאות רכב | שירות תיקון למזגן אויר לרכב,קרפנקו פבל
40239,מוסך חנוך,מוסך מורשה,אילת,הספן 4/12,08-6375060,88000,25664632,2,מכונאות רכב בנזין | מכונאות רכב דיזל,הלוי חנוך
40240,י.מ. האתגר בנגב מוסכים בע מ,מוסך מורשה,באר שבע,הנפח 1 ת.ד 2112,08-6278202,84100,511654451,7,מכונאות רכב בנזין | אוטוטק רכב קל | תיקון אחזקת רכב חשמלי/היברידי | תיקון מרכבי רכב | צבעות רכב | תיקון וכוון מתלים ברכב | שירות תיקון למזגן אויר לרכב,בורגמן משה אריה | בורגמן אוהד יחי | בורגמן דור | בורגמן משה | הינק ישראל
40247,בן חמו שמעון - מ. איילת השחר,מוסך מורשה,בית שמש,א. תעשיה צפוני 19,02-9910220,99000,58456492,7,מכונאות רכב בנזין | מכונאות רכב דיזל | מכונאות דיזל משאיות ואוטובוסים | תיקון מרכבי רכב | אישור כשירות לצמ ה ומכונה ניידת | טרקטורים ומכונות ניידות | תיקון מלגזות הרמה,בן חמו שמעון
40251,מוסך ברלין בע מ,מוסך מורשה,אשדוד,העבודה 10,08-9110664,77600,516278439,2,אוטוטק רכב קל | תיקון וכוון מתלים ברכב,אלפר סרגיי
40253,מוסך הראל )ח.נ.ש.ע( בע מ,מוסך מורשה,מעוז ציון ב,א.ת מעוז ציון ביתן 13,02-5700429,90805,515183135,2,מכונאות רכב בנזין | מכונאות רכב דיזל,סלמן דוד
40259,טל שרותי רכב אשדוד בע מ,מוסך מורשה,אשדוד,א.תעשיה הקלה רח' העמל 13,08-8523655,77606,512402231,1,אוטוטק מרכבי רכב וצביעתם,טויטו יצחק
40261,ירון אל רום יבוא ושווק בע מ,מוסך מורשה,ירושלים,ג.שאול יעקב האליאב 4,02-6512347,95477,512889585,1,תיקון משאבות ומתזים לדיזל,לוי ניר
40263,סקנטרק 2025 בע מ,מוסך מורשה,אשדוד,א.ת. צפוני רח' הבטיחות 5,08-8532650,77600,512337288,2,אישור כשירות לצמ ה ומכונה ניידת | תיקון מלגזות הרמה,יונגלסון אליהו
40264,ארז אידליץ פחחות בע מ,מוסך מורשה,ירושלים,רוממה רח' אהליאב 16,02-5372460,,516281920,2,תיקון מרכבי רכב | צבעות רכב,שחר ציון
40271,מרכז שירות פורמולה 1 א.ב 2018 בע,מוסך מורשה,באר שבע,הקוצר 12 ת.ד 2165,08-6231223,84100,515942167,6,מכונאות רכב בנזין | מכונאות רכב דיזל | מכונאות דיזל משאיות ואוטובוסים | תיקון אחזקת רכב חשמלי/היברידי | חשמלאות רכב | שירות תיקון למזגן אויר לרכב,רולוב בוריס
40273,זינגרמן רומן - מוסך רומן,מוסך מורשה,אשדוד,א.ת. צפוני רח' המדע 11,08-8604202,77100,311054985,2,מכונאות רכב בנזין | מכונאות רכב דיזל,זינגרמן רומן
40274,מוסך דודו - פורתי דוד,מוסך מורשה,אשקלון,המחוגה 23,08-6727469,78100,58824186,1,תיקון תיבות הילוכים אוטומטיות,זהבי יעקב
40275,ג.מוסך בן בע מ,מוסך מורשה,אשקלון,הפנינים 23,050-2212640,78100,516159720,2,אוטוטק רכב קל | תיקון אחזקת רכב חשמלי/היברידי,חג'ג' עומרי עמו
40276,המניע יוסי גז בע מ,מוסך מורשה,באר שבע,דרך חברון  1\40 ק.עתידים,08-6230245,84100,512387895,4,חשמלאות רכב | תחזוקה ובדיקת מערכת כיבוי אש באוטו' | שירות תיקון למזגן אויר לרכב | תיקון וכיול טכוגרפים,גז יוסף | גז יוסף חי
40281,דיקר ישראל - מוסך כפר אחים,מוסך מורשה,כפר אחים,ד.נ. לכיש צפון,08-8581308,79805,54553631,5,מכונאות רכב בנזין | מכונאות רכב דיזל | אישור כשירות לצמ ה ומכונה ניידת | טרקטורים ומכונות ניידות | תיקון מלגזות הרמה,דיקר ישראל
40283,קומפיוטסט אשדוד,מוסך מורשה,אשדוד,רחוב הבושם 7,08-8520870,77609,31210107,2,בדיקות-רכב )קניה ומכירה) | תיקון וכוון מתלים ברכב,בנימינוב גילי
40285,העוגן שירותי רכב בע מ,מוסך מורשה,אילת,הבורסקאי 18,08-6331175,88000,512073123,4,מכונאות רכב בנזין | מכונאות רכב דיזל | מכונאות אופנועים וקטנועים | שירות תיקון למזגן אויר לרכב,דיין דוד
40286,צמיגי באר שבע בע מ,מוסך מורשה,באר שבע,המלאכה 7 ת.ד. 296,052-2300886,84100,515604742,1,תיקון והחלפת צמיגים,אלעמור סלימאן
40287,מוסך קל רכב - עמר את חדידה,מוסך מורשה,שדרות,אוסלו 53,08-6612093,80100,28815355,3,מכונאות רכב בנזין | מכונאות רכב דיזל | שירות תיקון למזגן אויר לרכב,חדידה ליאור
40289,חרש אשדוד 2000 בע מ,מוסך מורשה,אשדוד,א. תעשיה הצפוני המתכת 2,08-8523981,77100,512946112,2,מכונאות רכב דיזל | מכונאות דיזל משאיות ואוטובוסים,אלבז מאיר
40292,ד.א מוסך פלוס בנתיבות בע מ,מוסך מורשה,נתיבות,האומן 22 ת.ד 5217,08-9943605,80200,513292722,6,מכונאות רכב בנזין | מכונאות רכב דיזל | תיקון אחזקת רכב חשמלי/היברידי | חשמלאות רכב | תיקון מרכבי רכב | צבעות רכב,דידי יורם | חזן יעקב
40298,הפצת רכב דרום מוסכים צ.ש 2004 בע,מוסך מורשה,באר שבע,סדנא 8 ת.ד 7115,08-6900355,84101,513586396,2,אוטוטק רכב קל | תיקון אחזקת רכב חשמלי/היברידי,צפאני עוז
40301,מסיקה את כהן - מוסך העיר,מוסך מורשה,אשדוד,המלאכה 36 ת.ד 15247,08-8523774,77612,55497754,2,מכונאות רכב בנזין | מכונאות רכב דיזל,מסיקה צורי
40304,מרכז שירות מילניום אשקלון בע מ,מוסך מורשה,אשקלון,המסלול 6 ת ד 5133,08-6751118,78100,513851394,7,מכונאות רכב בנזין | מכונאות רכב דיזל | תיקון אחזקת רכב חשמלי/היברידי | חשמלאות רכב | תיקון מרכבי רכב | צבעות רכב | שירות תיקון למזגן אויר לרכב,סרוסי דוד | סרוסי אלעד | ארז עידן | פדלון נסים
40305,יוניברסל מוטורס ישראל בע מ,מוסך מורשה,באר שבע,סדנא 8,08-6900960,84101,511809071,2,תיקון מרכבי רכב | צבעות רכב,זאיבלב ולדיסלב
40306,מוסך שטיין אלעד בע מ,מוסך מורשה,אילת,המלאכה 2 ת.ד. 5244,08-6315244,88109,513940221,3,מכונאות רכב בנזין | מכונאות רכב דיזל | שירות תיקון למזגן אויר לרכב,שטיין יוסף
40307,מ.י. סטרט מרכז שירות (2023) בע מ,מוסך מורשה,קריית גת,אשלגן 17,08-6602881,82000,516855566,3,מכונאות רכב בנזין | מכונאות רכב דיזל | תיקון אחזקת רכב חשמלי/היברידי,ברסלבסקי מיכאל
40313,מקור הצמיג והפרונט בע מ,מוסך מורשה,באר שבע,הפלדה 18,08-6272719,84100,511435802,8,מכונאות רכב בנזין | אוטוטק רכב קל | מכונאות רכב דיזל | מכונאות דיזל משאיות ואוטובוסים | מסגרות רכב )תיקון ארגזים) | תיקון והחלפת צמיגים | תיקון וכוון מתלים ברכב | בדיקת רכב לאחר תאונה,ברבי גבריאל | ברבי טל
40315,אגד חברה לתחבורה בע מ,מוסך מורשה,ירושלים,דרך יצחק מודעי,03-9145124,96900,516041118,2,אוטוטק רכב קל | מכונאות דיזל משאיות ואוטובוסים,יאמין שמעון
40320,מולטי ריטייל גרופ בע מ,מוסך מורשה,באר שבע,דרך חברון מרכז ביג,08-6283190,84100,515546224,4,מכונאות רכב בנזין | מכונאות רכב דיזל | תיקון והחלפת צמיגים | תיקון וכוון מתלים ברכב,אל סייד חמיס | סאלח אניס
40321,ש.ד.י מוסך אוטו קאר בע מ,מוסך מורשה,אשדוד,א. תעשיה צפוני המתכת 52,08-8528866,77107,514990712,7,מכונאות רכב בנזין | מכונאות רכב דיזל | תיקון אחזקת רכב חשמלי/היברידי | חשמלאות רכב | תיקון מרכבי רכב | צבעות רכב | שירות תיקון למזגן אויר לרכב,עזוז שמואל | גלעדי יצחק | אבו חלף באסם
40328,רביבו מאיר - מוסך מאיר,מוסך מורשה,אשדוד,א.תעשיה הקלה רח' העמל 11,08-8534977,77606,57498347,2,מכונאות רכב בנזין | מכונאות רכב דיזל,רביבו מאיר
40329,מוסך שטרית אהרון בע מ,מוסך מורשה,אשקלון,הייצול 4 א.ת צפוני,08-6723721,78100,512241860,3,אוטוטק רכב קל | תיקון אחזקת רכב חשמלי/היברידי | אוטוטק מרכבי רכב וצביעתם,שיטרית דניאל
40332,האומן מומחים לרכב בע מ,מוסך מורשה,ירושלים,תלפיות רח' הרכבים 7,02-6794411,93420,513337618,6,מכונאות רכב בנזין | מכונאות רכב דיזל | תיקון אחזקת רכב חשמלי/היברידי | תיקון מרכבי רכב | צבעות רכב | שירות תיקון למזגן אויר לרכב,צמח יאיר | פז צפריר | פז ציון
40334,בן עמי מ.השרות / מ.השרות 1994 בע,מוסך מורשה,באר שבע,אברהם בן עמי 6 ת.ד 4545,08-6900312,84100,511982167,7,מכונאות רכב בנזין | מכונאות רכב דיזל | תיקון אחזקת רכב חשמלי/היברידי | חשמלאות רכב | תיקון מרכבי רכב | צבעות רכב | שירות תיקון למזגן אויר לרכב,כהן יוסף | רוימי ירון | ביטון אברהם
40335,מוסך גל רום בע מ,מוסך מורשה,שדרות,דבלין 10 ת.ד 248,08-6890862,80100,516313194,3,תיקון אחזקת רכב חשמלי/היברידי | תיקון מרכבי רכב | צבעות רכב,בן ישי איציק
40336,מוסך האושר,מוסך מורשה,באר שבע,המכונאי 8,052-3333867,84100,201091295,2,תיקון מרכבי רכב | צבעות רכב,לוי משה אושר
40341,יונה אבי אברהם תיקון צמיגים,מוסך מורשה,אשדוד,רח' העבודה 40 ת.ד 12623,08-8534396,77600,24872145,1,תיקון והחלפת צמיגים,יונה אבי אברהם
40344,מוסך ש.ר.ד בע מ,מוסך מורשה,באר שבע,העמל 2ב ת ד 678,08-6900417,84101,510489230,5,אוטוטק רכב קל | מכונאות דיזל משאיות ואוטובוסים | תיקון אחזקת רכב חשמלי/היברידי | טרקטורים ומכונות ניידות | תיקון מלגזות הרמה,אלזיאדנה חסן
40346,מוסך עידן - דהן דוד,מוסך מורשה,ירוחם,א.תעשיה ירוחם  ת.ד.566,050-2764638,80550,58320607,2,תיקון מרכבי רכב | צבעות רכב,דהן דוד
40347,מאיר מרכזי שירות שותפות מוגבלת,מוסך מורשה,אשדוד,א.ת. הצפוני רח' המתכת 26,08-8522292,77106,550278154,9,אוטוטק רכב קל | מכונאות דיזל משאיות ואוטובוסים | תיקון אחזקת רכב חשמלי/היברידי | תיקון מרכבי רכב | מסגרות רכב )תיקון ארגזים) | צבעות רכב | תחזוקה ובדיקת מערכת כיבוי אש באוטו' | טרקטורים ומכונות ניידות | מוסך נייד לחילוץ ולתיקוני חירום,עבאדי חיים ויק | שרמן זאב | בוטזטו יון
40348,ירון אגלר - מוסך ירון שירותי רכב,מוסך מורשה,ירושלים,תלפיות רח' בעלי מלאכה 6,00-6715185,93420,31501190,2,מכונאות רכב בנזין | מכונאות רכב דיזל,ירון אגלר
40349,מוסך נ. גבי פחחות וצבע 1996 בע מ,מוסך מורשה,באר שבע,סדנא 6,08-6900885,84101,512419730,2,תיקון מרכבי רכב | צבעות רכב,נגר גבי
40352,עותמאן את חוסין-מוסך קרית ענבים,מוסך מורשה,קריית ענבים,ק. קרית ענבים ת.ד 87,02-5341712,90833,59508606,2,מכונאות רכב בנזין | מכונאות רכב דיזל,עותמאן מוסא
40353,מוסך אייל חי בע מ,מוסך מורשה,ירושלים,תלפיות רח' בעלי מלאכה 19,02-6793444,93420,513763474,3,תיקון אחזקת רכב חשמלי/היברידי | תיקון מרכבי רכב | צבעות רכב,חי איל | אייל חי
40356,אלקטרו גיר - בנימין אורן,מוסך מורשה,באר שבע,המנוף 21,08-6286006,84100,33456559,1,תיקון תיבות הילוכים אוטומטיות,בנימין אורן
40357,סופר צמיג 4 4 (2005) בע מ,מוסך מורשה,אשקלון,המסגר 1 גבעת ציון,053-3477601,78583,513630608,4,מכונאות רכב בנזין | מכונאות רכב דיזל | תיקון והחלפת צמיגים | תיקון וכוון מתלים ברכב,לוי שמעון | ברקת דותן
40359,האחים ירון שירותי רכב בע מ,מוסך מורשה,ניר גלים,התאנה 1 ניר גלים,088-564401,,516015641,4,אוטוטק רכב קל | תיקון אחזקת רכב חשמלי/היברידי | תיקון מרכבי רכב | צבעות רכב,ירון ליאור | אדרי דוד | מלכה ליאור
40362,מיקס פרונטליין בע מ,מוסך מורשה,אשדוד,א.ת. צפוני המדע 11,08-6130365,77100,517188702,3,מכונאות רכב בנזין | מכונאות רכב דיזל | תיקון וכוון מתלים ברכב,אבטן יוסי
40363,אלטל טכנולוגיסטיקה בע מ,מוסך מורשה,צאלים,באליש 750 צאלים,08-6274820,85520,510816374,6,מכונאות רכב בנזין | מכונאות רכב דיזל | מכונאות דיזל משאיות ואוטובוסים | חשמלאות רכב | תיקון והחלפת צמיגים | שירות תיקון למזגן אויר לרכב,ליטמן שי | בן כליפה יוסף | ברהום יהודה
40367,להב פתרונות תחבורה בע מ,מוסך מורשה,באר שבע,המסילה 10 ת ד 369,08-6277978,84100,515137875,6,מכונאות רכב בנזין | מכונאות רכב דיזל | מכונאות דיזל משאיות ואוטובוסים | תיקון מרכבי רכב | מסגרות רכב )תיקון ארגזים) | צבעות רכב,ציוני מאיר | ברזילי אברהם
40368,י.ב שרותי רכב לוי בע מ,מוסך מורשה,באר שבע,העמל 2ה ת.ד 18032,08-6900750,84101,511425878,6,מכונאות רכב בנזין | מכונאות רכב דיזל | תיקון אחזקת רכב חשמלי/היברידי | תיקון מרכבי רכב | צבעות רכב | תיקון וכוון מתלים ברכב,טוברמן בוריס | איפרח יעקב
40369,ע.א. עידן הרכב בע מ,מוסך מורשה,באר שבע,הפלדה 13 ת.ד.2201,08-6280440,84100,513838854,2,מכונאות רכב בנזין | מכונאות רכב דיזל,אוחנה נסים אהר
40372,מובילי צ.הנגב )בן זקן( בע מ,מוסך מורשה,אופקים,נחושתן 1,08-9923250,80200,511024473,5,מכונאות רכב בנזין | מכונאות רכב דיזל | מכונאות דיזל משאיות ואוטובוסים | חשמלאות רכב | שירות תיקון למזגן אויר לרכב,וויסמן אייל
40377,אבי אהרון מוסך אבי,מוסך מורשה,קריית מלאכי,א. תעשיה רח' העמל 9,08-8673111,70900,31119720,2,מכונאות רכב בנזין | מכונאות רכב דיזל,אבי אהרון
40378,מוסך צמד משה גו'רי בע מ,מוסך מורשה,קריית מלאכי,א. תעשיה רח' העמל 18,08-8581610,70900,514186527,2,אוטוטק רכב קל | תיקון אחזקת רכב חשמלי/היברידי,ג'ורי משה
40383,קשר רנט קאר בע מ סניף ב ש,מוסך מורשה,באר שבע,העמל 5 ת.ד.17205,08-6651551,84102,520039876,4,מכונאות רכב בנזין | מכונאות רכב דיזל | תיקון אחזקת רכב חשמלי/היברידי | חשמלאות רכב,דדון שמעון | דדון שמעון יע | אלמחדי אבראהים
40387,קרן אור בלמס בע מ,מוסך מורשה,קריית גת,אשלגן 29 ת.ד 8463,08-6811027,82000,512564220,2,חשמלאות רכב | שירות תיקון למזגן אויר לרכב,בלמס שמעון
40388,מוסך אוטו-טופ בע מ,מוסך מורשה,אשדוד,א. תעשיה צפוני המתכת 64,08-8524444,77100,513624288,3,תיקון אחזקת רכב חשמלי/היברידי | תיקון מרכבי רכב | צבעות רכב,בנימיני אמיר
40389,אסרף משה - מוסך משה,מוסך רישוי לציוד חקלאי,עזריקם,מושב עזריקם 2,08-8587049,79275,55523682,6,מכונאות רכב בנזין | מכונאות רכב דיזל | מוסך רישוי לציוד חקלאי | אישור כשירות לצמ ה ומכונה ניידת | טרקטורים ומכונות ניידות | תיקון טרקטורונים,אסרף משה
40390,י.ד. דיאגנוסטיק בע מ,מוסך מורשה,באר שבע,סדנא 6,053-2272098,84101,517251757,1,אוטוטק רכב קל,גריידי אוראל
40393,מ.מוטי פחחות וצבע-בר מרדכי,מוסך מורשה,יד מרדכי,קיבוץ יד מרדכי,053-8815311,78100,23668585,2,תיקון מרכבי רכב | צבעות רכב,סוסן מרדכי
40396,טלקאר חברה בע מ,מוסך רישוי לרכב חדש,אשקלון,א.תעשיה ת.ד 100,03-6366788,78100,510657430,2,תיקון והחלפת צמיגים | רישום ורישוי לרכב חדש,גדיאן זכריה
40398,דולב מוטורס,מוסך מורשה,ירושלים,תלפיות רח' פייר קניג 39,02-6481485,93420,203488929,2,מכונאות אופנועים וקטנועים | תיקון טרקטורונים,בנית אורן
40399,מוסך יוסי את אהרון חי בע מ,מוסך מורשה,אשקלון,הנפח 18 ת.ד. 5488,08-6736607,78100,512797788,2,תיקון מרכבי רכב | צבעות רכב,חדד אהרון
40400,מוסך חי - מכלוף צורי,מוסך מורשה,אשקלון,הנפח 7  ת ד 5475,052-2705346,78100,58301730,2,מכונאות רכב בנזין | מכונאות רכב דיזל,מכלוף צורי
40401,מכלוף ניסים - מוסך אוטו רן,מוסך מורשה,אשדוד,רח' היוצר 5 ת.ד 12124,08-8532233,77601,57204976,2,מכונאות רכב בנזין | מכונאות רכב דיזל,מכלוף ניסים
40402,צמגי א. פרגון בע מ,מוסך מורשה,בית הגדי,מושב בית הגדי 85,08-9933275,80200,514404037,2,אוטוטק תיקון והחלפת צמיגים | תיקון וכוון מתלים ברכב,פרזון אלירן | יחיא שאול
40408,ממסי ש.דרך  בעמ- אקספרס ב ש,מוסך מורשה,באר שבע,אברהם בן עמי 8 ת.ד 3569,08-8533800,84113,514257278,5,מכונאות רכב בנזין | מכונאות רכב דיזל | תיקון אחזקת רכב חשמלי/היברידי | תיקון מרכבי רכב | צבעות רכב,בנדרקר אפרים | יוסופוב ישראל
40409,חב' החשמל לישראל בע מ,מוסך רישוי לשרות עצמי,אשדוד,רח' הבושם 3,08-8633651,77610,520000472,7,אוטוטק רכב קל | מכונאות דיזל משאיות ואוטובוסים | בדיקות עשן ברכב דיזל | מוסך רישוי לשרות עצמי | אישור כשירות לצמ ה ומכונה ניידת | אוטוטק טרקטורים ומכונות ניידות | תיקון מלגזות הרמה,כוינה עירן | קריו גיל | שפירא איגור
40411,בן -גל שירותי מוסך בע מ,מוסך מורשה,אילת,הנחתום 25 ת.ד. 5117,050-5418622,88000,515407393,6,מכונאות רכב בנזין | מכונאות רכב דיזל | מכונאות דיזל משאיות ואוטובוסים | טרקטורים ומכונות ניידות | תיקון טרקטורונים | תיקון מלגזות הרמה,בוזגלו אשר | תורגמן מרדכי
40415,מוסך נעים בע מ,מוסך מורשה,קריית גת,אשלגן 20 ת.ד 8461,08-6811345,82000,512887142,2,תיקון מרכבי רכב | צבעות רכב,נעים שאול
40418,מוסך אלירן בע מ,מוסך מורשה,דימונה,העמל 67 ת ד 419,08-6551322,86000,512015967,4,מכונאות רכב בנזין | מכונאות רכב דיזל | מכונאות דיזל משאיות ואוטובוסים | תיקון צנורות פליטה ודודי עמם,הרוש מאיר
40421,מוסך ג.מ.א בע מ,מוסך מורשה,קריית מלאכי,א.תעשיה באר טוביה תלמים 2,050-5704555,70966,512636697,3,אישור כשירות לצמ ה ומכונה ניידת | טרקטורים ומכונות ניידות | תיקון מלגזות הרמה,מיכאלי איתן
40423,מוסך השלום - אבו זאיד עיד,מוסך מורשה,רהט,א-ס'נאעה 21,050-6370006,90957,59441444,2,מכונאות רכב בנזין | מכונאות רכב דיזל,אבו זאייד עיד
40424,רדיו צליל פחחות בע מ,מוסך מורשה,ירושלים,ג.שאול בית הדפוס 7,02-6517999,95477,516442910,3,אוטוטק רכב קל | תיקון אחזקת רכב חשמלי/היברידי | אוטוטק מרכבי רכב וצביעתם,לוי יקיר | זר מרדכי
40431,צמיגי ד.ד. דדון דוד בע מ,מוסך מורשה,שדרות,ניס 4 ת.ד 460,08-6893446,87014,514698794,1,תיקון והחלפת צמיגים,דדון אדמונד
40437,ב.ט שרותי רכב בע מ,מוסך מורשה,באר שבע,העמל 2ד ת ד 18032,08-6287112,84101,512106667,3,אוטוטק רכב קל | מכונאות רכב דיזל | תיקון אחזקת רכב חשמלי/היברידי,בקר רומן
40438,מאיר א.ל שרותי רכב בע מ,מוסך מורשה,באר שבע,סדנא 7 ת ד 678,08-6274333,84101,513769729,2,אוטוטק רכב קל | תיקון אחזקת רכב חשמלי/היברידי,זרצקי שלומי
40439,איחוד המוסכים  (2001) בע מ,מוסך מורשה,באר שבע,העמל 5,08-6651188,84101,513113654,2,תיקון מרכבי רכב | צבעות רכב,אסרף שלום
40441,אסגל השקעות ושרותי רכב בע מ,מוסך מורשה,אשקלון,הפנינים 8,08-6750071,78100,511845729,10,מכונאות רכב בנזין | מכונאות רכב דיזל | תיקון אחזקת רכב חשמלי/היברידי | חשמלאות רכב | תיקון מרכבי רכב | מסגרות רכב )תיקון ארגזים) | צבעות רכב | בדיקות-רכב )קניה ומכירה) | תיקון וכוון מתלים ברכב | שירות תיקון למזגן אויר לרכב,גולן יעקב | מוחמד שוויקי | גולן  יעקב
40445,קליין רונן-מוסך אבירון אופנועים,מוסך מורשה,אשדוד,א.ת. הצפוני רח' המדע 11,08-8564181,77100,56789282,1,מכונאות אופנועים וקטנועים,קליין רונן
40448,קבוצת שגריר שרותי רכב בע מ,מוסך מורשה,אשדוד,א.ת. צפוני רח' הפלדה 31,08-8563343,77100,515158665,3,תיקון אחזקת רכב חשמלי/היברידי | תיקון מרכבי רכב | צבעות רכב,אטיאס אהרון
40449,מוסך אילן אמויאל בע מ,מוסך מורשה,ירושלים,תלפיות יד חרוצים 16,02-6721022,93420,511577694,2,מכונאות רכב בנזין | מכונאות רכב דיזל,אסולין יעקב שמע
40451,ג'נח חנן חשמל ומיזוג לרכב בע מ,מוסך מורשה,אשקלון,הכישור 68  ת ד 580,08-6723922,78100,514532993,3,תיקון אחזקת רכב חשמלי/היברידי | חשמלאות רכב | שירות תיקון למזגן אויר לרכב,גנאח חנן
40458,אדומית שרותים לרכב 1988 בע מ,מוסך מורשה,אילת,הדייג 20,08-6378333,88101,511267403,3,מכונאות רכב בנזין | מכונאות רכב דיזל | תיקון אחזקת רכב חשמלי/היברידי,קושוקרו ניסים | קושקרו ניסים | קושוקרו נסים
40461,מוסך דניאל בן שטרית בע מ,מוסך מורשה,אשדוד,רח' העמל 43 ת.ד. 12157,08-8522125,77100,512616160,6,מכונאות רכב בנזין | מכונאות רכב דיזל | תיקון אחזקת רכב חשמלי/היברידי | חשמלאות רכב | תיקון וכוון מתלים ברכב | שירות תיקון למזגן אויר לרכב,בן שטרית דניאל | שימול יעקב
40463,מוסך שקד - סרגיי את יבגני,מוסך מורשה,באר שבע,הפלדה 20,052-3222735,84871,322134172,2,מכונאות רכב בנזין | מכונאות רכב דיזל,טויזר חביב
40465,סיילס דוד - חשמלאות רכב דוד,מוסך מורשה,אשדוד,א.תעשיה רח' העבודה 29,08-8527070,77600,54894993,2,חשמלאות רכב | שירות תיקון למזגן אויר לרכב,תביב פור יוסף
40466,מוסך אוטו מוטור - וייס שנדור,מוסך מורשה,ערד,פלדה 6,08-9974628,80700,14875561,3,מכונאות רכב בנזין | מכונאות רכב דיזל | טרקטורים ומכונות ניידות,וייס שנדור
40467,גודמן ציוד הנדסי בע מ,מוסך מורשה,אשדוד,רח' ההדרים 38,08-8527968,77613,515182715,8,מכונאות רכב בנזין | מכונאות רכב דיזל | מכונאות דיזל משאיות ואוטובוסים | חשמלאות רכב | אישור כשירות לצמ ה ומכונה ניידת | טרקטורים ומכונות ניידות | תיקון מלגזות הרמה | שירות תיקון למזגן אויר לרכב,חלמיש צבי יהוד | גודמן איתן
40468,רותם אמפרט נגב בע מ ס.ערד,מוסך מורשה,ירוחם,ד.נ. ערבה 1,08-6504948,86800,520030883,7,מכונאות רכב בנזין | מכונאות רכב דיזל | מכונאות דיזל משאיות ואוטובוסים | אישור כשירות לצמ ה ומכונה ניידת | תיקון טרקטורונים | אוטוטק טרקטורים ומכונות ניידות | תיקון מלגזות הרמה,אלמלך יעקב
40469,נראה אור בהנהלת צוריאל פדלון,מוסך מורשה,באר שבע,הבדיל 17,054-4599345,84100,300761673,2,מכונאות רכב בנזין | מכונאות רכב דיזל,ישעיהו חיים
40475,מוסך תל שבע - אלעסם סלמאן,מוסך מורשה,תל שבע,א.תעשיה ת.ד 865,050-5605374,84358,58529579,2,מכונאות רכב בנזין | מכונאות רכב דיזל,אלעסם סלמאן
40479,מוסך 10 ערד - בהנהלת מוחמד,מוסך מורשה,ערד,האופן 8,025-7566679,80700,39188131,2,תיקון מרכבי רכב | צבעות רכב,אלקרם מוחמד
40481,צמיגי שלומי נאסה בע מ,מוסך מורשה,ירושלים,בית הדפוס 30 ת.ד. 34052,02-6798999,95483,516199940,1,תיקון והחלפת צמיגים,נאסה שלום
40484,מוסך האושר ובניו בע מ,מוסך מורשה,קריית גת,איזמרגד 6,08-6812199,82000,515310183,2,תיקון מרכבי רכב | צבעות רכב,וקנין שמעון
40487,פנצ'רית עמיאל אשדוד בע מ,מוסך מורשה,אשדוד,א.ת. הצפוני החרושת 18 ת.ד. 15119,08-8535799,77600,512307109,1,תיקון והחלפת צמיגים,שמעוני משה
40488,טייר סנטר רשת צמיגים בע מ,מוסך מורשה,אשדוד,"רח' המדע 19, ת.ד. 12753",08-8564014,77520,514583558,1,תיקון והחלפת צמיגים,שלו משה
40489,מוסכי גיורא בע מ,מוסך מורשה,קריית גת,מבוא סיוון 10,08-6883725,82000,513353482,2,תיקון מרכבי רכב | צבעות רכב,פרץ גיורא
40490,אבי מרכז שירות ירושלים בע מ,מוסך מורשה,ירושלים,ג.שאול יעקב אליהב 4,02-6743333,91000,514506591,5,מכונאות רכב בנזין | מכונאות רכב דיזל | תיקון אחזקת רכב חשמלי/היברידי | תיקון מרכבי רכב | צבעות רכב,אספורטס דוד | גולאני פווזי
40492,מוסך בועז פחחות וצבע אילת בע מ,מוסך מורשה,אילת,הנגר 53 ת.ד. 1471,08-6317169,88000,513284109,2,תיקון מרכבי רכב | צבעות רכב,אביטן בועז
40493,צמיגי הולכי דרכים בע מ,מוסך מורשה,באר טוביה,צומת עד הלום )בתחנת דלק פז(,08-8671508,77100,516388667,1,תיקון והחלפת צמיגים,תשובה יהודה
40499,מוסך ברק אלמוג,מוסך מורשה,אילת,הספן 10 ת.ד 5324,08-6336158,88000,58788019,2,מכונאות רכב בנזין | מכונאות רכב דיזל,קרייתי ברק
40504,יעקובוב יעקב - מוסך אורגינל,מוסך מורשה,אשדוד,א. תעשיה הקלה רח' העבודה 56 ת.ד 12731,08-8561658,77600,307024224,1,צבעות רכב,יעקובוב יעקב
40506,ש. ספיר שרותי רכב בע מ,מוסך מורשה,באר טוביה,א.ת באר טוביה ת.ד 738,08-8553558,70900,514760024,4,אוטוטק רכב קל | תיקון אחזקת רכב חשמלי/היברידי | תיקון וכוון מתלים ברכב | בדיקת רכב לאחר תאונה,סטרוקוב ודים
40509,לוי אגזוזים - איטח את אבוכף,מוסך מורשה,באר שבע,דרך חברון 3/9,08-6655950,84101,22589857,2,תיקון רדיאטורים )מצננים) | תיקון צנורות פליטה ודודי עמם,איטח לוי
40512,שמיר משאיות בע מ - פחחות וצבע,מוסך מורשה,אשדוד,הפלדה 5 ת.ד 971,08-8569777,77100,512201955,2,תיקון מרכבי רכב | צבעות רכב,שמיר עמיאל | שמיר רונן
40514,צמיגי אילת ד.ב בע מ,מוסך מורשה,אילת,המלאכה 4 ת.ד. 5413,08-6377885,88000,515569671,3,אוטוטק רכב קל | תיקון והחלפת צמיגים | תיקון וכוון מתלים ברכב,בוהאדנה דניאל
40515,מוסך אריקור - הנדלסמן אריה,מוסך מורשה,אילת,הסתת 2 ת.ד 5032,08-6377429,88000,50559764,2,חשמלאות רכב | שירות תיקון למזגן אויר לרכב,לןי דוד | לוי דוד
40519,מ.ס. מוסך שירות (2005) בע מ,מוסך מורשה,רהט,אלחדיד 4 ת.ד. 126,08-9919003,90957,513767418,7,אוטוטק רכב קל | מכונאות דיזל משאיות ואוטובוסים | תיקון אחזקת רכב חשמלי/היברידי | טרקטורים ומכונות ניידות | תיקון טרקטורונים | תיקון מלגזות הרמה | תיקון וכוון מתלים ברכב,אלעוברה סמי | אבו דעאבס יאסר
40526,אלי גל מתכות בע מ,מוסך מורשה,אשדוד,רח' המחקר 41 א.ת. צפוני,08-8522047,77105,516374121,1,מסגרות רכב )תיקון ארגזים),זקס אליהו
40528,איירוקאר בע מ,מוסך מורשה,באר שבע,המכונאי 10,08-9135850,84100,516924701,2,מכונאות רכב דיזל | מכונאות דיזל משאיות ואוטובוסים,עגמי עלי
40530,כפיר נ.ע. שירותי רכב בע מ,מוסך מורשה,באר שבע,הדגן 10 ת.ד.2182,08-6274551,84101,514445683,5,מכונאות רכב בנזין | מכונאות רכב דיזל | תיקון אחזקת רכב חשמלי/היברידי | תיקון מרכבי רכב | צבעות רכב,אוחנה שמואל | אל קצאצי חסין
40531,א.ב הידראוליקה בע מ,מוסך מורשה,באר טוביה,אזור תעשיה ת.ד. 785,08-8580561,70900,51127124,3,אישור כשירות לצמ ה ומכונה ניידת | טרקטורים ומכונות ניידות | תיקון מלגזות הרמה,שבח אורי
40532,עליאן מוחמד - מוסך המרכז,מוסך מורשה,ירושלים,תלפיות רח' הרכב 32,02-6794488,93420,36489664,2,מכונאות רכב בנזין | מכונאות רכב דיזל,אבו טיר סלימאן
40540,צמיגי א.עידו בע מ,מוסך מורשה,אשקלון,הפלדה 3 ת ד 122,08-6750026,77100,513775379,1,תיקון והחלפת צמיגים,בוסקילה אהרון
40543,מוסך ויקטור - מליכוב ויקטור,מוסך מורשה,קריית גת,אשלגן 41 ת.ד 8034,08-6817973,82000,306172214,4,מכונאות רכב בנזין | מכונאות רכב דיזל | חשמלאות רכב | שירות תיקון למזגן אויר לרכב,מליכוב ויקטור | מלך אולג
40544,פרנקלך יבגני-אוטו קלאב,מוסך מורשה,אשדוד,העבודה 56 ת.ד. 12017,054-4763833,77100,307382648,2,מכונאות רכב בנזין | מכונאות רכב דיזל,קרצמן גריגורי
40546,מוסך לבל - בהנהלת ולדימיר,מוסך מורשה,אשקלון,הכישור 23,050-3901333,78100,336139613,2,מכונאות רכב בנזין | מכונאות רכב דיזל,רויטברג בוריס
40548,מוסך המומחה - אבו סידרה ואיל,מוסך מורשה,רהט,א-ס'נאעה 6 ת.ד. 443,052-2622077,95357,21884499,2,מכונאות רכב בנזין | מכונאות רכב דיזל,אבו סידרה ואיל
40549,הנדרי רחמים-פחחות וצבע לרכב,מוסך מורשה,ירושלים,תלפיות רח' חרשי ברזל 17,02-6482552,93420,28657179,2,תיקון מרכבי רכב | צבעות רכב,הנדרי רחמים
40560,מאיר מרכז שירות שותפות מוגבלת,מוסך מורשה,באר שבע,תפוז 2 ע.שרה ת.ד 2230,08-6205666,84130,512832866,12,מכונאות רכב בנזין | מכונאות רכב דיזל | מכונאות דיזל משאיות ואוטובוסים | תיקון אחזקת רכב חשמלי/היברידי | חשמלאות רכב | תיקון מרכבי רכב | צבעות רכב | תחזוקה ובדיקת מערכת כיבוי אש באוטו' | אישור כשירות לצמ ה ומכונה ניידת | טרקטורים ומכונות ניידות | מוסך נייד לחילוץ ולתיקוני חירום | שירות תיקון למזגן אויר לרכב,זנטי עמרם | שיפ אנדרי | צ'אוסובסקי יבגנ | צאוסובסקי יבגני | זנאטי עמרם
40562,מוסך שלב משאיות בע מ,מוסך מורשה,אשדוד,א.ת. צפוני רח' הקידמה,08-8529231,77100,513769497,3,מכונאות רכב בנזין | מכונאות רכב דיזל | מכונאות דיזל משאיות ואוטובוסים,ג'מל עמאד
40565,אוטוויק מרכזי בע מ,מוסך מורשה,ירושלים,תלפיות רח' האומן 21,02-6402000,93420,511297616,6,מכונאות רכב בנזין | מכונאות רכב דיזל | תיקון אחזקת רכב חשמלי/היברידי | תיקון מרכבי רכב | צבעות רכב | שירות תיקון למזגן אויר לרכב,אסולין יצחק
40566,עתיד מלגזות בע מ,מוסך מורשה,באר שבע,העמל 5,08-6900950,84102,516977527,4,אוטוטק רכב קל | אישור כשירות לצמ ה ומכונה ניידת | טרקטורים ומכונות ניידות | תיקון מלגזות הרמה,כהן שלמה נתנ
40567,מוסך חצבה - ניר ועמי,מוסך רישוי לציוד חקלאי,חצבה,ד.נ ערבה ת.ד. 181,08-9979217,86815,558503629,8,מכונאות רכב בנזין | מכונאות רכב דיזל | תיקון והחלפת צמיגים | מוסך רישוי לציוד חקלאי | אישור כשירות לצמ ה ומכונה ניידת | טרקטורים ומכונות ניידות | תיקון טרקטורונים | תיקון מלגזות הרמה,קמחי ניר
40570,יוסופוב סטניסלב מוסך סלבה,מוסך מורשה,קריית מלאכי,א. תעשיה באר טוביה,08-8602201,70900,304206980,4,מכונאות רכב בנזין | מכונאות רכב דיזל | תיקון והחלפת צמיגים | תיקון וכוון מתלים ברכב,יוסופוב סטניסלב | חזום יחזקאל
40572,סאם פחחות וצבע בע מ,מוסך מורשה,אשדוד,א.ת. צפוני רח' הקידמה 21,08-8529176,77105,513363697,2,תיקון מרכבי רכב | צבעות רכב,סמי דדון
40577,גמליאל את באס - מוסך  סגל,מוסך מורשה,ירושלים,ת. רח' חרשי ברזל 15 ת.ד.52234,02-6783575,93463,38821575,2,מכונאות רכב בנזין | מכונאות רכב דיזל,גמליאל טל
40579,קרית  אחים  בקר בע מ,מוסך מורשה,חורה,אלסנאעה  מגרש 21 ת.ד.461,052-2940567,84970,514210129,2,מכונאות רכב בנזין | מכונאות רכב דיזל,אלדדה סלימאן
40580,ש.רכב וטרקטורים דודי שריקי בע מ,מוסך רישוי לציוד חקלאי,שדי אברהם,מושב שדי אברהם 52,08-9982580,85480,513885491,9,מכונאות רכב בנזין | מכונאות רכב דיזל | מוסך רישוי לציוד חקלאי | אישור כשירות לצמ ה ומכונה ניידת | טרקטורים ומכונות ניידות | תיקון טרקטורונים | תיקון מלגזות הרמה | תיקון וכוון מתלים ברכב | שירות תיקון למזגן אויר לרכב,שריקי דוד | בשארים אורן
40583,מוסך א.שריקי - סלימאן אבו שריקי,מוסך מורשה,לקיה,שכ' 148/6 רח' אלענבר,052-2414643,84101,59938522,2,תיקון מרכבי רכב | צבעות רכב,אבו שריקי סלימן
40585,אחים א. מורד בע מ,מוסך מורשה,רהט,א-תג'ארה 6  ת.ד. 620,08-9917546,95357,513807792,1,תיקון והחלפת צמיגים,אלקרנאוי איאד
40587,חשמל רוברט - צדק רוברט,מוסך מורשה,באר שבע,הפלדה 20 ת.ד 4187,08-6235152,84100,309100311,2,חשמלאות רכב | שירות תיקון למזגן אויר לרכב,צדק רוברט
40588,צמיג ותקר 89 - אסרף  נטלי,מוסך מורשה,נתיבות,יוסף סמילו 23 ת ד 246,08-9945616,80200,32496986,1,תיקון והחלפת צמיגים,אסרף נטלי
40589,בן אלי ניסים-צמיגי דוידו מוטי,מוסך מורשה,ירושלים,תלפיות רח' האומן 12,02-6781111,93420,52161817,1,תיקון והחלפת צמיגים,בן אלי ניסים
40592,אבנר מיכאלי - מוסך א.א. שירותים,מוסך מורשה,בית שמש,א.ת.נשר הר טוב ת.ד.456,02-9915777,99000,55559066,3,מכונאות רכב בנזין | מכונאות רכב דיזל | תיקון טרקטורונים,כהן משה
40595,מוקד ארז דרום (2002) בע מ,מוסך מורשה,רהט,ת.דלק תפוז ת.ד 1064,050-8232329,85357,513235085,1,תיקון והחלפת צמיגים,פראחין מוסטפא
40596,אריה את בני שירותי רכב,מוסך מורשה,ירושלים,תלפיות יד חרוצים 4,02-6736283,93420,57045429,2,מכונאות רכב בנזין | מכונאות רכב דיזל,עטיה יהודה
40597,מוסך שחר - יוסי שחר,מוסך מורשה,באר שבע,הפועלים 4\17 ת.ד 2067,08-6277465,84101,56642473,2,מכונאות רכב בנזין | מכונאות רכב דיזל,שחר יוסי
40598,מרכז החלפים בנגב בע מ,מוסך מורשה,רהט,אלעומאל 7 ת.ד.376,057-7701246,90957,513873737,1,חשמלאות רכב,אלעמור נאיף
40601,חשמליית סיאם - אבו סיאם נאיף,מוסך מורשה,רהט,אלעומאל 12,08-9918558,85357,24762569,2,חשמלאות רכב | שירות תיקון למזגן אויר לרכב,אבו סיאם נאיף
40602,אופל שרותי רכב - שאקיר ריחנית,מוסך מורשה,אשקלון,המרכבה 40,08-6722146,78100,31738206,2,מכונאות רכב בנזין | מכונאות רכב דיזל,שאקיר יגאל
40603,אוטו פיקס אבנר מנשורי בע מ,מוסך מורשה,אשדוד,העבודה 32 ת.ד. 12741,08-8520806,71990,516151420,3,מכונאות רכב בנזין | מכונאות רכב דיזל | תיקון אחזקת רכב חשמלי/היברידי,מנשורי אבנר | אבנר מנשורי
40604,אסף אלון-א.ס.פ אבחון וייעוץ לרכב,מוסך מורשה,ירושלים,תלפיות רח' בית היוצר 6,050-7438202,93420,27437342,2,מכונאות רכב בנזין | מכונאות רכב דיזל,אלון אסף
40606,מוסך רוסקי אשדוד (2003) בע מ,מוסך מורשה,אשדוד,רחוב עמל 13,08-8531410,77606,513476853,2,מכונאות רכב בנזין | מכונאות רכב דיזל,ליטבר בוריס
40608,מוסך אקספרס - פורטנוי סרגיי,מוסך מורשה,באר שבע,דרך חברון 25,050-3392226,84100,323299156,2,מכונאות רכב בנזין | מכונאות רכב דיזל,ביטון יצחק
40610,סופר גל - מוסך גל,מוסך מורשה,אשדוד,רח' העבודה 58 ת.ד. 12653,08-8522338,77600,58414046,2,מכונאות רכב בנזין | מכונאות רכב דיזל,גל סופר
40611,מקס מרכזי שירות סקניה בע מ,מוסך מורשה,אשדוד,א.ת. צפוני רח' החרושת 25,074-7257690,77100,514943307,4,מכונאות רכב דיזל | מכונאות דיזל משאיות ואוטובוסים | חשמלאות רכב | שירות תיקון למזגן אויר לרכב,פרנק יעקב | חג'בי יוסף
40612,עלית לוי  93 שרותי רכב בע מ,מוסך מורשה,ירושלים,תלפיות רח' דרך בית לחם 120,02-6715507,93420,511760589,4,מכונאות רכב בנזין | מכונאות רכב דיזל | תיקון מרכבי רכב | צבעות רכב,לוי יוסף | סלאמה בדר
40614,מולטי ריטייל גרופ בע מ,מוסך מורשה,ירושלים,תלפיות רח' האומן 17,02-6780205,93420,515546224,3,מכונאות רכב בנזין | מכונאות רכב דיזל | תיקון והחלפת צמיגים,מנחם אליהו | רשק זוהיר
40616,מוסך איטליה - אלסייד עבדאללה,מוסך רישוי לציוד חקלאי,חורה,אלטואחין א.ת חורה,057-6658448,84970,58935172,7,מכונאות רכב בנזין | מכונאות רכב דיזל | מוסך רישוי לציוד חקלאי | אישור כשירות לצמ ה ומכונה ניידת | טרקטורים ומכונות ניידות | תיקון טרקטורונים | תיקון מלגזות הרמה,אל סייד עבדאללה | אלסייד עבדאללה
40617,מוסך באר צופר - גנאים ג'מאל,מוסך רישוי לציוד חקלאי,צופר,ד.נ ערבה,08-6851711,86830,53787230,4,מוסך רישוי לציוד חקלאי | אישור כשירות לצמ ה ומכונה ניידת | טרקטורים ומכונות ניידות | תיקון מלגזות הרמה,גנאים ג'מאל
40620,קפיצי הר טוב בע מ,מוסך מורשה,אשדוד,א.ת.צפוני רח' האשל ג 27,08-8565006,77105,514527316,1,תיקון קפיצים ברכב מנועי,זיו גיל
40623,דן אוזן - מוסך לי-אור,מוסך מורשה,אשדוד,רח' העבודה 9/20 ת.ד. 12433,08-8535861,77602,14318174,2,מכונאות רכב בנזין | מכונאות רכב דיזל,אוזן בן
40627,א.ש.ש. מ. מוסך גדי בע מ,מוסך מורשה,אשדוד,המסגר 3  ת.ד  12262,08-85220175,77600,514471366,3,תיקון אחזקת רכב חשמלי/היברידי | תיקון מרכבי רכב | צבעות רכב,שבייב גדליהו | שבייב גדליה
40628,מוסך עין יהב -  קלמנסון עמר,מוסך רישוי לציוד חקלאי,עין יהב,ד.נ. ערבה,052-3877120,86820,37068061,6,אוטוטק רכב קל | מוסך רישוי לציוד חקלאי | אישור כשירות לצמ ה ומכונה ניידת | טרקטורים ומכונות ניידות | תיקון טרקטורונים | תיקון מלגזות הרמה,קלמנסון עמר
40630,כוכב החשמל - אברהם עופר,מוסך מורשה,אשקלון,המרכבה 8 א.ת צפוני,053-2708514,78635,38385001,3,מכונאות רכב בנזין | מכונאות רכב דיזל | חשמלאות רכב,אברהם עופר
40631,שירות א.א. לרכב - בהנהלת אילן,מוסך מורשה,אשקלון,המסלול 5א,08-6759888,78100,58685066,2,מכונאות רכב בנזין | מכונאות רכב דיזל,שונם הלוי אילן
40634,עופר אהרון-מוסך אביב מוטורס,מוסך מורשה,בית שמש,אזור תעשיה צפוני הצבע 5,02-9926206,99000,57926578,4,מכונאות רכב בנזין | מכונאות רכב דיזל | תיקון והחלפת צמיגים | תיקון וכוון מתלים ברכב,מודריק גלעד | גמליאל שחר
40638,מוסך חורה בע מ,מוסך מורשה,חורה,אלסנאעה  ת.ד.597,08-6510026,84970,512241001,4,מכונאות רכב דיזל | מכונאות דיזל משאיות ואוטובוסים | תיקון מרכבי רכב | צבעות רכב,אבולקיען עטווה | אבו אלקיעאן גבר
40640,מוסך העוטף בהנהלת מיכאל,מוסך מורשה,אופקים,המלאכה 48,055-6855595,80300,22652085,2,מכונאות רכב בנזין | מכונאות רכב דיזל,בלמס מיכאל
40641,חממה יגאל-מוסך י.ח.ד נאמן,מוסך מורשה,ירושלים,רוממה רח' אהליאב 14,02-6511455,94467,45982659,2,מכונאות רכב בנזין | מכונאות רכב דיזל,חממה יגאל
40642,פאזל מוטורס בע מ,מוסך מורשה,אשקלון,הפנינים 10,052-2329333,78000,515106086,2,מכונאות רכב בנזין | מכונאות רכב דיזל,אמינוב בוריס
40643,ורדי אלון -מוסך מוטור ליין,מוסך מורשה,ישעי,מושב ישעי 36,053-4444124,99805,24038804,7,אוטוטק רכב קל | מכונאות דיזל משאיות ואוטובוסים | תחזוקה ובדיקת מערכת כיבוי אש באוטו' | אישור כשירות לצמ ה ומכונה ניידת | טרקטורים ומכונות ניידות | תיקון טרקטורונים | תיקון מלגזות הרמה,ורדי אלון
40648,כלמוביל בע מ-מוסך מרכזי ירושלים,מוסך מורשה,ירושלים,הסדנא 1 תלפיות,02-6210600,93420,510242670,6,אוטוטק רכב קל | מכונאות דיזל משאיות ואוטובוסים | תיקון אחזקת רכב חשמלי/היברידי | תיקון מרכבי רכב | צבעות רכב | תיקון וכוון מתלים ברכב,גית שאדי | אבו ניגמה עווד
40649,מוסך תל ערד בהנהלת נג'ואן,מוסך מורשה,ערד,מנוף 3,052-5151179,80700,315276444,1,אוטוטק רכב קל,אבו שלדום נג'וא
40650,מרכז הרכב יאב - אבוטבול יואל,מוסך מורשה,באר שבע,הפועלים 21 ת ד 2086,08-6232905,84100,22184220,2,מכונאות רכב בנזין | מכונאות רכב דיזל,אבוטבול אדם
40651,צמיגי שלומי נאסה בע מ,מוסך מורשה,ירושלים,מרכז ספיר 1 ג. שאול,02-6536410,95461,516199940,2,תיקון והחלפת צמיגים | תיקון וכוון מתלים ברכב,חשים עיסאם
40653,ביג דיל שירותי רכב בע מ,מוסך מורשה,אשדוד,רח' העבודה 42 ת.ד. 12025,08-8520444,77100,516218633,2,מכונאות רכב בנזין | מכונאות רכב דיזל,וקנין דן
40657,חכמון רחמים- מוסך רחמים,מוסך מורשה,אשדוד,א.ת. צפוני רח' הבטיחות 3,052-2446971,77100,22476006,2,מכונאות רכב בנזין | מכונאות רכב דיזל,חכמון רחמים
40658,מוסך 386 בע מ,מוסך מורשה,בית שמש,א. ת. הר טוב,054-2094805,99000,516622685,2,מכונאות רכב בנזין | מכונאות רכב דיזל,ליברמן יצחק
40662,מושיתו הפחח (1998) בע מ,מוסך מורשה,באר שבע,דרך חברון 10\40,08-6232965,84100,512576026,2,תיקון אחזקת רכב חשמלי/היברידי | תיקון מרכבי רכב,בלילטי משה
40663,מוסך ארנולד שרות רכב,מוסך מורשה,אשקלון,הכישור 22 א.ת צפוני,053-5553738,78100,311844237,2,מכונאות רכב בנזין | מכונאות רכב דיזל,שטרסנר אדוארד
40664,שוויקי מוחמד-מוסך איה למכונאות,מוסך מורשה,ירושלים,דרך בית לחם 11,052-3673394,93553,23358641,1,מכונאות רכב בנזין,שויקי מוחמד
40666,אלימלך - מחסני צמיגים בע מ,מוסך מורשה,באר שבע,אליהו נאוי 43,08-6270273,84100,512473166,2,תיקון והחלפת צמיגים | תיקון וכוון מתלים ברכב,אלימלך אברהם | נירנברג יעקב
40667,מוסך רונן מכונאות רכב,מוסך מורשה,אשקלון,הכישור 18,08-6752828,78633,27210954,3,מכונאות רכב בנזין | מכונאות רכב דיזל | תיקון אחזקת רכב חשמלי/היברידי,קינן רונן
40669,חשמל ומיזוג ג'קי בע מ,מוסך מורשה,באר שבע,הפועלים 12 ת.ד 2351,052-8838447,84101,513357269,7,מכונאות רכב בנזין | מכונאות רכב דיזל | תיקון אחזקת רכב חשמלי/היברידי | חשמלאות רכב | תיקון מרכבי רכב | צבעות רכב | שירות תיקון למזגן אויר לרכב,מויאל פרוספר | מויאל יצחק | אבו אלקיעאן חוס
40670,מוסך אזברגה - בהנהלת סמיח,מוסך מורשה,רהט,א-ס'נאעה 16,08-9912455,90957,302664966,2,מכונאות רכב בנזין | מכונאות רכב דיזל,אזברגה יוסף
40671,מוסך מכונאות - עזרא עוזר,מוסך מורשה,אשקלון,הנפח 17 ת.ד 3038,08-6715593,78100,24398554,5,מכונאות רכב בנזין | מכונאות רכב דיזל | אישור כשירות לצמ ה ומכונה ניידת | טרקטורים ומכונות ניידות | תיקון מלגזות הרמה,עזרא עוזר
40672,מוסך היוזמה (2013) בע מ,מוסך מורשה,אשדוד,א.ת. צפוני היוזמה 2,08-8535879,77100,514959360,3,מכונאות רכב בנזין | מכונאות רכב דיזל | מכונאות דיזל משאיות ואוטובוסים,עמר עמרם
40674,יענקלה איתן - גורן לחקלאי בע מ,מוסך מורשה,עין הבשור,מושב עין הבשור 37,08-9985042,85405,514127562,1,תיקון והחלפת צמיגים,איתן רדד
40677,אי-תן שרותי רכב בע מ,מוסך מורשה,ירושלים,ג. שאול רח' בית הדפוס 30 ת.ד 34606,02-6522306,95477,514149343,2,מכונאות רכב בנזין | מכונאות רכב דיזל,שרביט שלום
40680,ע.ל.י. הדייקן בע מ,מוסך מורשה,באר שבע,המנוף 11 ת.ד 2309,08-6285208,84101,517199295,1,אוטוטק מרכבי רכב וצביעתם,אבו קיעאן סאלם
40681,סיגמא מוטורס בע מ,מוסך מורשה,ירושלים,תלפיות רח' התעשיה 1,02-5658888,93420,512213323,5,מכונאות רכב בנזין | מכונאות רכב דיזל | תיקון אחזקת רכב חשמלי/היברידי | תיקון מרכבי רכב | צבעות רכב,זלטין יוסף | אלחוסיני עמאר
40683,מוסך דנדיס אילת,מוסך מורשה,אילת,הספן 5א,053-3575718,88000,28327146,2,מכונאות רכב בנזין | מכונאות רכב דיזל,דנדיס מונזר
40684,מוסך פואד בע מ,מוסך מורשה,רהט,א-ס'נאעה 27 ת.ד. 226,050-5466625,90957,514974930,3,מכונאות רכב בנזין | מכונאות רכב דיזל | מכונאות דיזל משאיות ואוטובוסים,מגידיש יורם
40685,אשר צמיגים,מוסך מורשה,דימונה,הפועלים 16 ת.ד 1485,053-3950915,86000,22633184,1,תיקון והחלפת צמיגים,אלקובי אשר מסעו
40686,ברנס שלמה - צמיגי המלך שלמה,מוסך מורשה,אשדוד,א. ת. קלה רח' העמל 49,08-8526475,77605,57294944,1,תיקון והחלפת צמיגים,ברנס שלמה
40688,פחימה יחיאל - שרותי רכב,מוסך רישוי לציוד חקלאי,עזריקם,מושב עזריקם 118,08-8585072,79275,23054729,6,אוטוטק רכב קל | מוסך רישוי לציוד חקלאי | אישור כשירות לצמ ה ומכונה ניידת | תיקון טרקטורונים | אוטוטק טרקטורים ומכונות ניידות | תיקון מלגזות הרמה,פחימה יחיאל
40689,מוטי ויוני שרותי רכב בע''מ,מוסך מורשה,בית שמש,א. תעשיה הצפוני רחוב החרש 5,02-9918945,99000,514090562,4,אוטוטק רכב קל | תיקון מרכבי רכב | צבעות רכב | תיקון וכוון מתלים ברכב,קדוש דוד שלום | אסולין גבי
40694,אקסטרים מוטוספורט 1 בע מ,מוסך מורשה,באר שבע,טרומפלדור 24,08-6284332,84100,515176733,2,מכונאות אופנועים וקטנועים | תיקון טרקטורונים,ללוש ירון
40702,גבר עבדאללה - שרותי רכב,מוסך מורשה,אבו גוש,היסמין 11,02-5341493,90845,56254444,2,מכונאות רכב בנזין | מכונאות רכב דיזל,גבר מחמוד | גבר מוחמד
40703,ואי.די. מוטו בע מ,מוסך מורשה,ירושלים,תלפיות רח' הסדנא  7,02-6790908,93420,513915603,2,תיקון אחזקת רכב חשמלי/היברידי | מכונאות אופנועים וקטנועים,אגור יואש | אבהרמי דני
40704,אוטו-די שרותי רכב בע מ,מוסך מורשה,ירושלים,ג. שאול בית הדפוס 15,02-6517744,91012,513780932,5,מכונאות רכב בנזין | מכונאות רכב דיזל | תיקון אחזקת רכב חשמלי/היברידי | תיקון מרכבי רכב | צבעות רכב,מזוז איציק | עבדין סופיאן | בסילה חלוי
40706,מוסך אנדרי כהן בע מ,מוסך מורשה,ירושלים,יד חרוצים 14 ת.ד 52264,02-6713331,93420,514381953,2,מכונאות רכב בנזין | מכונאות רכב דיזל,כהן אנדרי
40707,מוסך אדם - אבו שארב נעים,מוסך מורשה,רהט,א-תג'ארה 6 ת.ד 382,052-2629798,90957,23210719,7,מכונאות רכב בנזין | מכונאות רכב דיזל | מכונאות דיזל משאיות ואוטובוסים | טרקטורים ומכונות ניידות | תיקון טרקטורונים | תיקון מלגזות הרמה | תיקון וכוון מתלים ברכב,אבו שארב נעים
40711,ספולבדה אלכס - חשמל אלפיים,מוסך מורשה,אשדוד,א.ת. הקלה העופרת 3,08-8533755,77605,14118210,2,חשמלאות רכב | שירות תיקון למזגן אויר לרכב,טל תמיר
40712,מוסך אחמד ובניו - נאסאסרה מחמד,מוסך מורשה,רהט,אלעומאל 5,050-5478900,85357,25833690,1,תיקון מרכבי רכב,נאסאסרה מחמד
40715,המוסך המרכזי ירוחם - נעים יוסף,מוסך מורשה,ירוחם,א.תעשייה ביתן 60 ת.ד.333,08-6583162,80500,31511371,4,מכונאות רכב בנזין | מכונאות רכב דיזל | תיקון אחזקת רכב חשמלי/היברידי | תיקון והחלפת צמיגים,נעים יוסף
40717,הסעות מרדכי אדרי ובניו בע מ,מוסך מורשה,שדה דוד,תאנה 65,08-6849043,79320,512293127,3,מכונאות רכב בנזין | מכונאות רכב דיזל | מכונאות דיזל משאיות ואוטובוסים,אדרי עירן | עדרי עירן
40719,צמיגי כחלון ימין בע מ,מוסך מורשה,אשדוד,תחנת פז גלים,08-8565885,77100,515348829,1,תיקון והחלפת צמיגים,אלחטיב ראמי
40723,המדביק בית שמש בע מ,מוסך מורשה,בית שמש,א. תעשיה רח' הבנאי 1,02-9917718,99000,514221100,3,אוטוטק רכב קל | תיקון רדיאטורים )מצננים) | תיקון וכוון מתלים ברכב,יעקב אפיק | יעקב חיים
40726,קרית הרכב י.א האחים טויזר בע מ,מוסך מורשה,באר שבע,אליהו נאוי 38  ת.ד 347,08-6276527,84100,512012709,4,מכונאות רכב בנזין | מכונאות רכב דיזל | תיקון אחזקת רכב חשמלי/היברידי | חשמלאות רכב,טויזר יצחק | טויזר מרדכי
40727,אבקסיס יהודה -מוסך יהודה פחחות,מוסך מורשה,אשדוד,רח' העמל 40,053-7885636,77606,22675409,1,תיקון מרכבי רכב,יהודה אבקסיס
40728,אוטו )חוה( גל בע מ,מוסך מורשה,אשדוד,א. תעשיה הקלה רח' העמל 7,08-8522205,77606,512066820,5,מכונאות רכב בנזין | מכונאות רכב דיזל | תיקון אחזקת רכב חשמלי/היברידי | תיקון מרכבי רכב | צבעות רכב,שחם גל | שחם-בן חיון גלי | בן חיון אבי
40736,חנן כץ- מוסך פיקס מוטורס,מוסך מורשה,אשדוד,רח' העמל 27 ת.ד. 12559,050-7983719,77606,307402842,1,אוטוטק רכב קל,פון אנטולי
40737,מוסך צמד אשדוד בע מ,מוסך מורשה,אשדוד,א. תעשיה הקלה העמל 41,08-8522610,77606,513348029,2,מכונאות רכב בנזין | מכונאות רכב דיזל,אמרי רועי
40740,צמיגי אלפראחין - אלעסאם טהא,מוסך מורשה,רהט,אלמח'יטה 2,052-5447563,90957,307832717,1,אוטוטק תיקון והחלפת צמיגים,אלעסאם טהא
40741,דוד כהן - מוסך שרותי רכב,מוסך מורשה,ירושלים,גבעת שאול מרכז ספיר 6,02-6522556,95461,56523442,2,מכונאות רכב בנזין | מכונאות רכב דיזל,דוד כהן
40743,מוסך אבו עואד - אלטורי אחמד,מוסך מורשה,רהט,אלח'באז 12 ת ד 174,050-2965985,85753,27625730,5,אוטוטק רכב קל | מכונאות דיזל משאיות ואוטובוסים | טרקטורים ומכונות ניידות | תיקון טרקטורונים | תיקון מלגזות הרמה,אבו עאבד סלמאן
40745,דביר מכוני רישוי בע מ,מכון רישוי,אשקלון,הפנינים 22,08-6777860,78100,513942185,2,בדיקות עשן ברכב דיזל | מכון רישוי-פתוח לשרות הציבור,אהרוני ראובן
40748,אשהב עבד אלגני-מוסך ואן ליין,מוסך מורשה,ירושלים,רח' התוצרת 53 א.ת. עטרות,052-2684588,91720,80592215,3,מכונאות רכב בנזין | מכונאות רכב דיזל | תיקון וכוון מתלים ברכב,רביע איברהים
40751,כרמל פחחות וצבע לרכב,מוסך מורשה,בית שמש,א.ת. הר-טוב )מתחם תחנת דלק דור אלון(,054-6549065,99000,36544658,2,תיקון מרכבי רכב | צבעות רכב,דקה יצחק איצ
40752,מוסך י.ש כהן ובניו (2021) בע מ,מוסך מורשה,אשדוד,ההדרים 32 ת.ד 12694,08-8523085,77613,516322716,5,מכונאות רכב בנזין | מכונאות רכב דיזל | תיקון אחזקת רכב חשמלי/היברידי | תיקון מרכבי רכב | צבעות רכב,ארז שלומי | כהן שמעון
40753,מילניום שרותים ולוגיסטיקה בע מ,מוסך מורשה,אשקלון,הפנינים 22 ת.ד. 5133,08-6777877,78359,512592064,7,מכונאות רכב בנזין | מכונאות רכב דיזל | מכונאות דיזל משאיות ואוטובוסים | חשמלאות רכב | תיקון וכיול טכוגרפים דגיטלי | תיקון מחוונים | תיקון וכיול טכוגרפים,מכבי עזרא ניסים | משולם ויקטור | עמר יחיאל זא
40759,אלכסנדר את איגור - מוסך אקס קאר,מוסך מורשה,אשדוד,רח' העמל 10,08-8527791,77606,308699446,2,מכונאות רכב בנזין | מכונאות רכב דיזל,פודולסקי אלכסיי
40762,צמיגי נועם - אזולאי אושרת,מוסך מורשה,באר שבע,דרך חברון 38,054-2277900,84100,46227229,1,תיקון והחלפת צמיגים,אזולאי שלומי
40764,קאר מזג בע מ,מוסך מורשה,אשקלון,התעשייה 1\30,08-6753284,77100,33843400,3,אוטוטק רכב קל | תיקון מחוונים | תיקון וכיול טכוגרפים,חזיזה יניב
40765,משה אברהמי שרותי חשמל לרכב בע מ,מוסך מורשה,באר שבע,הפועלים 16,08-6239874,84100,511383515,2,חשמלאות רכב | שירות תיקון למזגן אויר לרכב,אברהמי משה | אברהמי בנימין
40766,האומן ג.מ. ובניו בע מ,מוסך מורשה,אשקלון,הגלגל 7,08-6757222,78000,513984583,3,תיקון אחזקת רכב חשמלי/היברידי | תיקון מרכבי רכב | צבעות רכב,גואטה ברק | גואטה מאיר
40767,מוסך אמפריית אם - בהנהלת מיכל,מוסך מורשה,אשקלון,העופרת 1,052-4479366,78100,27213727,2,מכונאות רכב בנזין | מכונאות רכב דיזל,זיו משה
40770,מוסך גל - שלי הרצל,מוסך מורשה,באר שבע,הרתך 2 ת.ד 2055,08-6274197,84101,22627616,2,מכונאות רכב בנזין | מכונאות רכב דיזל,שלי הרצל
40776,מוסך ריאד,מוסך מורשה,רהט,אלעומאל 17 ת.ד 103,08-9910989,90957,27626183,2,מכונאות רכב בנזין | מכונאות רכב דיזל,דויקו שאול
40777,מוסך אמויאל יוסף,מוסך מורשה,קריית גת,חשוון 12 ת ד 8209,08-6600274,82000,58357583,3,מכונאות רכב בנזין | מכונאות רכב דיזל | מכונאות דיזל משאיות ואוטובוסים,אמויאל יוסף
40778,מ.שי טל שירותי רכב בע מ,מוסך מורשה,אשקלון,הצורף 25 ת.ד 3028,08-6710923,78100,514366749,2,תיקון מרכבי רכב | צבעות רכב,ביטון משה
40780,ניו טסט בע מ,מכון רישוי,באר שבע,האגס 6,08-6255900,84890,513878850,2,בדיקות עשן ברכב דיזל | מכון רישוי-פתוח לשרות הציבור,בדרי שמואל
40782,שירותי מוסך יוסי כהן בע מ,מוסך מורשה,אשדוד,רח' הבושם 4,08-8522080,77100,512852781,5,מכונאות רכב בנזין | מכונאות רכב דיזל | תיקון אחזקת רכב חשמלי/היברידי | תיקון מרכבי רכב | צבעות רכב,כהן יוסף | כהן  אברהם | כהן אברהם | חיימוב מיכאל
40783,ויינגולד משה בע מ,מוסך רישוי לרכב חדש,בית שמש,הר טוב,02-9994501,99000,512598160,1,רישום ורישוי לרכב חדש,יעקב שטרית
40784,מולטי ריטייל גרופ בע מ,מוסך מורשה,אשדוד,רח' זבוטינסקי 45 מתחם סטאר סנטר,050-7221086,77610,515546224,3,מכונאות רכב בנזין | מכונאות רכב דיזל | תיקון והחלפת צמיגים,גבריאל נורברטו | שור רומן
40785,מילניום שרותים ולוגיסטיקה בע מ,מוסך מורשה,אשדוד,המתכת 65,08-9100611,77100,512592064,3,מכונאות רכב בנזין | מכונאות רכב דיזל | מכונאות דיזל משאיות ואוטובוסים,ביטון אליהו
40788,האומן מוטורס,מוסך מורשה,ירושלים,תלפיות רח' האומן 30,02-6799465,93420,312550825,1,אוטוטק רכב קל,גברין אחמד
40789,גרוס אורי - מוסך מעלה החמישה,מוסך מורשה,מעלה החמישה,ד.נ. הרי יהודה,02-5347387,90835,13209275,2,מכונאות רכב בנזין | מכונאות רכב דיזל,גרוס אורי
40791,המכללה הארצית להכשרה מקצועית ס',מכון רישוי,ירושלים,רח' התוצרת5א.ת. עטרות,02-5830200,97800,511579252,2,בדיקות עשן ברכב דיזל | מכון רישוי-פתוח לשרות הציבור,עבד אלחלים ואסף
40792,הפנצ'ריה הכתומה בע מ,מוסך מורשה,אילת,המלאכה 3 ת.ד 500,08-6378408,88000,513528299,1,תיקון והחלפת צמיגים,אהרון דוד
40794,מרכז שירות אורן החדש 2025 בע מ,מוסך מורשה,אשדוד,רח' החרושת 25,08-8566161,77100,517107124,2,אוטוטק רכב קל | מכונאות דיזל משאיות ואוטובוסים,פיטל ארקדי
40795,רמי לוי - מוסך רמי לוי,מוסך מורשה,ירושלים,גבעת שאול מרכז ספיר 6,02-6515333,95461,59838433,2,מכונאות רכב בנזין | מכונאות רכב דיזל,בר-לב גדי
40796,טליתן אחזקות בע מ,מוסך מורשה,אשדוד,א.ת צפוני רח' המדע 11,072-2367222,77100,515039642,4,מכונאות רכב בנזין | מכונאות רכב דיזל | חשמלאות רכב | שירות תיקון למזגן אויר לרכב,אבו חאלד מוסטפא | צייריף בוריס
40798,אוזן יוסף צמיגי אוזן יוסי,מוסך מורשה,קריית מלאכי,אזור תעשיה רח' המלאכה,08-8580641,70900,52831179,1,תיקון והחלפת צמיגים,אוזן יוסף
40800,לובוב את אולג מוסך אוטו סרוויס,מוסך מורשה,אשדוד,רח' העבודה 15,08-6524040,77100,304594955,2,מכונאות רכב בנזין | מכונאות רכב דיזל,אורן ארז
40801,מוסך מידאן - אלרבידי סלמאן,מוסך מורשה,רהט,אלעומאל 10,052-7453636,90957,26301598,2,מכונאות רכב בנזין | מכונאות רכב דיזל,אלרבידי סלמאן
40803,מוסך הלל קבלנות ומסחר ורכב,מוסך מורשה,ירושלים,רח' המעש 94 ת.ד 60498,052-2904227,91131,60837036,1,אוטוטק מרכבי רכב וצביעתם,גיית עלא
40808,אורון בן אלי - צמיגי דודו אורון,מוסך מורשה,ירושלים,הסדנא 5 תלפיות,02-6450454,93420,52968112,1,תיקון והחלפת צמיגים,בן אלי אורון
40809,נחום יוזמן בע מ,מוסך רישוי לציוד חקלאי,זכריה,מושב זכריה 23,02-9918968,99808,512393232,7,מכונאות רכב בנזין | מכונאות רכב דיזל | אוטוטק תיקון והחלפת צמיגים | מוסך רישוי לציוד חקלאי | אישור כשירות לצמ ה ומכונה ניידת | טרקטורים ומכונות ניידות | תיקון מלגזות הרמה,נחום יריב | נחום יוזמן
40811,מוסך מרכז החלף - בן אבו אליעזר,מוסך מורשה,שדרות,הנחלים 6א  ת ד 104,08-6891420,80100,62782081,1,אוטוטק רכב קל,בן אבו אליעזר
40812,מוסך האחים מגנזי בע מ,מוסך מורשה,קריית מלאכי,אזור תעשיה קריית מלאכי פקר 8,08-8504372,70996,511541773,2,תיקון מרכבי רכב | צבעות רכב,מגנזי יהודה
40813,יגמור עלאא - מוסך עטרות,מוסך מורשה,ירושלים,רח' מפעלות 30 עטרות,02-5839660,91131,34867986,3,מכונאות רכב בנזין | מכונאות רכב דיזל | מכונאות דיזל משאיות ואוטובוסים,מהלוואס סאלח
40814,מכון רישוי טסט אריה בע מ,מכון רישוי,מישור אדומים,רח' אופירה א.ת. מישור אדומים,02-5905044,,513813154,2,בדיקות עשן ברכב דיזל | מכון רישוי-פתוח לשרות הציבור,אדקידק עלאא
40815,מוסך ויקטור קלדרון בע מ,מוסך מורשה,באר שבע,האגס 8 ת.ד 7022,08-6295925,84101,516816063,5,אוטוטק רכב קל | מכונאות דיזל משאיות ואוטובוסים | תיקון אחזקת רכב חשמלי/היברידי | תחזוקה ובדיקת מערכת כיבוי אש באוטו' | אוטוטק טרקטורים ומכונות ניידות,קלדרון דוד
40816,אייל מכונים מסחר ושרותים בע מ,מכון רישוי,נתיבות,הסוללים 1,08-9933735,80200,513813170,4,בדיקות עשן ברכב דיזל | בדיקות-רכב )קניה ומכירה) | מכון רישוי-פתוח לשרות הציבור | בדיקת רכב לאחר תאונה,לוי אבירן אב
40818,סייד שירותי רכב בע מ,מוסך מורשה,אשקלון,עזרא יסודי 5,050-5390009,78100,515104412,2,מכונאות רכב דיזל | מכונאות דיזל משאיות ואוטובוסים,אבו ע'אנם פאיז
40819,כאשור חסן - מוסך אל-אעתמאד,מוסך מורשה,ירושלים,עטרות רח' התמרוקים 15,02-6561424,97800,205862691,2,מכונאות רכב בנזין | מכונאות רכב דיזל,עיד איברהים
40820,צמיגי המילניום מסחר ושרותים בע מ,מוסך מורשה,אשקלון,הפנינים 22 ת.ד.5133,08-6777887,78359,513966333,1,אוטוטק תיקון והחלפת צמיגים,אבו גאנם חסן
40821,מרכז הצמגים - תמיר כהן,מוסך מורשה,באר שבע,הבדיל 25,050-7526987,84101,40881518,1,תיקון והחלפת צמיגים,כהן תמיר
40824,הראל שרותי רכב- כחלון אבי,מוסך מורשה,באר שבע,המכונאי 12 2145,050-9666171,84101,37973849,2,מכונאות רכב בנזין | מכונאות רכב דיזל,טלאלקה גהד
40827,מטריאלס ליפט בע מ,מוסך מורשה,קריית גת,אלול 18,052-6866644,82000,515371292,2,אישור כשירות לצמ ה ומכונה ניידת | תיקון מלגזות הרמה,חרוש יצחק
40832,שמש אייל - מוסך השמש העולה,מוסך מורשה,ירושלים,גבעת שאול מרכז ספיר 7,02-6542666,95461,24618787,2,מכונאות רכב בנזין | מכונאות רכב דיזל,שמש אייל
40834,צמיגי אביעד - מדאר אביגדור,מוסך מורשה,קריית גת,חשוון 24 ת.ד. 8233,08-6882718,82000,27342146,2,תיקון והחלפת צמיגים | תיקון וכוון מתלים ברכב,מדאר אביגדור | סויונוב בוריס
40837,עיד בדווי -  מוסך בדווי,מוסך מורשה,ירושלים,רח' התמרוקים 15 ת.ד 38399,02-5837990,97800,25800509,3,מכונאות רכב בנזין | מכונאות רכב דיזל | תיקון וכוון מתלים ברכב,עיד בדווי
40838,נ.ו.ע.מ. קאר לנד בע מ,מוסך מורשה,אשדוד,רח' היוצר 4 ת.ד -12627,08-8528666,77100,512673187,3,תיקון אחזקת רכב חשמלי/היברידי | תיקון מרכבי רכב | צבעות רכב,בננו עינב יתר
40839,א.ב נדב מוטורס בע מ,מוסך מורשה,אילת,הספן 14 ת ד 9206,08-6339582,88100,514283076,2,מכונאות רכב בנזין | מכונאות רכב דיזל,בן מוחה אליהו
40840,בסט טסט בע מ,מכון רישוי,ירושלים,גבעת שאול רח' בית הדפוס 15,02-6519777,95461,513890517,5,בדיקות עשן ברכב דיזל | בדיקות-רכב )קניה ומכירה) | מכון רישוי-פתוח לשרות הציבור | תיקון וכוון מתלים ברכב | בדיקת רכב לאחר תאונה,סנדוקה אשרף
40841,רונן הרוש - רונן אגזוזים,מוסך מורשה,ירושלים,ג. שאול ב. דפוס 29,02-6510954,91345,59834788,1,תיקון צנורות פליטה ודודי עמם,רונן הרוש
40842,אופיר אליהו - אופיר שרותי רכב,מוסך מורשה,נס הרים,מושב נס הרים 30,00-5334836,99885,27428010,2,מכונאות רכב בנזין | מכונאות רכב דיזל,יהושע פואל
40843,מכון רישוי טסט אשדוד בע מ,מכון רישוי,אשדוד,א. תעשיה הצפוני רח' המדע 7 ת.ד. 165,08-8561558,77100,513643395,5,בדיקות עשן ברכב דיזל | בדיקות-רכב )קניה ומכירה) | מכון רישוי-פתוח לשרות הציבור | רישום ראשוני לרכב חדש | תיקון וכוון מתלים ברכב,שילוח משה
40844,גלסטיאן קארן - מוסך גרנד מוטורס,מוסך מורשה,אשדוד,היוצר 5 ת.ד. 12097,08-8530043,77601,314545971,2,מכונאות רכב בנזין | מכונאות רכב דיזל,נחמני מרדכי
40845,א.ל.פח. וצבע בע מ,מוסך מורשה,באר שבע,סדנא 5 ת ד 678,053-7448822,84101,513293597,4,אוטוטק רכב קל | תיקון אחזקת רכב חשמלי/היברידי | תיקון מרכבי רכב | צבעות רכב,לוי עידו | גרוסי יוסף
40846,א.ט.י.חלפים שרותי תיקון רכב בע מ,מוסך מורשה,רהט,א-ס'נאעה 2 ת ד 846,054-5891302,85357,517068342,1,אוטוטק רכב קל,אלזיאדנה טלל
40847,מרכז שרות ש.חדד בע מ,מוסך מורשה,ירושלים,רח' האיתן 14 עטרות,02-6453330,91720,514373117,7,אוטוטק רכב קל | מכונאות דיזל משאיות ואוטובוסים | תיקון אחזקת רכב חשמלי/היברידי | תיקון מרכבי רכב | תיקון והחלפת צמיגים | אוטוטק מרכבי רכב וצביעתם | תיקון וכיול טכוגרפים,חדד דני | חדד יובל | רוזנברג אברהם
40848,מוסך אוטומוטורס,מוסך מורשה,בית שמש,המלאכה 13 הר טוב,02-6256354,99000,321978918,2,אוטוטק רכב קל | תיקון אחזקת רכב חשמלי/היברידי,סמולין ולדימיר
40849,אבו סנינה מרואן - מוסך אוטו תאמר,מוסך מורשה,ירושלים,רח' התעשיה 1 א.ת. עטרות,02-6568020,91720,80218977,2,מכונאות רכב בנזין | מכונאות רכב דיזל,מרואן אבו סנינה
40850,סלהב עלאאי - מוסך סלהב,מוסך מורשה,ירושלים,רח' התוצרת 53 א. ת. עטרות,02-6569634,91720,81053886,3,מכונאות רכב בנזין | מכונאות רכב דיזל | מכונאות דיזל משאיות ואוטובוסים,חליל אחמד
40854,אוטו אנג'ל בע מ,מוסך מורשה,שדרות,בלגרד 52 ת.ד.177,08-6613456,87011,514418912,2,מכונאות רכב בנזין | מכונאות רכב דיזל,יהודאי אברהם
40857,מעמדים בע מ,מוסך מורשה,באר שבע,שורק 41 ת ד 2158,054-9901994,84100,511175036,3,אוטוטק רכב קל | מכונאות דיזל משאיות ואוטובוסים | טרקטורים ומכונות ניידות,טופחי נסים
40859,חב' ס.ב.ל.ל שרותי רכב בע מ,מוסך מורשה,בית שמש,א. תעשיה רח' המסגר 15,02-5700060,99000,515192482,4,מכונאות רכב בנזין | מכונאות רכב דיזל | תיקון מרכבי רכב | צבעות רכב,סאלם מוסטפא | סלמאן בלאל
40862,מוסך התיקון הכללי בהנהלת מירזויב,מוסך מורשה,ירוחם,אזור התעשיה 1 ירוחם,050-7946150,80500,,3,מכונאות רכב בנזין | מכונאות רכב דיזל | תיקון והחלפת צמיגים,לסקין איגור | יפרח אליהו
40863,מוסך האחים - חאוטרה אברהים,מוסך מורשה,אופקים,המסגר 51,050-4810570,80300,29954575,1,אוטוטק מרכבי רכב וצביעתם,אלגעאר תארק
40865,מוסך אבי - דן (2000) בע מ,מוסך מורשה,באר שבע,שורק 21 ת.ד.2281,08-6651161,84100,512989237,2,אוטוטק רכב קל | תיקון אחזקת רכב חשמלי/היברידי,דהאן דניאל
40869,פנצ'ריית ס.א. - עמראן,מוסך מורשה,שדרות,אוסלו 5/4,050-9514403,90100,325666840,1,תיקון והחלפת צמיגים,אלקרינאוי גלאל
40876,רביב טרקטורונים בע מ,מוסך מורשה,באר טוביה,א.ת. באר טוביה,08-8582345,83101,513480855,2,מכונאות אופנועים וקטנועים | תיקון טרקטורונים,גור אריה זיו
40877,מוסך מקסים - אלמקייס מקסים,מוסך מורשה,קריית גת,אדר 6,08-6811017,82000,67983338,1,חשמלאות רכב,אלמקיים מקסים
40879,המוסך של ארז - מ.א.מ. בע מ,מוסך מורשה,ירושלים,גבעת שאול רח' בית הדפוס 34,02-6511404,95477,513840793,1,תיקון וכוון מתלים ברכב,מזרחי עזרא
40881,גולדמוביל ירושלים בע מ,מוסך מורשה,ירושלים,גבעת שאול כנפי נשרים 13,00-6473000,95477,514204445,7,מכונאות רכב בנזין | מכונאות רכב דיזל | תיקון אחזקת רכב חשמלי/היברידי | חשמלאות רכב | תיקון מרכבי רכב | צבעות רכב | שירות תיקון למזגן אויר לרכב,בנימיני יעקב | בזלמית נאסר | בזלמיט וגיה
40884,נטו מלינדה סחר בע מ,מוסך מורשה,קריית מלאכי,מאיר עזרא 5 ת.ד 655,08-8608593,70900,511725459,3,מכונאות רכב בנזין | מכונאות רכב דיזל | תיקון אחזקת רכב חשמלי/היברידי,כפיר אילן
40885,המוסך של אריק דהן בע מ,מוסך מורשה,אשקלון,צה ל 66,08-6759661,78598,514512276,1,אוטוטק רכב קל,דהן דוד
40886,מוסך אבי זליג בע מ,מוסך מורשה,ירושלים,ג. שאול רח' בית הדפוס 6,02-6790033,95461,513873372,2,תיקון אחזקת רכב חשמלי/היברידי | אוטוטק מרכבי רכב וצביעתם,בן שושן שמעון כ
40888,מפגש כסייפה - אלקרעאן חסיין,מוסך מורשה,כסיפה,מפגש כסיפה,052-2912502,,29161056,1,תיקון והחלפת צמיגים,אלקורעאן עלי
40889,צל אלקטרוניקה - חדד צביקה,מוסך מורשה,נתיבות,רבי עקיבא 38 ת.ד 5138,08-9931724,80200,24549990,4,מכונאות רכב בנזין | מכונאות רכב דיזל | חשמלאות רכב | שירות תיקון למזגן אויר לרכב,חדד צביקה | חדאד צביקה
40894,סטשבסקי אנטון-מרכז דיזל אשדוד,מוסך מורשה,אשדוד,ת.ד 12439 א.ת הקלה רח' העבודה51,08-8527596,77600,314306838,2,מכונאות רכב בנזין | מכונאות רכב דיזל,סטשבסקי אנטון
40895,צרויה שרותי רכב בע''מ,מוסך מורשה,באר טוביה,אזור תעשיה רח' התלמים 1,08-8505058,70996,515522878,1,אוטוטק מרכבי רכב וצביעתם +מסגרות,גלוסקא שחר יששכ
40899,לוי את בן זקן - מוסך רכב  מאור,מוסך מורשה,אשדוד,רחוב העבודה 15/32 ת.ד 12103,08-8535988,77100,5014923,2,חשמלאות רכב | שירות תיקון למזגן אויר לרכב,לוי דורון | בן זקן ימין
40901,מוסך השלום,מוסך מורשה,ירושלים,רח' התוצרת 53 א.ת. עטרות,052-2314568,91720,28393841,1,תיקון מרכבי רכב,מזערו נאדר
40902,אברהים אלבז - חשמל אלבז,מוסך מורשה,באר שבע,דרך חברון 4/9,050-9899224,84100,33461377,2,חשמלאות רכב | שירות תיקון למזגן אויר לרכב,קאופמן שאול
40903,דור (1986) בע מ - מוסך,מוסך מורשה,באר טוביה,אזור תעשיה ת.ד. 219,08-8586170,70996,511099608,2,מכונאות רכב בנזין | מכונאות רכב דיזל,אברמוביץ זאב
40907,א.ג פחחות וצבע - אלקצאצי גמאל,מוסך מורשה,רהט,אלעומאל 19,054-6149296,85357,26264143,2,תיקון מרכבי רכב | צבעות רכב,אלקצאצי גמאל
40909,איציק שירותי מלגזות בע מ,מוסך מורשה,מבשרת ציון,רח' היצירה 11 ת.ד. 3780,02-6427952,90880,513867366,2,אישור כשירות לצמ ה ומכונה ניידת | תיקון מלגזות הרמה,יצחק ניסים | ניסים יצחק
40911,עבו יצחק - הכל לרכב,מוסך מורשה,בית שמש,א. ת. המסגר 18,02-9999643,99000,21370531,3,מכונאות רכב בנזין | מכונאות רכב דיזל | תיקון אחזקת רכב חשמלי/היברידי,שוורץ אברהם
40913,מוסך שגב שלום - בהנהלת חמזה,מוסך מורשה,שגב-שלום,אחמד זויל 6 א.תעשייה,054-7966336,,205605942,2,מכונאות רכב בנזין | מכונאות רכב דיזל,אבו רגילה מחמוד
40916,מוסך שטרית אהרון בע מ - קאיה,מוסך מורשה,אשקלון,הגלגל 7,08-6723721,87655,512241860,3,מכונאות רכב בנזין | מכונאות רכב דיזל | תיקון אחזקת רכב חשמלי/היברידי,איתמר גלעד | איתמרי גלעד
40917,צמיגי ישי אופקים,מוסך מורשה,אופקים,המלאכה 1 פינת המסגר,08-9924844,80300,55853246,1,תיקון והחלפת צמיגים,דודיאן ישי
40918,טופ גת - אבו שארב נעמאן,מוסך מורשה,קריית גת,אדר 8,08-6467068,82000,26426643,2,מכונאות רכב בנזין | מכונאות רכב דיזל,אבו שארב נעמאן
40919,לבידי מוטורס בע מ,מוסך מורשה,אשקלון,התעשייה 11,052-6859549,78678,517171989,3,אוטוטק רכב קל | תיקון אחזקת רכב חשמלי/היברידי | תיקון וכוון מתלים ברכב,רוזנבאום ניר
40920,פנירי חיים - המוסך של חיים,מוסך מורשה,ירושלים,גבעת שאול מרכז ספיר 6,050-8744630,95461,38811220,2,מכונאות רכב בנזין | מכונאות רכב דיזל,אברהם נוריאל
40924,רמון הובלות והסעות (1994) בע מ,מוסך מורשה,באר שבע,החורש 3\1 עמק שרה,08-6282717,84100,511964041,3,מכונאות רכב בנזין | מכונאות רכב דיזל | מכונאות דיזל משאיות ואוטובוסים,כהן מנחם
40926,מוסך מחיסן - אלדראגה מחיסן,מוסך מורשה,ערד,התעשייה 74,08-9979283,80700,26210260,2,מכונאות רכב בנזין | מכונאות רכב דיזל,אלדרארגה מחיסן
40927,מוסך האור בדרום- אלמקאוי סמי,מוסך מורשה,באר שבע,הבורסקאי 82,050-5353549,84890,29240363,2,חשמלאות רכב | שירות תיקון למזגן אויר לרכב,אלמכאוי סמי | אל מקאוי סמי
40928,מוסך )ש.ל( שגיא מוטורס בע מ,מוסך מורשה,אילת,המסגר 6\12 ת.ד. 5152,08-6373808,88000,516542271,2,אוטוטק רכב קל | תיקון טרקטורונים,ליאני שגיא
40931,אוטו פיקס פ.א.ר. בע מ,מוסך מורשה,אשקלון,הפנינים 19,08-6322266,78594,516771623,2,מכונאות רכב בנזין | מכונאות רכב דיזל,פחימה אייל
40932,כלמוביל בע מ מרכז שרות,מוסך מורשה,אשדוד,רח המדע 31 פינת הנפט א.ת. צפוני,08-9239292,48092,510242670,4,אוטוטק רכב קל | מכונאות דיזל משאיות ואוטובוסים | תיקון אחזקת רכב חשמלי/היברידי | תיקון וכיול טכוגרפים דגיטלי,שמיר צבי שמוא
40933,מוסך בימר שרותי רכב,מוסך מורשה,ירושלים,גבעת שאול מרכז ספיר 7,050-5500962,95477,513964569,2,מכונאות רכב בנזין | מכונאות רכב דיזל,זעזוע טארק
40934,מספר אחד שרותי רכב בע מ,מוסך מורשה,אשדוד,רח' היוצר 3 ת.ד. 12807,08-6370345,77601,515109593,3,תיקון אחזקת רכב חשמלי/היברידי | תיקון מרכבי רכב | צבעות רכב,אוז'וג סרגיי
40935,שימי - פחחות וצבע,מוסך מורשה,ירושלים,תלפיות רח' הרכב 16,02-5333583,93420,33697244,1,אוטוטק מרכבי רכב וצביעתם,בן זנו שם טוב
40936,יובל מוסך ושירותי רכב,מוסך מורשה,נתיבות,הארזים 68,050-5523060,80200,308112663,1,אוטוטק רכב קל,אהרון יובל
40937,אבי מלגזות בע מ,מוסך מורשה,אשדוד,א.ת. צפוני רחוב הפלדה 15,08-8556471,77100,513902676,2,אישור כשירות לצמ ה ומכונה ניידת | תיקון מלגזות הרמה,אבי כהן
40938,נהוראי בוארון - מוסך אבי בוארון,מוסך מורשה,אשדוד,ת.ד 16067 בעלי מלאכה 26,050-2682333,77612,323106831,1,אוטוטק רכב קל,בוסקילה שאול
40942,מוסך מרכבת המשנה בע מ,מוסך מורשה,באר שבע,הרתך 9 ת.ד 2476,08-6283123,84874,513179150,3,אוטוטק רכב קל | מכונאות רכב גפ מ | תיקון אחזקת רכב חשמלי/היברידי,וקנין מיכאל
40943,ארי-קר מיזוג אויר לרכב בע מ,מוסך מורשה,קריית גת,נתרן 1/70 ת ד 8610,08-6280519,82000,511385023,1,שירות תיקון למזגן אויר לרכב,טאוב אברהם
40946,ת.י. כיוון פרונט יאסר,מוסך מורשה,רהט,אלרוח'אם 2,054-8846719,90957,26139303,1,תיקון וכוון מתלים ברכב,אבו אלקיען יאסר
40949,מוסך אחים דולגוב,מוסך מורשה,נתיבות,הקציר 651,053-2731096,80200,208509810,1,אוטוטק מרכבי רכב וצביעתם,דולגוב ראובן
40950,אוטו טסט בע מ,מכון רישוי,בית שמש,פארק תעשיות 13 )נשר(,02-9913572,99000,514049659,5,בדיקות עשן ברכב דיזל | בדיקות-רכב )קניה ומכירה) | מכון רישוי-פתוח לשרות הציבור | תיקון וכוון מתלים ברכב | בדיקת רכב לאחר תאונה,שטרית עמרם | שיטרית ארמנד | שיטרית אסף
40952,מוסך אסף בע מ,מוסך מורשה,אילת,הדייג 11 ת ד 5456,054-6555383,88000,516223716,2,מכונאות רכב בנזין | מכונאות רכב דיזל,גבעוני ארנון
40953,אילן טוהר הרכב בע מ,מוסך מורשה,אשדוד,ההדרים 58,08-8523552,77100,515898955,2,תיקון מרכבי רכב | צבעות רכב,אילן ג'אן
40956,ש.ג.דן מערכות רכב בע מ,מוסך מורשה,אשדוד,א.ת. הצפוני רח' החרושת 44,08-6519911,,514773266,3,בדיקות-רכב )קניה ומכירה) | תיקון וכוון מתלים ברכב | בדיקת רכב לאחר תאונה,עסילה דוד
40959,גריזלי - מכונאות אחרת,מוסך מורשה,דקל,מושב דקל 49,050-7457158,85492,33154444,7,מכונאות רכב בנזין | מכונאות רכב דיזל | תיקון אחזקת רכב חשמלי/היברידי | אישור כשירות לצמ ה ומכונה ניידת | טרקטורים ומכונות ניידות | תיקון טרקטורונים | תיקון מלגזות הרמה,פרידמן דניאל
40960,ברמי נחום אהרון- מוסך אורות,מוסך מורשה,בית שמש,א.ת. בית שמש רח' יגאל אלון 21,02-9952475,99000,304917578,2,מכונאות רכב בנזין | מכונאות רכב דיזל,חזן אורי יעק
40962,מוסך אמין בע מ,מוסך מורשה,אשדוד,רח' העבודה 12 ת.ד. 12491,08-8567512,77600,514224369,2,מכונאות רכב בנזין | מכונאות רכב דיזל,חפוטה יחיאל
40964,מוסך דמו מוטורס,מוסך מורשה,קריית גת,מבוא סיוון 5,052-6230727,82000,306907650,2,מכונאות רכב בנזין | מכונאות רכב דיזל,כהן ירמיהו
40965,דנדיס מונזר - מוסך דנדיס,מוסך מורשה,ירושלים,ואדי אל גוז 66,053-3575718,97400,28327146,2,מכונאות רכב בנזין | מכונאות רכב דיזל,סלמאן יחיא
40966,מוסך טופ דיאגנוסטיקה  הנהלת ויטל,מוסך מורשה,באר שבע,פנחס החוצב 8,054-2130422,84840,323772434,2,אוטוטק רכב קל | תיקון אחזקת רכב חשמלי/היברידי,דודון ויטלי
40967,מרכז שירות יקיר,מוסך מורשה,אשקלון,הפנינים 9,08-8541414,78100,300218534,2,תיקון מרכבי רכב | צבעות רכב,טבצ'ניקוב סרגיי
40968,א.א מוסך עתיד - אלאסד דהאם,מוסך מורשה,לקיה,לקיה,050-8642936,84101,26213298,6,מכונאות רכב בנזין | מכונאות רכב דיזל | מכונאות דיזל משאיות ואוטובוסים | אישור כשירות לצמ ה ומכונה ניידת | טרקטורים ומכונות ניידות | תיקון מלגזות הרמה,אלאסד דהאם
40970,אוחנה דוד )דני( - עדי שרותי רכב,מוסך מורשה,בית שמש,א.ת. שורק-נחם 9,02-9918927,99100,68307057,2,מכונאות רכב בנזין | מכונאות רכב דיזל,אוחנה דוד
40971,א.ל. דיגיטל - חן,מוסך מורשה,נתיבות,הארזים 82 ת.ד 5242,08-6444465,80200,203442702,2,תיקון מחוונים | תיקון וכיול טכוגרפים,סויסה שלמה
40972,כרד אסמעיל - חשמל רכב,מוסך מורשה,ירושלים,ואדי אל גוז ת.ד. 19118,054-5351445,97400,24711764,1,חשמלאות רכב,כרד אסמעיל
40973,זרקא את כהן - רזגל סוכנויות,מוסך מורשה,בני ראם,צומת מסמיה ד.נ. שקמים,08-8502592,79837,24173809,2,טרקטורים ומכונות ניידות | תיקון טרקטורונים,זרקה דותן
40974,מ.בראשי תשתיות(2015)בע''מ,מוסך מורשה,ירושלים,רחוב תוצרת1 עטרות ת.ד 27388,02-5385785,91720,515228302,4,מכונאות רכב בנזין | מכונאות רכב דיזל | מכונאות דיזל משאיות ואוטובוסים | טרקטורים ומכונות ניידות,יאיר גדעון
40975,אבי-טק חשמל רכב,מוסך מורשה,אשדוד,ההדרים 30 ת ד 14337,08-8561440,77613,68352053,1,חשמלאות רכב,אביטן אבי
40978,גז חסכן בע מ,מוסך מורשה,קריית מלאכי,א.ת. רחוב החרושת 10ת.ד 1005,08-9108010,83038,514527506,4,מכונאות רכב בנזין | מכונאות רכב דיזל | מכונאות רכב גפ מ | שירות תיקון למזגן אויר לרכב,רחמים משה
40979,מרכז הפחחות העמק בע מ,מוסך מורשה,באר שבע,הגנן 7 ת.ד.2209,08-6349515,84108,514579192,2,תיקון מרכבי רכב | צבעות רכב,אגייב גבריאל
40980,חשמל עבד - אלאעסם עבדל מוטלב,מוסך מורשה,תל שבע,ת.ד.861 תל שבע,054-5591330,84358,33019167,1,חשמלאות רכב,אלאעסם עבדל מוט
40986,מוסך הגראג' - בוקובזה בועז,מוסך מורשה,אשקלון,הכישור 5/12,08-6729736,78100,32352064,2,מכונאות רכב בנזין | מכונאות רכב דיזל,בוקובזה בועז
40990,קבוצת שגריר שרותי רכב בע מ,מוסך מורשה,ירושלים,תלפיות רח' מעשה חושב 7 ו-8,03-5578805,93420,515158665,3,תיקון אחזקת רכב חשמלי/היברידי | תיקון מרכבי רכב | צבעות רכב,עביד פחורי מוחמ
40991,אמקול בע מ,מוסך מורשה,אשדוד,רחוב היהלומים 17 ת.ד. 12461,08-8636000,77100,513973271,5,תיקון אחזקת רכב חשמלי/היברידי | חשמלאות רכב | אישור כשירות לצמ ה ומכונה ניידת | טרקטורים ומכונות ניידות | תיקון מלגזות הרמה,איידלמן נתן | ארנון יורם
40993,תלחמי פראס - מוסך זוהיר,מוסך מורשה,ירושלים,רח' התעשיה 1 א.ת. עטרות,054-5943180,91720,38842779,2,מכונאות רכב בנזין | מכונאות רכב דיזל,תלחמי פראס
40994,בוזוקשווילי איליה -מוסך פיקס קאר,מוסך מורשה,אשדוד,רח' העבודה 9/58 ת.ד 12736,08-8525220,77600,309793818,1,תיקון מרכבי רכב,סויזה דוד
40995,מוסך המאיר - בן ברוך מאיר,מוסך מורשה,נתיבות,אברהם רוזנמן 630 ת.ד. 5268,050-5985275,80200,57854002,2,תיקון אחזקת רכב חשמלי/היברידי | אוטוטק מרכבי רכב וצביעתם,בנברוך מאיר
40997,מוסך האומן 2012 - אלמכאוי כאמל,מוסך מורשה,נתיבות,הבונים 44 ת ד 5240,053-5401314,80200,204481774,2,תיקון מרכבי רכב | צבעות רכב,אלמכאוי נאיף | אלמקאוי נאיף
40998,א.נ. איתם בע מ,מוסך מורשה,באר שבע,שורק 30,08-6277697,84100,514065671,5,מכונאות רכב בנזין | מכונאות רכב דיזל | מכונאות דיזל משאיות ואוטובוסים | טרקטורים ומכונות ניידות | תיקון מלגזות הרמה,אליהו רפי
41001,עינב שירותים ולוגיסטיקה בע מ,מוסך מורשה,נתיבות,הארזים 46,08-9943086,80200,514906338,6,מכונאות רכב בנזין | מכונאות רכב דיזל | מכונאות דיזל משאיות ואוטובוסים | תיקון אחזקת רכב חשמלי/היברידי | חשמלאות רכב | אוטוטק תיקון והחלפת צמיגים,בן חמו יורם | סרוסי שלום
41002,ראפת אלוף הגירים בע מ,מוסך מורשה,אשדוד,א. תעשיה עד הלום,08-8544528,77100,514777044,3,מכונאות רכב בנזין | מכונאות רכב דיזל | מכונאות דיזל משאיות ואוטובוסים,אבו גרבייה סלימ
41004,דויטש את שפיגלר מוסכי שירות בע מ,מוסך מורשה,אשדוד,רחוב העופרת 4,08-8560602,77100,512576034,7,מכונאות רכב בנזין | מכונאות רכב דיזל | תיקון אחזקת רכב חשמלי/היברידי | חשמלאות רכב | תיקון מרכבי רכב | צבעות רכב | שירות תיקון למזגן אויר לרכב,צביקה דויטש | דויטש צבי | שטיינברג דב
41008,ש.ע.מ כהן בע מ,מוסך מורשה,ירושלים,רחוב אהליאב 16 רוממה,02-5388393,94467,511464380,5,מכונאות רכב בנזין | מכונאות רכב דיזל | חשמלאות רכב | תיקון והחלפת צמיגים | שירות תיקון למזגן אויר לרכב,משה חדד | חדד משה | שמול נתנאל כפ
41009,אפרתי עודד נגררים ומוסכים,מוסך מורשה,ירושלים,עטרות רח' העוצמה 13,02-6481555,93420,56837677,2,מכונאות רכב בנזין | מכונאות רכב דיזל,מוניר אלברט
41011,עמאד מחפוז - מוסך סמל הכוכב,מוסך מורשה,ירושלים,רח' הרכב 24 ת ד 54887,02-6500292,93420,29847209,2,מכונאות רכב בנזין | מכונאות רכב דיזל,עליאן מחמוד
41012,ולדימיר מז'ירובסקי - מיקה מוטורס,מוסך מורשה,אשדוד,רחוב העבודה 69,08-6412123,77600,306133521,2,אוטוטק רכב קל | תיקון אחזקת רכב חשמלי/היברידי,מז'ירובסקי ולדי
41018,אופיר ממן שירותי רכב בע מ,מוסך מורשה,ירושלים,תלפיות חרשי ברזל 9,02-6537755,93420,517077079,6,מכונאות רכב בנזין | מכונאות רכב דיזל | תיקון אחזקת רכב חשמלי/היברידי | תיקון מרכבי רכב | צבעות רכב | תיקון טרקטורונים,ממן אופיר | מקיס ישי אריה
41020,אר - קאר פחחות וצבע 2022,מוסך מורשה,אשדוד,רחוב העבודה 69,08-6655212,77600,203153044,1,אוטוטק מרכבי רכב וצביעתם,סנדוקה יאסין
41022,אם.וי.אס. מוטור בע מ,מוסך מורשה,אשקלון,פארק מישור א.ת צפוני,08-9151747,78100,514278480,3,אוטוטק רכב קל | תיקון אחזקת רכב חשמלי/היברידי | אוטוטק מרכבי רכב וצביעתם,ענקי ציון | קיסי חאתם
41023,גבעון שרותי רכב (2000) בע מ,מוסך מורשה,באר שבע,העמל 3 ת.ד 17204,08-6900950,84102,513049213,5,מכונאות רכב בנזין | מכונאות רכב דיזל | טרקטורים ומכונות ניידות | תיקון מלגזות הרמה | שירות תיקון למזגן אויר לרכב,אשר דורון
41024,ג'אנסטיל כר בע מ,מוסך רישוי לרכב חדש,אשקלון,האופה 22 א.ת דרומי,08-9575443,78100,515772986,1,רישום ראשוני לרכב חדש,ישראל-עמרם אליה
41025,אטיאס ש.ב.ה טיולי  מדבר בע''מ,מוסך מורשה,אדרת,מושב אדרת 47 ד.נ האלה,02-9999857,99830,512970732,5,מכונאות רכב בנזין | מכונאות רכב דיזל | מכונאות דיזל משאיות ואוטובוסים | טרקטורים ומכונות ניידות | תיקון טרקטורונים,אטיאס איתן
41026,מרכז שירות אקספרס אשדוד,מוסך מורשה,אשדוד,רחוב ההדרים 56 ת.ד 12365,08-6420200,77100,514257278,3,תיקון אחזקת רכב חשמלי/היברידי | תיקון מרכבי רכב | צבעות רכב,פרץ שמעון
41031,רפידו אופנועים בע מ,מוסך מורשה,אשקלון,הבדיל 3,08-6726669,,516784386,3,תיקון והחלפת צמיגים | מכונאות אופנועים וקטנועים | תיקון טרקטורונים,זיו-קורן גיל
41033,חזן אשר -שירן  טכוגרפים,מוסך מורשה,אשדוד,היוזמה 2,08-8584144,77100,22479448,1,תיקון וכיול טכוגרפים,חזן אשר
41034,מכון לבדיקות רכב - סיידה שמואל,מוסך מורשה,נתיבות,אברהם רוזנמן 629 ת.ד 5294,08-8609922,80200,69821742,1,בדיקות-רכב )קניה ומכירה),סיידה שמואל
41035,חלפי השוק אוטו אאוטלט בע מ,מוסך מורשה,נתיבות,אברהם רוזנמן 1,08-6496749,80200,513555672,3,מכונאות רכב בנזין | מכונאות רכב דיזל | תיקון והחלפת צמיגים,אלסאנע נעים | דהן חנניה
41038,יומי חשמלאות רכב - עזרה אברהם,מוסך מורשה,אשקלון,דב ברייר 3,08-6736969,78100,54020888,1,חשמלאות רכב,עזרה אברהם
41039,א. בן גל גנון בע מ,מוסך מורשה,בית שמש,התעשיה 11 הר טוב א',02-5665667,99000,516670866,1,תיקון והחלפת צמיגים,להב משה
41042,שרותי רכב - ויטו וקטור,מוסך מורשה,אשקלון,התעשייה 16,052-3452132,78635,58356981,2,מכונאות רכב בנזין | מכונאות רכב דיזל,שאודר אלכסנדר
41043,ג.נ.ג אור השחר שירותי רכב בע מ,מוסך מורשה,אופקים,המסגר 49,08-8523137,80200,515138683,2,חשמלאות רכב | שירות תיקון למזגן אויר לרכב,ארזי דב
41044,י.ק. מוטוקלאס בע מ,מוסך מורשה,אשקלון,הפנינים 21,08-8669937,78100,514982271,2,אוטוטק אופנועים/קטונעים/טרקטרונים | תיקון טרקטורונים,בר לביא אילן
41045,מוסך אשר - בהנהלת יערית,מוסך מורשה,נתיבות,אברהם רוזנמן 671,052-5562299,80200,39053293,2,מכונאות רכב בנזין | מכונאות רכב דיזל,יהודה אשר
41046,קיבוץ סמר אגודה שיתופית חקלאית,מוסך מורשה,סמר,ד.נ חבל אילות,08-6356798,88815,570023549,5,אוטוטק רכב קל | תיקון אחזקת רכב חשמלי/היברידי | אישור כשירות לצמ ה ומכונה ניידת | טרקטורים ומכונות ניידות | תיקון מלגזות הרמה,באשר דורון
41047,מוסך א.א אדם - בהנהלת יוסף,מוסך מורשה,ערד,מנוף 3,054-7333235,80750,40297103,2,תיקון מרכבי רכב | צבעות רכב,ארבילי מיכאל
41049,שבי חקלאות בע מ,מוסך מורשה,צופר,ד.נ ערבה,08-6490569,86830,516198306,1,תיקון והחלפת צמיגים,אפל יגאל
41050,אלפסי מנחם- האומן שרות חשמל,מוסך מורשה,אשדוד,רחוב העבודה 69 ת.ד 12572,08-8600683,86000,57151482,2,חשמלאות רכב | שירות תיקון למזגן אויר לרכב,אלפסי מנחם
41051,דלק מוטורס מרכז שירות אזורי י-ם,מוסך מורשה,ירושלים,תלפיות הפרסה 16,053-7753751,93420,,2,אוטוטק רכב קל | תיקון אחזקת רכב חשמלי/היברידי,עליאן אברהים
41054,אלקטרה אפיקים תחזוקה בע מ,מוסך מורשה,אשדוד,דרך תלמור עורף אשדוד,08-8531113,77100,513557942,6,אוטוטק רכב קל | מכונאות דיזל משאיות ואוטובוסים | תיקון אחזקת רכב חשמלי/היברידי | חשמלאות רכב | תחזוקה ובדיקת מערכת כיבוי אש באוטו' | שירות תיקון למזגן אויר לרכב,דבוש יצחק | שריקי ניסים
41055,רמי ניסנוב-מרכז הרכב אשדוד,מוסך מורשה,אשדוד,רח' בני ברית בתוך תחנת הדלק,054-8013366,77100,303704399,1,תיקון והחלפת צמיגים,ניסנוב ישראל
41056,לוי רמי-מוסך אוטו קאר,מוסך מורשה,אשדוד,רחוב בעלי המלאכה 4,08-8521717,77612,29526936,1,שירות תיקון למזגן אויר לרכב,סינדני ברי
41057,עבדייב   עבדיה מוסך פרימיום,מוסך מורשה,אשדוד,רחוב העבודה 69 אשדוד,08-9228952,77600,322053414,2,מכונאות רכב בנזין | מכונאות רכב דיזל,עבדייב  עבדיה | עבדייב עבדיה
41058,בנדיבה שמואל-מוטו הייטק אופנועים,מוסך מורשה,אשדוד,רח העבודה 67 ת.ד 12059,08-8604189,77606,17585597,3,תיקון אחזקת רכב חשמלי/היברידי | מכונאות אופנועים וקטנועים | תיקון טרקטורונים,בנדיבה שמואל
41060,רכב בית אל ש.רכב בע מ מוסך מיטב,מוסך מורשה,ירושלים,בית הדפוס 29,02-6513833,91431,512440561,5,אוטוטק רכב קל | מכונאות דיזל משאיות ואוטובוסים | תיקון אחזקת רכב חשמלי/היברידי | אוטוטק תיקון והחלפת צמיגים | אוטוטק מרכבי רכב וצביעתם,ששון שי | שי ששון
41061,טייר סנטר רשת צמיגים בע מ,מוסך מורשה,ירושלים,המעש 2 עטרות,02-5340600,97800,514583558,1,תיקון והחלפת צמיגים,אלזנקי זכריה
41063,מבט לנגב תפעול בע מ,מוסך מורשה,ירוחם,קרית ההדרכה של צה ל בנגב,08-6556855,80500,514721646,3,אוטוטק רכב קל | מכונאות דיזל משאיות ואוטובוסים | תיקון והחלפת צמיגים,סלע ציון | לבדינסקי לאוניד
41066,חשמליית נזמי בהנהלת פואד,מוסך מורשה,רהט,אלח'באז 21  ת.ד. 855,08-9571740,85357,316144260,2,חשמלאות רכב | שירות תיקון למזגן אויר לרכב,קסטנבוים משה
41068,א.ר צמיגים בע מ,מוסך מורשה,אשקלון,אבן עזרא 2,08-6755756,87101,514664184,1,תיקון והחלפת צמיגים,דבורה דוד
41069,יפנאוטו  חב ישראלית בע מ,מוסך רישוי לרכב חדש,אשקלון,הפנינים 44,08-6990978,78100,510524283,1,רישום ורישוי לרכב חדש,גולרוך יוסי
41070,סמלת מוטורס בע מ,מוסך רישוי לרכב חדש,אשקלון,הפנינים 44,08-6990978,,510033822,1,רישום ורישוי לרכב חדש,ברוך אל דוד
41071,אוטוטרוניק  יניקייב מקסים,מוסך מורשה,אשקלון,הנפח 18,08-9109330,78594,316823467,2,מכונאות רכב בנזין | מכונאות רכב דיזל,נפש יהודה
41074,מסיעי שדרות כהן ובניו בע מ,מוסך מורשה,שדרות,רומא 11 ת ד 90,08-6611692,80100,510941768,3,אוטוטק רכב קל | מכונאות דיזל משאיות ואוטובוסים | תחזוקה ובדיקת מערכת כיבוי אש באוטו',ראם יהונתן
41075,אפשטיין  חנן  .חנן קפיצים,מוסך מורשה,באר שבע,צוער 3 עמק שרה,08-6233193,84100,50817147,1,תיקון קפיצים ברכב מנועי,אפשטיין חנן
41076,מוסך רמות - פבליוקובסקי אלכסנדר,מוסך מורשה,באר שבע,שיפון 18,08-6209363,84890,304037252,3,מכונאות רכב בנזין | מכונאות רכב דיזל | תיקון אחזקת רכב חשמלי/היברידי,פבליקובסקי אלכס | פבליוקובסקי אלכ
41077,מוסך ההנדסאי -אבו סאלח חאתם,מוסך מורשה,באר שבע,הפלדה 15ג,050-6336661,84890,34785519,1,אוטוטק רכב קל,אבו סאלח חאתם
41081,קובני יוסף - מוסך קובני,מוסך מורשה,קריית מלאכי,א.תעשיה החרושת 13,08-6227252,70900,65668444,2,מכונאות רכב בנזין | מכונאות רכב דיזל,אפריים קובני
41083,צברי אמיר-צברי טרקטורונים,מוסך מורשה,אשדוד,רחוב העמל 36,08-6534217,77606,65665465,1,תיקון טרקטורונים,אבודרהם אברהם
41085,מרציאנו אפריים - מחסני צמיגים,מוסך מורשה,ירושלים,ג. שאול רח בית הדפוס 34,02-6254035,95477,58111253,1,תיקון והחלפת צמיגים,מרציאנו אפריים
41086,אשהב עמאר-מוסך אוטו עטרות,מוסך מורשה,ירושלים,עטרות רחוב המעש 15 ת.ד 22081,02-5023997,91131,26407635,2,מכונאות רכב בנזין | מכונאות רכב דיזל,אשהב עבדאללה
41088,ד ר פח וצבע אשדוד בע מ,מוסך מורשה,אשדוד,א.ת . צפוני רח הקידמה 34,08-6868881,77100,515491652,2,תיקון אחזקת רכב חשמלי/היברידי | אוטוטק מרכבי רכב וצביעתם,אבו ג'ומעה מוהנ
41090,דראג אופנועים בע מ,מוסך מורשה,ירושלים,מרכז שטנר 5 גבעת שאול ירושלים,02-6795380,77107,513354738,1,אוטוטק אופנועים/קטונעים/טרקטרונים,חנוך דניאל
41092,רויאל טסט א.א.ע.)בר(תעשיות בע מ,מכון רישוי,רהט,אלחדיד 11 ת.ד.501,08-9999035,85357,512455452,2,בדיקות עשן ברכב דיזל | מכון רישוי-פתוח לשרות הציבור,אבו שיבאן נאדר
41093,מוסך שלום עטון,מוסך מורשה,אשקלון,צה ל 99 ת ד 186,050-5251655,78100,22028427,2,מכונאות רכב בנזין | מכונאות רכב דיזל,עטון שלום
41094,המוסך של ישראל- ישראל גבאי,מוסך מורשה,אופקים,אפיקים בנגב 1,08-6377099,,29728854,4,מכונאות רכב בנזין | מכונאות רכב דיזל | תיקון טרקטורונים | תיקון מלגזות הרמה,פימא אברהם
41096,אריה מרכבים בע מ,מוסך מורשה,מיתר,א.ת.מיתרים מ.א. הר חברון,08-9916224,,515751220,1,רישום ראשוני לרכב חדש,ביטון מוטי
41097,מוסך קלדרון  ב ש בע מ,מוסך מורשה,באר שבע,הנחושת 2 עמק שרה,08-6282299,84874,510920325,4,אוטוטק רכב קל | מכונאות דיזל משאיות ואוטובוסים | תיקון אחזקת רכב חשמלי/היברידי | תיקון וכוון מתלים ברכב,קלדרון שוקי
41098,צמיגי אסף יוסף בע מ,מוסך מורשה,אילת,הסוור 2,08-6214689,88000,516774791,1,תיקון והחלפת צמיגים,סייף רז
41099,מוסך תהילה בע מ,מוסך מורשה,נתיבות,הקציר 10 ת ד 66,08-9933616,80200,513539148,6,אוטוטק רכב קל | מכונאות דיזל משאיות ואוטובוסים | תיקון אחזקת רכב חשמלי/היברידי | אוטוטק מרכבי רכב וצביעתם | אוטוטק טרקטורים ומכונות ניידות | תיקון מלגזות הרמה,מימון יהודה רי | מימון יהודה | תמיר ארז
41101,מוסך י.ע. פחחות וצבע - יעקוב,מוסך מורשה,חורה,אלסנאעה  ת ד 714,050-5522732,84970,308307503,2,תיקון מרכבי רכב | צבעות רכב,אבו אלקיעאן יעק
41102,כ.ד.א. תעשיה והשקעות בע מ,מוסך מורשה,אשקלון,התעשייה 61,050-7862286,78100,516873270,1,אוטוטק מרכבי רכב וצביעתם,חדוי כפיר מאי
41103,נגררי אשקלון בע מ,מוסך רישוי לרכב חדש,אשקלון,העמל 11,050-3016588,87100,515367902,2,רישום ראשוני לרכב חדש | רישום ורישוי לרכב חדש,וושצנקי קוסטנטי | דביר יהושע
41104,ס.א.שירותי רכב בע מ,מוסך מורשה,באר שבע,הבדיל 10,08-6512979,84100,514420306,4,מכונאות רכב בנזין | מכונאות רכב דיזל | טרקטורים ומכונות ניידות | תיקון טרקטורונים,אלסייד סאלם | אחסייד סאלם
41108,מוסך  מכלוף ישראל שירותי רכב,מוסך מורשה,אשקלון,הכישור 14,072-25071,78100,,2,מכונאות רכב בנזין | מכונאות רכב דיזל,מכלוף יהודה
41110,מוסך אלפיים - אבו אל קיעאן פאיק,מוסך מורשה,רהט,א-ס'נאעה 20 ת.ד. 943,052-4031930,,29857364,2,מכונאות רכב דיזל | מכונאות דיזל משאיות ואוטובוסים,אבולקיעאן סמיר | אבו קיעאן סמיר
41113,ע.ק. מוסך תושייה אילת בע מ,מוסך מורשה,אילת,הספן 5ג ת ד 2661,08-6334611,88116,516785821,3,אוטוטק רכב קל | תיקון אחזקת רכב חשמלי/היברידי | תיקון וכוון מתלים ברכב,יעקובוביץ עמית
41114,כליל החורש סחר בע מ,מוסך מורשה,רהט,אלחדיד 20 ת.ד.211,052-3713607,85357,516495819,2,תיקון מרכבי רכב | צבעות רכב,אלקיעאן גברין
41115,מוסך דוד אלבז,מוסך מורשה,אשקלון,העבודה 1209,08-67534113,78100,38288395,2,מכונאות רכב בנזין | מכונאות רכב דיזל,אלבז דוד
41116,טופ גיר - חדד עופר,מוסך מורשה,באר שבע,שיפון 20 ת.ד 2188,08-6270770,84100,31890809,1,תיקון תיבות הילוכים אוטומטיות,חדד עופר
41117,חשמל צמרת - נובחוב אריק,מוסך מורשה,באר שבע,עמיעז 14 ת ד 2284,08-6650446,84101,16715443,6,מכונאות רכב בנזין | מכונאות רכב דיזל | תיקון אחזקת רכב חשמלי/היברידי | חשמלאות רכב | תיקון וכוון מתלים ברכב | שירות תיקון למזגן אויר לרכב,וסליק  אולג | וסליק אולג | נובחוב אריק
41120,מרכבות 4 על 4 בע מ,מוסך רישוי לרכב חדש,באר טוביה,א.ת באר טוביה,054-2526384,,511059925,1,רישום ראשוני לרכב חדש,רפואה אייל
41122,ג'ורי נועם - מוסך א. נועם,מוסך מורשה,קריית מלאכי,המלאכה 4/5,050-7309000,,36144921,3,מכונאות רכב בנזין | מכונאות רכב דיזל | תיקון אחזקת רכב חשמלי/היברידי,ג'ורי נועם
41125,אלון עמר הובלות ומסחר בע מ,מוסך מורשה,אשדוד,הקידמה 39 אשדוד,052-2495398,,515355345,2,אוטוטק רכב קל | מכונאות דיזל משאיות ואוטובוסים,פוגורלסקי גאורג
41127,מוסך א.ג מלגזות בע מ,מוסך מורשה,קריית מלאכי,העמל 13 קרית מלאכי,050-6932566,,515383925,2,אישור כשירות לצמ ה ומכונה ניידת | תיקון מלגזות הרמה,נפתלי גרשון
41128,שקד את פורמן - צמיגי התחנה קוץ,מוסך מורשה,אשדוד,האופים 3,088-528976,77604,58467309,2,תיקון והחלפת צמיגים | תיקון וכוון מתלים ברכב,חנן שקד
41130,צמיגי הראל בע מ,מוסך מורשה,מעוז ציון ב,היצירה 3,02-5700429,90805,516806643,2,תיקון והחלפת צמיגים | תיקון וכוון מתלים ברכב,מימון אהרון | כהן מנחם
41131,עמי בן אבו - פסגת הצמיג,מוסך מורשה,ירושלים,שדרות משה דיין 98,02-6563946,,35783521,1,תיקון והחלפת צמיגים,חסאן מוחמד
41132,אופנים-פיתוח וייצור טכ' תח' בע מ,מוסך רישוי לרכב חדש,אשדוד,ההשכלה 6 אשדוד,088-528777,,513452706,1,רישום ראשוני לרכב חדש,אבנירי אמיר
41135,קורד זיאד -זיאד חשמל רכב,מוסך מורשה,ירושלים,וואדי ג'וז 16 ת.ד 20251,054-8099011,,40980617,2,חשמלאות רכב | שירות תיקון למזגן אויר לרכב,קורד זיאד
41136,מולטי ריטייל גרופ בע מ,מוסך מורשה,בית שמש,יגאל אלון 3,02-9400930,99000,515546224,1,תיקון והחלפת צמיגים,איבראהים מוסה
41138,שרלי ובניו בע מ,מוסך מורשה,אשקלון,המרכבה 15,08-6722258,,512791567,2,תיקון מרכבי רכב | צבעות רכב,ביטון שלום
41139,מלכי שירותים טכניים,מוסך מורשה,קריית גת,אדר 2/4,08-6884411,82000,34049346,1,אוטוטק אופנועים/קטונעים/טרקטרונים,פרץ מלכיאל
41140,מוסך אמיל ערד בע מ,מוסך מורשה,ערד,סדן 1,08-9971870,80700,514686633,2,תיקון מרכבי רכב | צבעות רכב,אבו חמאד באסם | אבו חאמד באסם
41143,שרות שדה לחקלאי בע מ,מוסך מורשה,נחל עוז,קיבוץ נחל עוז,050-9799039,85145,514173988,1,טרקטורים ומכונות ניידות,כהן שלמה
41145,חלפי השוק אוטו אאוטלט בע מ,מוסך מורשה,באר שבע,הגנן 5 ת.ד. 10371,08-6450284,84890,513555672,3,מכונאות רכב בנזין | מכונאות רכב דיזל | תיקון והחלפת צמיגים,ליבון לב | קעאן יאסר
41146,ח.מ.ד. מוסך שבע בע מ,מוסך מורשה,נתיבות,האורגים 204 ת ד 5051,08-6849182,80200,517271144,2,מכונאות רכב בנזין | מכונאות רכב דיזל,טובול רוני
41147,מוסך דיזל נ.א.ד בהנהלת שמעון,מוסך מורשה,קריית גת,תמוז 3/4,054-2559152,82000,55869606,3,מכונאות רכב בנזין | מכונאות רכב דיזל | תיקון משאבות ומתזים לדיזל,פיניה שמעון
41148,מוסך שחר אשכול - אבו אלעסל מאגד,מוסך מורשה,צאלים,קיבוץ צאלים,054-7916318,85520,36461135,2,חשמלאות רכב | שירות תיקון למזגן אויר לרכב,שאער יונתן
41150,צמיגי א.ברבי בע מ,מוסך מורשה,באר שבע,הבדיל 15,08-6230649,,515752426,1,תיקון והחלפת צמיגים,ברבי יוחאי
41151,פנצ'ריית עין יהב בהנהלת דוד צור,מוסך מורשה,עין יהב,עין יהב,054-7655742,,300253010,1,תיקון והחלפת צמיגים,דוד צור
41152,פנצ'ריית תל שוקת אבו שלדום ג'עפר,מוסך מורשה,חורה,אלעמאל ת ד 383 א.ת חורה,054-9167002,,301821732,1,תיקון והחלפת צמיגים,אבו שלדום ג'אפר
41155,מוסך יוסף את יוסף,מוסך מורשה,באר שבע,שורק 36,052-3323420,6500,26134890,2,תיקון מרכבי רכב | צבעות רכב,אבו עווד יוסף | אבו רקבה יוסף
41156,א.מ מקצועני החלפים בע מ,מוסך מורשה,בית שמש,יגאל אלון 3,052-4237382,,515225969,3,מכונאות רכב בנזין | מכונאות רכב דיזל | תיקון אחזקת רכב חשמלי/היברידי,קדוש יובל
41157,פיליפס פחחות וצבע בע מ,מוסך מורשה,אשדוד,העמל 16 אשדוד,053-5572937,,516560398,1,אוטוטק מרכבי רכב וצביעתם,יפרח שמעון
41159,מוסך יאסר חסונה בע מ,מוסך מורשה,ירושלים,התוצרת 9 עטרות,054-5234046,,515933554,2,מכונאות רכב דיזל | מכונאות דיזל משאיות ואוטובוסים,נתשה עבד ג'ואד
41160,מוסך צמרת - רנו אשדוד בע מ,מוסך מורשה,אשדוד,הבטיחות 1 אשדוד,054-6612465,,511515348,2,תיקון מרכבי רכב | צבעות רכב,שטיוי יעקב
41161,הארגז תדיטל אוטומוטיב בע מ,מוסך רישוי לרכב חדש,קריית מלאכי,הארגז 1 קרית מלאכי,08-6531881,,512668245,7,אוטוטק רכב קל | מכונאות דיזל משאיות ואוטובוסים | תיקון אחזקת רכב חשמלי/היברידי | חשמלאות רכב | צבעות רכב | אוטוטק מרכבי רכב וצביעתם | רישום ראשוני לרכב חדש,זאנה דורון | קוץ ודים | בבייסקוב רפיק | בכר רפאל | קוטר אסי
41162,משה וגיא ס' טרקטורונים בע מ,מוסך מורשה,בית שמש,ההר 2 הר טוב,050-2676789,,516030954,2,מכונאות אופנועים וקטנועים | תיקון טרקטורונים,לוזר סהר | אבוטבול גיא שמע
41163,המרכיב - שמואל שלם בע מ,מוסך רישוי לרכב חדש,ירושלים,בעלי המלאכה 7,02-6782605,,511520447,2,מסגרות רכב )תיקון ארגזים) | רישום ראשוני לרכב חדש,שלם אורי
41164,פנצ'ריית רבנו 148 בע מ,מוסך מורשה,אשדוד,עורף הנמל ת ד 793 אשדוד,054-6191399,,516707197,1,תיקון והחלפת צמיגים,בן עזרא איתי
41166,דן משה שירותי רכב בע מ,מוסך מורשה,ירושלים,הרכב 50,02-6221928,,514872845,4,מכונאות רכב בנזין | מכונאות רכב דיזל | תיקון מרכבי רכב | צבעות רכב,נחמיאס יוסף
41168,קבוצת שלמה נאור בע מ,מוסך מורשה,בית שמש,הגרניט 22 א.ת הרטוב ב',02-5335070,,513848408,1,אוטוטק רכב קל,כהן עמנואל
41171,איציק בן אלי - צמיגי דוידו,מוסך מורשה,ירושלים,התנופה 29,050-8744436,,23872641,1,תיקון והחלפת צמיגים,בן אלי יצחק
41172,ל.מ.ש.מ נכסים בע מ,מוסך מורשה,אשדוד,היוזמה 22 אשדוד,088-568394,,515722635,2,תיקון והחלפת צמיגים | תיקון וכוון מתלים ברכב,זהר אליאור | סולימה תומר
41173,רז את שלום מוסכים בע מ,מוסך מורשה,אשדוד,המתכת 14,08-8666253,,515996072,5,מכונאות רכב בנזין | מכונאות רכב דיזל | מכונאות דיזל משאיות ואוטובוסים | טרקטורים ומכונות ניידות | תיקון מלגזות הרמה,טואיטו יהושע
41174,הלל זכי - מוטו דרייבר,מוסך מורשה,ירושלים,שטנר 3 ירושלים,052-7509005,,203808142,1,מכונאות אופנועים וקטנועים,דבריקו זקי
41175,מרכז שרות ברוש 2020 בע מ,מוסך מורשה,באר שבע,שורק 25 ת ד 2505,08-6272020,84100,516300969,3,אוטוטק רכב קל | מכונאות דיזל משאיות ואוטובוסים | תיקון אחזקת רכב חשמלי/היברידי,פלדמן אריאל | ליאכובצקי אלכסנ
41176,מוסך אביב חשמל רכב ומיזוג,מוסך מורשה,אשקלון,המרכבה 38,054-3467666,78201,37394541,1,אוטוטק רכב קל,עמרן אביב
41178,אוטובר פחחות וצבע בע מ,מוסך מורשה,אשקלון,האופה 20   ת.ד. 3023,08-9555413,,516315843,1,אוטוטק מרכבי רכב וצביעתם,טויטו אודי אוה
41179,אבישלום ארגיאן שרותי מלגזה ורכב,מוסך מורשה,שדרות,לונדון 10,052-7702606,,301097093,4,אוטוטק רכב קל | תיקון אחזקת רכב חשמלי/היברידי | אישור כשירות לצמ ה ומכונה ניידת | תיקון מלגזות הרמה,אראגיאן אבישלום
41181,פחח השלום בע מ,מוסך מורשה,באר שבע,הבדיל 9,08-6272596,84100,511166936,2,תיקון אחזקת רכב חשמלי/היברידי | אוטוטק מרכבי רכב וצביעתם,סויסה מיכאל
41182,תיקוני הדרום בהנהלת סתיו,מוסך מורשה,אשקלון,צה ל 26  אשקלון,053-5272554,78598,207598038,2,מכונאות רכב בנזין | מכונאות רכב דיזל,טואיטו אליהו וי
41183,מוסך עדן עתידים - בהנהלת יצחק,מוסך מורשה,באר שבע,האגס 5 ת.ד. 17273,08-6234450,,,3,מכונאות רכב בנזין | מכונאות רכב דיזל | תיקון והחלפת צמיגים,שמעוני אליהו אל
41185,מוסך ע.ס. מכונאות בע מ,מוסך מורשה,באר שבע,הגנן 15 עמק שרה,050-3311102,,516126513,2,אוטוטק רכב קל | תיקון אחזקת רכב חשמלי/היברידי,פרץ משה חיים
41187,אלכס שרותי דרך - פנחסוב אולג,מוסך מורשה,קריית גת,נתרן 3,08-6112016,82000,305973877,1,תיקון והחלפת צמיגים,אליה רון
41188,מרכז שירות לרכב אטיאס בע מ,מוסך מורשה,נתיבות,הקציר 669 ת.ד 583,08-6860655,80200,516959483,3,תיקון אחזקת רכב חשמלי/היברידי | תיקון מרכבי רכב | צבעות רכב,אטיאס יעקב | אתיאס יעקב | שמעוני חי
41189,מוסך חנן דוד ובניו,מוסך מורשה,אשקלון,הבדיל 4,053-2705500,78100,55622971,1,אוטוטק רכב קל,חנן אביאל
41190,ברוש שרותי רכב 2020 בע מ,מוסך מורשה,באר שבע,צוער 9א,08-6235565,84100,516300415,4,אוטוטק רכב קל | מכונאות דיזל משאיות ואוטובוסים | תיקון אחזקת רכב חשמלי/היברידי | תיקון וכיול טכוגרפים,גורליק איגור | פרג פור מרדכי
41191,שלדם מוסך ויצור נגררים - אדיב,מוסך רישוי לרכב חדש,חורה,אאלעמאל ת ד 247,054-6534060,,206451288,4,מכונאות רכב בנזין | מכונאות רכב דיזל | רישום ראשוני לרכב חדש | תיקון וכוון מתלים ברכב,אבו שלדום קאיד | אבו נג'א אברהים
41192,ג'אנתעש עבודות מתכת ויזמות בע מ,מוסך רישוי לרכב חדש,אשקלון,חיים ברלב 24 ת.ד 7322,053-7713139,,514863083,1,רישום ראשוני לרכב חדש,גאן דניאל
41193,מרכז שירות ג.ס. פחחות - גהאד,מוסך מורשה,באר שבע,המכונאי 7 ת.ד. 10483,053-7574734,84123,21887500,1,אוטוטק מרכבי רכב וצביעתם,אלרבאטי גהאד
41195,מרכז הצמיגים - רוני,מוסך מורשה,נתיבות,אברהם רוזנמן 672 ת ד 5148,053-2896111,80200,58896473,2,תיקון והחלפת צמיגים | תיקון וכוון מתלים ברכב,צפרירי רוני | אשוש צחי משה
41196,מוסך האחים ס.א -בהנהלת ענאן,מוסך מורשה,שדרות,ניס 1 ת.ד 333,052-8469827,80100,206676496,2,מכונאות רכב בנזין | מכונאות רכב דיזל,ניסים שלמה
41198,פא י שירותי רכב שלומי,מוסך מורשה,נתיבות,הארזים 48,052-8490301,80200,203385281,2,מכונאות רכב בנזין | מכונאות רכב דיזל,לוי מאיר
41199,מוסך גאיה -בהנהלת שמעון ואליאב,מוסך מורשה,קריית גת,ישראל פולק 17 ת ד 8227,050-5744489,,36818367,2,מכונאות רכב בנזין | מכונאות רכב דיזל,דהן אליאב
41201,מוסך ויקטור בן ישי בע מ,מוסך מורשה,אשקלון,המלגזה 1,054-6421560,78100,517099479,2,מכונאות רכב בנזין | מכונאות רכב דיזל,מיכאל בני
41202,"ל.י.שיבז כהן הובלות,עבודות בע מ",מוסך מורשה,באר שבע,שיפון 6,08-6105255,,511628828,7,מכונאות רכב דיזל | מכונאות דיזל משאיות ואוטובוסים | אישור כשירות לצמ ה ומכונה ניידת | טרקטורים ומכונות ניידות | תיקון טרקטורונים | תיקון מלגזות הרמה | שירות תיקון למזגן אויר לרכב,שיבז אברהם
41203,מוסך שרביט  בהנהלת יעקב,מוסך מורשה,נתיבות,האומן 57,054-9869100,,33229733,1,אוטוטק רכב קל,שרביט יעקב
41204,מוסך מאסטר קאר - בהנהלת סטס,מוסך מורשה,אשקלון,הסרגל 6,054-6338376,78100,304341787,2,מכונאות רכב בנזין | מכונאות רכב דיזל,צ'רנומורסקי סטס
41205,רויאל סרויס קאר,מוסך מורשה,באר שבע,הפחח 25 ת ד 17,050-2469692,84100,307866327,2,מכונאות רכב בנזין | מכונאות רכב דיזל,אבקסיס פליקס
41206,י.ש.י. עולם הרכב בע מ,מוסך מורשה,אשקלון,חיים ברלב 28 תחנת פז,053-5522227,78100,517230314,1,תיקון והחלפת צמיגים,סלם שאול
41207,מטיילי לכיש 2000 בע מ,מוסך מורשה,קריית גת,אודם 2  ת.ד. 505,08-6811235,82000,513016048,6,מכונאות רכב בנזין | מכונאות רכב דיזל | מכונאות דיזל משאיות ואוטובוסים | תיקון מרכבי רכב | צבעות רכב | תחזוקה ובדיקת מערכת כיבוי אש באוטו',אילוז רפאל | אילוז משה שי
41209,מוסך קלדרון באר שבע בע מ,מוסך מורשה,באר שבע,המנוף 8,08-6275500,84100,510920325,1,תיקון והחלפת צמיגים,נתן אריאל
41210,דן בדרום היסעים בע מ,מוסך מורשה,אופקים,בצלאל 6 ת ד 77,08-9550855,80300,515848950,6,אוטוטק רכב קל | מכונאות רכב דיזל | מכונאות דיזל משאיות ואוטובוסים | תחזוקה ובדיקת מערכת כיבוי אש באוטו' | תיקון וכוון מתלים ברכב | מוסך נייד לחילוץ ולתיקוני חירום,אלפר מיכאל | חימוביץ שלום חנ
41211,ביג' או מוטורספורט - בהנהלת עודד,מוסך מורשה,ניר יצחק,קיבוץ ניר יצחק,052-2212721,,24296329,1,אוטוטק אופנועים/קטונעים/טרקטרונים,נחמיאס עודד דוד
41212,הילולים סחר בע מ,מוסך רישוי לרכב חדש,אשקלון,הפנינים 22 ת.ד.5133,054-2626165,,515190163,1,רישום ראשוני לרכב חדש,רוזן יובל
41215,מרכז שרות רן דיין בע מ,מוסך מורשה,ירושלים,בית הדפוס 15 ת ד 43095,02-6570001,,516012994,3,אוטוטק רכב קל | תיקון אחזקת רכב חשמלי/היברידי | אוטוטק מרכבי רכב וצביעתם,דיין רן
41217,מוסך וואן ז.ע.מ,מוסך מורשה,אשדוד,העמל 5 אשדוד,050-9377702,,325620557,2,תיקון מרכבי רכב | צבעות רכב,אלקרם עלי
41220,מאיר חברה למכוניות ומשאיות בע מ,מוסך רישוי לרכב חדש,בני ראם,פארק עסקים יואב - בני ראם,074-7669444,,510485261,6,אוטוטק רכב קל | מכונאות דיזל משאיות ואוטובוסים | תיקון אחזקת רכב חשמלי/היברידי | אישור כשירות לצמ ה ומכונה ניידת | רישום ורישוי לרכב חדש | טרקטורים ומכונות ניידות,אליה שלום
41222,מוראד סלאימה - מוסך מ.מ,מוסך מורשה,ירושלים,התעשיה 5 ת ד 52105,02-5944222,,26292342,2,מכונאות רכב בנזין | מכונאות רכב דיזל,רגבי מונזר
41223,מצבר העיר הפצה בע מ,מוסך מורשה,אשדוד,האופים 1,08-9107141,,,2,חשמלאות רכב | שירות תיקון למזגן אויר לרכב,סופייב אמיל
41228,טרגט מוטורס מ.ר 2016 בע מ,מוסך רישוי לרכב חדש,ירושלים,ירמיהו 68,058-7648908,,515554368,1,רישום ראשוני לרכב חדש,רוטנשטרייך יהוש
41229,ג'י.אר.אם סחר וצמיגים בע מ,מוסך מורשה,ירושלים,איתן 5 א.ת עטרות,02-5839131,,515873453,1,תיקון והחלפת צמיגים,גרשון מתן
41231,נביל פחאם - מוסך טופ קאר,מוסך מורשה,ירושלים,עטרות 52 א.ת עטרות,052-2283745,,81003105,2,תיקון מרכבי רכב | צבעות רכב,פחאם אחמד
41232,מרכז שירות מיכאל קדוש בע מ,מוסך מורשה,בית שמש,פארק תעשיות שורק 11,050-2208183,,517316139,3,אוטוטק רכב קל | תיקון אחזקת רכב חשמלי/היברידי | אוטוטק מרכבי רכב וצביעתם,קדוש מיכאל | עכארי מרואן
41234,י. סגולה בע מ,מוסך מורשה,סגולה,מושב סגולה,050-2710111,,514408848,1,תיקון והחלפת צמיגים,לוי יניב
41236,קריספין תעשיות בע מ,מוסך רישוי לרכב חדש,מישור אדומים,עצמונה 16 א.ת מישור אדומים,052-6868777,,516519543,1,רישום ראשוני לרכב חדש,קריספין אורן
41237,טסלה מוטורס ישראל בע מ,מוסך רישוי לרכב חדש,אשדוד,נמל אשדוד,050-2161410,,516106986,1,רישום ורישוי לרכב חדש,קמרון יהודה
41240,מאג'ד קרש - מוסך מאג'ד,מוסך מורשה,ירושלים,המדפיסים 10,052-3805116,,24753543,2,תיקון מרכבי רכב | צבעות רכב,בסילי גאלב | ביטוני עומר
41241,מרכז שירות ד.מאיר בע מ,מוסך מורשה,בית שמש,ספיר 78 א.ת הר טוב ב',02-9997771,,516159811,4,אוטוטק רכב קל | מכונאות דיזל משאיות ואוטובוסים | תחזוקה ובדיקת מערכת כיבוי אש באוטו' | אוטוטק מרכבי רכב וצביעתם,ברנר יגאל | אבוחסירה אייל
41242,סאפי זיגל - מוסך זיגל,מוסך מורשה,בית שמש,הבנאי 7,052-8938399,,80861305,2,תיקון מרכבי רכב | צבעות רכב,דענא מועתז
41243,עומר שריף - מוסך שריף,מוסך מורשה,ירושלים,ואדי ג'וז 64,052-2286320,,40066201,2,מכונאות רכב בנזין | מכונאות רכב דיזל,שריף עומר
41244,מוסך מוחמד,מוסך מורשה,אבו גוש,החומה 8 אבו גוש,052-2630817,,27612779,1,אוטוטק רכב קל,אבו קטיש מוחמד
41245,פנצ'ריית העיר בע מ,מוסך מורשה,בית שמש,חרש 7,02-5416565,,516964897,1,תיקון והחלפת צמיגים,עבדו עודד
41247,מאיר מרכזי שירות שות' מוגבלת י-ם,מוסך מורשה,ירושלים,יד חרוצים 19,074-7440000,,550278154,7,מכונאות רכב בנזין | מכונאות רכב דיזל | תיקון אחזקת רכב חשמלי/היברידי | חשמלאות רכב | תיקון מרכבי רכב | צבעות רכב | שירות תיקון למזגן אויר לרכב,איוס שלומי | גאבר מונזר
41248,מ.ש מוסך איכות בע מ,מוסך מורשה,ירושלים,חרשי הברזל 4,02-6782791,,511996589,6,מכונאות רכב בנזין | מכונאות רכב דיזל | תיקון אחזקת רכב חשמלי/היברידי | חשמלאות רכב | תיקון מרכבי רכב | צבעות רכב,אבו סביח סאמר | שוויקי ואיל
41249,פחחות וצבע אחים גאנם,מוסך מורשה,דימונה,הפועלים 87 ת ד 316,050-9903338,86000,,2,תיקון מרכבי רכב | צבעות רכב,אלקרם גאנם
41250,א.י. בדיקות רכב בע מ,מוסך מורשה,באר שבע,הגנן 4 עמק שרה,050-3071009,84100,514511906,5,אוטוטק רכב קל | תיקון אחזקת רכב חשמלי/היברידי | בדיקות-רכב )קניה ומכירה) | תיקון וכוון מתלים ברכב | בדיקת רכב לאחר תאונה,זילברמן יניב
41251,טסט פיקס בע מ,מוסך מורשה,באר שבע,אליהו נאוי 53,052-4448818,84100,513623082,4,מכונאות רכב בנזין | מכונאות רכב דיזל | בדיקות-רכב )קניה ומכירה) | תיקון וכוון מתלים ברכב,אלבז אייל
41252,סטאר שירותי רכב בע מ,מוסך מורשה,אשקלון,צה ל 50,03-5438206,78100,515053197,3,מכונאות רכב בנזין | מכונאות רכב דיזל | תיקון אחזקת רכב חשמלי/היברידי,גיטמן שי
41255,מולטי ריטייל גרופ בע מ,מוסך מורשה,מבקיעים,מתחם גלובוס סנטר אשקלון,054-3401050,,515546224,1,תיקון והחלפת צמיגים,אקוה יוסף
41256,בל טכנולוגיות בע מ,מוסך רישוי לרכב חדש,באר שבע,תוצרת הארץ 5 ת.ד 4,08-6254400,84100,511296683,1,רישום ראשוני לרכב חדש,גרשפלד ניר
41257,מוסך אלי אריס ובניו בע מ,מוסך מורשה,קריית גת,מבוא סיוון 2\5 ת.ד 8438,08-6603181,82000,514523091,2,מכונאות רכב בנזין | מכונאות רכב דיזל,קגן יפים
41258,בן ישי שרותי רכב - יעקב ושמעון,מוסך מורשה,אשקלון,המסגר 4,050-8639858,78100,318358280,1,אוטוטק רכב קל,בן-ישי יעקב
41259,מוסך שמש לאוטובוסים בע מ,מוסך מורשה,באר שבע,הבונים 43,054-2818817,84100,517244687,2,תיקון מרכבי רכב | צבעות רכב,סויסה יחיאל
41260,רגב הראל שירותים בע מ,מוסך מורשה,אשקלון,המסלול 5ג,050-6001601,78100,516734886,2,מכונאות רכב בנזין | מכונאות רכב דיזל,גבצו דני
41261,טייר סנטר רשת צמיגים בע מ,מוסך מורשה,באר שבע,שיפון 7 ת ד 2400,08-9233400,84100,514583558,1,אוטוטק תיקון והחלפת צמיגים,חטשואל דוד צבי
41263,שואוקארס ר.ע.שיווק ויעוץ בע מ,מוסך רישוי לרכב חדש,אשקלון,התעשייה 8,054-8161211,,516259538,1,רישום ראשוני לרכב חדש,מור רפאל רפי
41265,גלגל מוסכים בע מ,מוסך מורשה,אשקלון,העמל 23 פינת האופה 13,054-2504007,78100,516039419,3,מכונאות רכב בנזין | מכונאות רכב דיזל | מכונאות דיזל משאיות ואוטובוסים,חטב מנשה
41266,מוסך קו העמק - אדמוב קסום,מוסך מורשה,באר שבע,שורק 40,054-6304324,84100,312727340,3,מכונאות רכב בנזין | מכונאות רכב דיזל | תיקון אחזקת רכב חשמלי/היברידי,אדמוב קסום
41267,א.א.א. עולם הפחחות והצבע בע מ,מוסך מורשה,באר שבע,עמיעז 16 ת ד 2508,052-3631420,84100,516454147,2,תיקון מרכבי רכב | צבעות רכב,אור איתן
41268,טיפ טופ טיירס עטרות בע מ,מוסך מורשה,ירושלים,עטרות 52,050-9669208,,516499266,1,תיקון והחלפת צמיגים,מור סלימאן
41270,עבד אל ע' נדאל - מוסך כוכב עטרות,מוסך מורשה,ירושלים,המע ש 18 עטרות,052-3406323,,32716730,2,מכונאות רכב בנזין | מכונאות רכב דיזל,עבד אל עאלי נדא
41271,אבנר וקנין - אי. וי. מוטורס,מוסך מורשה,בית שמש,התנופה 8 א.ת הר טוב,02-5441171,,200520195,2,מכונאות אופנועים וקטנועים | תיקון טרקטורונים,אסולין עמוס
41272,ג. נחמיה בע מ,מוסך מורשה,ירושלים,בית היוצר 6,02-6788804,,513782169,1,אוטוטק מרכבי רכב וצביעתם,נחמיה נסים
41274,נועם טראק בע מ,מוסך מורשה,אשדוד,היציקה 26,088-525600,,514780980,2,תיקון מרכבי רכב | צבעות רכב,בננו אמיר | בננו איתן
41275,שלום כהן שירותי רכב בע מ,מוסך מורשה,ירושלים,בית הדפוס 30,052-6410100,,515112126,2,תיקון מרכבי רכב | צבעות רכב,שמואל כהן שלום
41276,ליוייב שחר -  מוסך שחר,מוסך מורשה,אשדוד,המדע 11,088-6632236,,310733118,2,מכונאות רכב בנזין | מכונאות רכב דיזל,ליוייב שחר
41278,סוכנות מורשית יבואן פ.א.י בע מ,מוסך מורשה,בית שמש,ספיר 8 א.ת הר טוב ב',08-9142111,,516847100,3,אוטוטק רכב קל | תיקון אחזקת רכב חשמלי/היברידי | אוטוטק מרכבי רכב וצביעתם,בן גיגי דוד | ישראלי יעקב
41279,מוסך תיקון הכללי,מוסך מורשה,בית שמש,יגאל אלון 16,02-6308145,,40883183,5,מכונאות רכב בנזין | מכונאות רכב דיזל | חשמלאות רכב | תיקון וכוון מתלים ברכב | שירות תיקון למזגן אויר לרכב,עטר מכלוף
41281,דלהום מוטורס בע מ - ירושלים,מוסך מורשה,ירושלים,עטרות 17,02-5393589,,514256783,2,תיקון מרכבי רכב | צבעות רכב,שהאב אלביר
41282,ד. לי-אור שרותי רכב בע מ,מוסך מורשה,אשדוד,המתכת 9,050-6034000,,513518910,2,תיקון מרכבי רכב | צבעות רכב,בלוך יבגני של
41284,אופנוטרק בע מ,מוסך מורשה,בית שמש,התעשיה 1 א.ת הר טוב,02-5332168,,514883859,2,אוטוטק אופנועים/קטונעים/טרקטרונים | תיקון טרקטורונים,סיידוף מנשה
41286,מרכז שירות למשאיות בית שמש בע מ,מוסך מורשה,בית שמש,הטורקיז 2,02-6256354,,514939529,3,מכונאות רכב בנזין | מכונאות רכב דיזל | מכונאות דיזל משאיות ואוטובוסים,אירנזרוב רוברט
41287,א.א מוסך הסרגל,מוסך מורשה,באר שבע,הדגן 1,08-9203371,84100,66127267,5,מכונאות רכב בנזין | מכונאות רכב דיזל | חשמלאות רכב | טרקטורים ומכונות ניידות | שירות תיקון למזגן אויר לרכב,רחמני יוסף | ממן רפאל
41288,צמיגי רז,מוסך מורשה,ישע,מושה ישע חלקה 31,054-7918024,85430,31376023,1,תיקון והחלפת צמיגים,אפריאט רז
41289,גולדן סוכנויות אוטובוסים ושות',מוסך מורשה,באר שבע,הבדיל 42,050-5738802,84100,550256093,4,אוטוטק רכב קל | מכונאות דיזל משאיות ואוטובוסים | תיקון מרכבי רכב | צבעות רכב,זאדה רונן | גבריאלי גרשון
41290,קבוצת שגריר שירותי רכב בע מ,מוסך מורשה,באר שבע,שחף 12 ת ד 2006,08-6238334,,515158665,2,תיקון מרכבי רכב | צבעות רכב,באבייב זלמן
41291,מוסך מוניר,מוסך מורשה,רהט,א-ס'נאעה 22  ת.ד 215,050-7449707,85357,66600859,3,מכונאות רכב בנזין | מכונאות רכב דיזל | שירות תיקון למזגן אויר לרכב,דדון פנחס
41292,מוסך מוני - בהנהלת מוהנד,מוסך מורשה,אילת,התושיה 8\16,052-4799477,,308125541,1,אוטוטק רכב קל,לוי שרון
41294,צמיגי סופר טייר קריית גת בע מ,מוסך מורשה,קרית גת.,כסלו 6,08-6415000,,514839422,2,תיקון והחלפת צמיגים | תיקון וכוון מתלים ברכב,דהן רמי רחמי
41295,צמיגי קידר בע מ,מוסך מורשה,באר שבע,חופית 13 ת ד 6034,08-6525653,84890,516609500,1,תיקון והחלפת צמיגים,אבו סויס ברהם
41297,מ.ב. מוסך הגשר בע מ,מוסך מורשה,קרית גת.,אשלגן 5\2 ת ד 8256,08-6811178,30132,516944089,2,מכונאות רכב בנזין | מכונאות רכב דיזל,אליהו דוד
41298,רן סמו שרותי שדה בע מ,מוסך מורשה,אשקלון,העמל 5,052-5835500,,512704248,4,אישור כשירות לצמ ה ומכונה ניידת | טרקטורים ומכונות ניידות | תיקון טרקטורונים | תיקון מלגזות הרמה,רן אלעד
41299,דן   סי.אם. בע מ,מוסך מורשה,באר שבע,הבדיל 38,08-9550855,84100,516453925,1,תיקון וכיול טכוגרפים,פרג פור מרדכי
41300,רום אילת (1997) בע מ,מוסך מורשה,אילת,הנחתום 29 ת.ד 5106,08-6317274,88000,512468232,5,מכונאות רכב בנזין | מכונאות רכב דיזל | אישור כשירות לצמ ה ומכונה ניידת | אוטוטק טרקטורים ומכונות ניידות | תיקון מלגזות הרמה,אדרעי אברהם | אדרעי אברהם של
41301,סין ישראל תחבורה חכמה בע מ,מוסך רישוי לרכב חדש,אשקלון,הפנינים 44,08-6990978,,513073767,1,רישום ורישוי לרכב חדש,ליטבק אלכסנדר
41302,ברוש שירותי רכב 2020 בע מ,מוסך מורשה,באר שבע,צוער 9ב,08-6235565,84100,516300415,2,תיקון מרכבי רכב | צבעות רכב,בקרמן רומן
41304,מוסך קלאס קאר - דניאל את משה,מוסך מורשה,באר שבע,המסגר 11,052-5007353,,315542266,1,אוטוטק רכב קל,לוי אהרון
41305,בדרכ למרכז הצבע והפחחות בע מ,מוסך מורשה,באר שבע,עמיעז 6א,08-6906080,,517180139,1,אוטוטק מרכבי רכב וצביעתם,דדשב ארטיום
41306,ליאור ברק - אל.בי רייסינג,מוסך מורשה,קריית מלאכי,החרושת 10 קרית מלאכי,054-6060602,,201625787,2,מכונאות רכב בנזין | מכונאות רכב דיזל,אלימלך יששכר
41307,נאדר קראמה - מוסך נאדר,מוסך מורשה,ירושלים,עטרות 9,050-5525230,,27656594,2,תיקון מרכבי רכב | צבעות רכב,כראמה נאדר | ממן יעקב
41309,נידאל עאסי - מוסך נידאל,מוסך מורשה,ירושלים,הרכב 36,050-7403511,,27654318,2,מכונאות רכב בנזין | מכונאות רכב דיזל,פרי אמיר
41310,אלירן מלול - אלירן מוטורס,מוסך מורשה,ירושלים,בית הדפוס 34,054-8087151,,34604389,2,מכונאות אופנועים וקטנועים | תיקון טרקטורונים,דבריקו רחמים
41313,אלירן תורג'מן - מוסך תורג'י,מוסך מורשה,קריית מלאכי,המלאכה 6,052-8360927,,203505292,2,אוטוטק רכב קל | תיקון טרקטורונים,תורג'מן אלירן
41314,שלמה מוטורס בע מ,מוסך רישוי לרכב חדש,בני עי ש,האופן 1 פארק ראם,088-545945,,511142168,1,רישום ורישוי לרכב חדש,דה-רוסו יעקב
41316,א.ב מלגזות בע מ,מוסך מורשה,אשדוד,העמל 36,054-6227286,,516254901,4,מכונאות רכב בנזין | מכונאות רכב דיזל | אישור כשירות לצמ ה ומכונה ניידת | תיקון מלגזות הרמה,שברוצקי אלחנן
41318,יגמור ג'מיל - מ.ג יגמור מוטורס,מוסך מורשה,ירושלים,עטרות 15 ירושלים,054-3428254,,302652334,1,מכונאות אופנועים וקטנועים,יגמור גמיל
41319,הדרום קונטיינר טרמינל בע מ,מוסך מורשה,אשדוד,חלוצי התעשיה ת.ד 2499,073-373836,,515249308,5,אוטוטק רכב קל | מכונאות דיזל משאיות ואוטובוסים | אישור כשירות לצמ ה ומכונה ניידת | טרקטורים ומכונות ניידות | תיקון מלגזות הרמה,קציר אביעד
41320,נירגד חברה לרכב בע מ,מוסך מורשה,ירושלים,מעשה חושב 8,02-6499000,,511017899,5,מכונאות רכב בנזין | מכונאות רכב דיזל | תיקון אחזקת רכב חשמלי/היברידי | תיקון מרכבי רכב | צבעות רכב,אסייג מאיר חי | רבני יואב
41321,פנצ'ריית השלום,מוסך מורשה,אבו גוש,השלום 11 אבו גוש,054-3081145,,212887574,1,תיקון והחלפת צמיגים,בללי עופר
41322,קוואסמי באסם - קוואסמי אקספרס,מוסך מורשה,ירושלים,התוצרת 8 עטרות ת.ד 66556,054-7762429,,23297195,2,תיקון מרכבי רכב | צבעות רכב,קוואסמי בסאם
41323,מוסך גזאלי נעים,מוסך מורשה,ירושלים,דרך ענתות 27,052-2831215,,80189343,2,אוטוטק רכב קל | תיקון אחזקת רכב חשמלי/היברידי,גזאלי נעים
41324,צח אור צ.ח. (2002) בע מ,מוסך מורשה,באר טוביה,ניר 3 באר טוביה,08-8581630,,513176719,2,חשמלאות רכב | שירות תיקון למזגן אויר לרכב,מוסקוביץ מוטי
41325,אבו קרן חאדר שרותי רכב,מוסך מורשה,לקיה,שכונה 9 \ ארמון החוריה,052-5837395,,52479581,2,מכונאות רכב בנזין | מכונאות רכב דיזל,אבו קרן חדר
41326,אי.טי.וי. מוטורס - בהנהלת שחר,מוסך מורשה,שדרות,ליסבון 2,054-4443393,,305566192,1,תיקון טרקטורונים,חן אריה
41327,מוסך אוטוטוב בהנהלת חליל,מוסך מורשה,באר שבע,הפלדה 15ד  ת.ד 5138,050-5717946,,311422083,2,מכונאות רכב בנזין | מכונאות רכב דיזל,אל רייאטי אבראה
41328,סטאר אופנועים - סויסה נתנאל,מוסך מורשה,אילת,הספן 18 ת ד 1616,053-6706603,,304810153,2,אוטוטק אופנועים/קטונעים/טרקטרונים | תיקון טרקטורונים,סויסה נתנאל
41329,מוסך חורה בע מ,מוסך מורשה,חורה,אלסנאעה מגרש 18 ת ד 597,08-6518399,,512241001,1,אוטוטק רכב קל,אבו קיעאן מחמד
41330,א.מ. שירותי מכונאות בע מ,מוסך מורשה,אשקלון,הסרגל 5,08-6750049,78359,514470665,2,מכונאות רכב דיזל | מכונאות דיזל משאיות ואוטובוסים,מסיקה אורי
41331,דוד אקספרס,מוסך מורשה,אשקלון,הכישור 14,054-5550809,78359,324487628,2,מכונאות רכב בנזין | מכונאות רכב דיזל,תורגמן שמעון
41332,אבו לטייף שרותי רכב - אמג'ד,מוסך מורשה,רהט,א-תג'ארה 7  ת ד 1058,053-2210455,35357,315923888,2,מכונאות רכב בנזין | מכונאות רכב דיזל,אבו לטייף מחמד
41334,מוסך משאיות ואוטובוסים אילת בע מ,מוסך מורשה,אילת,השרברב 15 ת.ד 5090,053-5588818,88101,516795200,2,מכונאות רכב דיזל | מכונאות דיזל משאיות ואוטובוסים,קושוקרו רועי
41335,מיגון 2000 בהנהלת סימון,מוסך מורשה,אשקלון,צה ל 28,052-4499944,,12589412,2,חשמלאות רכב | שירות תיקון למזגן אויר לרכב,ויגדר דוד זאב
41338,מוסך רפואה מוטורית - ינון ודניאל,מוסך מורשה,ספיר,א.תעשיה ספיר  ד.נ. ערבה,052-3745539,86825,27742758,4,מכונאות רכב בנזין | מכונאות רכב דיזל | מכונאות אופנועים וקטנועים | תיקון טרקטורונים,לוריא ינון
41339,מוסך רמון בהנהלת וסים,מוסך מורשה,אילת,הנחתום 18,054-3810794,,303108369,2,אוטוטק רכב קל | אוטוטק מרכבי רכב וצביעתם,ואטמכטר גיאורגי | איוב ג'וסף
41341,גור עוז טכנולוגיות רכב בע מ,מוסך מורשה,שגב-שלום,רח' אחמד זויל 1,052-4455966,,516941143,7,מכונאות רכב בנזין | מכונאות רכב דיזל | מכונאות דיזל משאיות ואוטובוסים | תיקון והחלפת צמיגים | טרקטורים ומכונות ניידות | תיקון טרקטורונים | תיקון מלגזות הרמה,אבו שארב פתחי | גורדון גיל
41342,מ.כ. קפיטל - בהנהלת כהן מאיר,מוסך מורשה,קרית גת.,מבוא סיוון 12,08-9255151,,63733646,2,תיקון מרכבי רכב | צבעות רכב,נונה יהושע
41343,קאיד שירותים לרכב בע מ,מוסך מורשה,אשקלון,עזרא יסודי 6,050-5509842,78100,516940913,5,מכונאות רכב בנזין | מכונאות רכב דיזל | מכונאות דיזל משאיות ואוטובוסים | טרקטורים ומכונות ניידות | תיקון מלגזות הרמה,רדי עדי
41344,מ.ש השבחת רכב,מוסך מורשה,אשדוד,הפלדה 7/14,052-4177341,,32350084,1,תיקון מרכבי רכב,מזרחי שמואל
41346,מוסך שרון מועלם,מוסך מורשה,בית שמש,יגאל אלון 34,054-8433261,,28706828,5,אוטוטק רכב קל | תיקון אחזקת רכב חשמלי/היברידי | תיקון והחלפת צמיגים | בדיקות-רכב )קניה ומכירה) | תיקון וכוון מתלים ברכב,מועלם מור שרון | עירוני טל
41347,הראל פחחות וצבע לרכב בע מ,מוסך מורשה,מעוז ציון ב,היצירה 14,02-5393300,,515770352,1,אוטוטק מרכבי רכב וצביעתם,סהאגייאן סירוף
41348,רויאל שרותי רכב - עוקדה האני,מוסך מורשה,ירושלים,העוצמה 17 עטרות,00-0,,81032559,2,תיקון מרכבי רכב | צבעות רכב,באסתי זכריה
41349,ארז נחום - אומן האופנועים אשדוד,מוסך מורשה,אשדוד,העבודה 56,052-2424676,,23690845,1,מכונאות אופנועים וקטנועים,נחום ארז
41350,סוכנות מורשית קיה בית שמש בע מ,מוסך מורשה,בית שמש,ספיר 8,08-9142121,,516844701,5,אוטוטק רכב קל | תיקון אחזקת רכב חשמלי/היברידי | תיקון מרכבי רכב | צבעות רכב | תיקון והחלפת צמיגים,ברנס מאיר | קוואסמי דאווד
41351,מוסך הוואדי,מוסך מורשה,אבו גוש,התמר 70,053-8237446,,312570682,2,מכונאות רכב בנזין | מכונאות רכב דיזל,סימון שרון
41352,אטלס תעשיות רכב ע.ח בע מ,מוסך רישוי לרכב חדש,ירושלים,היצירה 3 עטרות,054-7473682,,516585304,7,אוטוטק רכב קל | תיקון אחזקת רכב חשמלי/היברידי | מוסך רישוי לציוד חקלאי | אישור כשירות לצמ ה ומכונה ניידת | רישום ורישוי לרכב חדש | טרקטורים ומכונות ניידות | תיקון מלגזות הרמה,מהלווס טארק
41353,מוסך אברהם שירותי רכב,מוסך מורשה,גן יבנה,העמל 32 גן יבנה,054-9738919,,322765652,4,מכונאות רכב בנזין | מכונאות רכב דיזל | אוטוטק מרכבי רכב וצביעתם | תיקון טרקטורונים,לייב מאיר | לוי רחמים
41354,מוסך הילוך שישי אשדוד בע מ,מוסך מורשה,אשדוד,היציקה 28,050-371555,,516828035,5,מכונאות רכב בנזין | מכונאות רכב דיזל | תיקון אחזקת רכב חשמלי/היברידי | חשמלאות רכב | אוטוטק מרכבי רכב וצביעתם,נוסבאום עדי | מרדכי רועי
41355,צמיגי אבו גוש,מוסך מורשה,אבו גוש,השלום 48,052-7735515,,305680894,1,תיקון והחלפת צמיגים,איבראהים פואד
41356,עליאן חמזה - מוסך פרו קאר,מוסך מורשה,ירושלים,יד חרוצים 14,053-3566122,,301771044,3,מכונאות רכב בנזין | מכונאות רכב דיזל | שירות תיקון למזגן אויר לרכב,בן עזרי יעקב-חי
41357,רק אופנועים בע מ,מוסך מורשה,ירושלים,התעשיה 5,02-6799465,,513224618,1,מכונאות אופנועים וקטנועים,אלבכרי ישי
41358,ידידיה טריילר בע מ,מוסך מורשה,אשדוד,ההדרים 2 / המלאכה 22,050-5557832,,516160561,1,מכונאות דיזל משאיות ואוטובוסים,אוקסנברג נתן
41359,צמיגי בן כליפה,מוסך מורשה,בית שמש,התעשיה 5 הר טוב - א',050-7718882,,36611291,2,תיקון והחלפת צמיגים | תיקון וכוון מתלים ברכב,נורי אילן
41360,פרופשיונל מוטורס 3 בע מ,מוסך מורשה,באר טוביה,ניר 4,052-4683570,,515019537,5,מכונאות רכב בנזין | מכונאות רכב דיזל | תיקון אחזקת רכב חשמלי/היברידי | תיקון מרכבי רכב | צבעות רכב,ויטל משה
41361,פנצ'ריית העיר בע מ,מוסך מורשה,בית שמש,יגאל אלון 9,058-7707850,,516964897,4,מכונאות רכב בנזין | מכונאות רכב דיזל | תיקון והחלפת צמיגים | תיקון וכוון מתלים ברכב,נסים יוסף | אל חטיב אמיר
41362,צמיג רם בע מ,מוסך מורשה,אשדוד,א.ת צפוני רח' הקידמה,08-6277736,,511638298,1,תיקון והחלפת צמיגים,פקנייב מיכאל
41364,ג.מ. פורטל סחר יבוא בע מ,מוסך מורשה,אשקלון,הפנינים 44 מתחם סמל ת,050-6202758,,512847583,1,תיקון והחלפת צמיגים,ברקוביץ יועד
41365,מוסך אולימפיק בהנהלת אלכסיי,מוסך מורשה,אשקלון,הפנינים 16,054-5741534,,322151838,2,מכונאות רכב בנזין | מכונאות רכב דיזל,קופמן בוריס
41366,מוסך לב הרכב - זגורי משה,מוסך מורשה,נתיבות,אברהם רוזמן 673,050-6884485,80200,66036666,3,אוטוטק רכב קל | תיקון אחזקת רכב חשמלי/היברידי | תיקון טרקטורונים,זגורי משה
41367,מוסך אלפא בהנהלת אלכסנדר,מוסך מורשה,באר שבע,החורש 16א,053-8249671,84496,309403301,2,תיקון מרכבי רכב | צבעות רכב,עזיזוב אלכסנדר
41369,א.ס אחיים מכונאות רכב - פאואז,מוסך מורשה,לקיה,שכונה 7 בית 283,025-3550120,,29856929,2,מכונאות רכב בנזין | מכונאות רכב דיזל,אסד פאואז
41370,א.ש. מעבדות רכב והשקעות בע מ,מוסך מורשה,קרית גת.,ישראל פולק 19,051-2325344,82103,516973534,1,בדיקות-רכב )קניה ומכירה),לזרוביץ צבי
41371,אס.וי. מוטורס בהנהלת שני את ולרי,מוסך מורשה,אשקלון,הכישור 17\16,050-9988295,,312885353,3,מכונאות רכב בנזין | מכונאות רכב דיזל | תיקון אחזקת רכב חשמלי/היברידי,עלוא שני
41372,י.מ. פחחות וצבע בהנהלת זכריה,מוסך מורשה,רהט,א-ס'נאעה 32  ת ד 1264,050-3058948,90957,212883631,2,תיקון מרכבי רכב | צבעות רכב,עמראני אחמיד
41373,אלטל טכנולוגיסטיקה בע מ,מוסך מורשה,אופקים,ישראל אומן 12,054-2557060,,510816374,6,מכונאות רכב בנזין | מכונאות רכב דיזל | מכונאות דיזל משאיות ואוטובוסים | אישור כשירות לצמ ה ומכונה ניידת | טרקטורים ומכונות ניידות | תיקון מלגזות הרמה,חיימוביץ אריאל
41374,ירין שרותי רכב - דוד עמר,מוסך מורשה,אילת,המלאכה 10 ת.ד 5293,053-7585050,,57525198,2,מכונאות רכב בנזין | מכונאות רכב דיזל,נלסון נועם
41375,פנצ'רית נתיבות בהנהלת צח,מוסך מורשה,נתיבות,היוגב 3א,055-9659201,,312281538,4,מכונאות רכב בנזין | מכונאות רכב דיזל | תיקון והחלפת צמיגים | תיקון וכוון מתלים ברכב,טל גבריאל | אברמוביץ דב ירו
41376,יורי קאר בהנהלת ליאור,מוסך מורשה,קרית גת.,ישראל פולק 43,053-7249195,,318885464,2,חשמלאות רכב | שירות תיקון למזגן אויר לרכב,בריילובסקי סמי
41377,עזיזוב מוטורס,מוסך מורשה,באר שבע,החורש 16ב,052-7474793,,309403236,1,אוטוטק רכב קל,זנו ניב
41378,מוסך חלפי העיר רהט - רמזי,מוסך מורשה,רהט,אלעומאל 4,050-5254640,90957,206424335,3,מכונאות רכב בנזין | מכונאות רכב דיזל | שירות תיקון למזגן אויר לרכב,אבו עאבד יונס
41380,יוסמוטור - יוסי את ישראל,מוסך מורשה,נתיבות,אברהם רוזמן 627,025-289507,80200,322688086,3,תיקון והחלפת צמיגים | מכונאות אופנועים וקטנועים | תיקון טרקטורונים,עטון ארז גיל
41382,ד.מ.ד אופנועים,מוסך מורשה,ירושלים,היוצק 3 עטרות,054-3430500,,300414133,1,מכונאות אופנועים וקטנועים,דקידק מחמד
41383,אדם לרכב,מוסך מורשה,ירושלים,בית הדפוס 30,052-5071201,,300900271,1,שירות תיקון למזגן אויר לרכב,קופלה אדם
41387,אוטו קינג ד.א בע מ,מוסך מורשה,בית שמש,גרניט 19 הר טוב ב',054-6966744,,514954221,2,מכונאות רכב בנזין | מכונאות רכב דיזל,אליאס אליהו
41388,מ. סלמאן פחחות וצבע,מוסך מורשה,ירושלים,הרכב 38,053-7749055,,80811730,3,תיקון אחזקת רכב חשמלי/היברידי | תיקון מרכבי רכב | צבעות רכב,סלמאן מוחמד
41391,אופנועי עליאן,מוסך מורשה,ירושלים,הרכב 10,055-6612041,,211303938,1,מכונאות אופנועים וקטנועים,רחימה ערפאת
41393,אריאל ל. סחר בע מ,מוסך מורשה,בית שמש,בזלת 101,054-2050389,,515983344,3,מכונאות רכב בנזין | מכונאות רכב דיזל | תיקון אחזקת רכב חשמלי/היברידי,חזן דניאל
41394,יוניברסל מוטורס ישראל בע מ,מוסך מורשה,בית שמש,המסגר 7,02-9918782,,511809071,5,אוטוטק רכב קל | מכונאות דיזל משאיות ואוטובוסים | תיקון אחזקת רכב חשמלי/היברידי | תיקון מרכבי רכב | צבעות רכב,בוזגלו שי
41395,א.ט.א ש' פחחות וצבע 2019 בע מ,מוסך מורשה,אשדוד,היוזמה 27,054-2275762,,515975480,2,תיקון מרכבי רכב | צבעות רכב,עוזיאל עובדיה | אסף גבי
41396,דסאל מרחבים - שותפות מוגבלת,מוסך מורשה,אשדוד,סנפיר 1 אשדוד,03-9169900,,550223614,2,מכונאות רכב דיזל | מכונאות דיזל משאיות ואוטובוסים,ראובני שבתאי
41397,מוסך אוטו פארק,מוסך מורשה,אשדוד,העמל 18,054-6883075,,321705600,5,מכונאות רכב בנזין | מכונאות רכב דיזל | תיקון אחזקת רכב חשמלי/היברידי | חשמלאות רכב | שירות תיקון למזגן אויר לרכב,אוז'וג אלכסנדר
41398,קפיטל אנרג'י פריים י.ה בע מ,מוסך מורשה,באר טוביה,האסיף 5,054-7771961,,515792257,1,מכונאות דיזל משאיות ואוטובוסים,תמם גדעון
41399,טרמו קול - קול סרוויס,מוסך מורשה,אשדוד,ההדרים 36,058-7432020,,311889489,3,אוטוטק רכב קל | מכונאות דיזל משאיות ואוטובוסים | תיקון אחזקת רכב חשמלי/היברידי,צ'צ'נשוילי רמי
41401,סדנת ראלי רייד בע מ,מוסך מורשה,נתיבות,היוגב 3ב,054-4697714,80200,517149449,2,מכונאות רכב בנזין | מכונאות רכב דיזל,בוארון עמירם
41402,אביבליאן יזמות וסחר בע מ,מוסך מורשה,אשקלון,המרכבה 36,054-6882364,,516883261,2,אוטוטק רכב קל | תיקון טרקטורונים,נבעה אור
41403,א.ח . המבריק פחחות וצבע בע מ,מוסך מורשה,באר שבע,הבונים 35,053-2712751,,512064890,3,תיקון אחזקת רכב חשמלי/היברידי | תיקון מרכבי רכב | צבעות רכב,אמר אלברט
41404,אוטוצ'ק בנגב בע מ,מוסך מורשה,באר שבע,צוער 12 ת ד 2470,052-6806742,84100,517090783,2,בדיקות-רכב )קניה ומכירה) | תיקון וכוון מתלים ברכב,דמרי מאיר
41405,מוסך האחים פחחות וצבע,מוסך מורשה,רהט,א-ס'נאעה 21 ת ד 1025,052-8465534,90957,21606447,2,תיקון מרכבי רכב | צבעות רכב,אלקסאסי עיאדה
41406,סוכנות פרג לכיש בע מ,מוסך מורשה,קרית גת.,שדרות צורן 3,053-7361271,82000,511770950,2,מכונאות אופנועים וקטנועים | תיקון טרקטורונים,פרג חגי | פרג ירון
41407,פחחות רכב דרום מירו בע מ,מוסך מורשה,באר שבע,אגס 2,053-7756624,84890,511909632,2,תיקון מרכבי רכב | צבעות רכב,כהן מאיר
41408,ע.ע. רכבי שטח בהנהלת עידן,מוסך מורשה,קרית גת.,אשלגן 4,054-6919002,82103,37721651,2,מכונאות אופנועים וקטנועים | תיקון טרקטורונים,בוארון אמירי
41409,מרכז שירות דנדן בע מ,מוסך מורשה,באר שבע,אברהם בן עמי 1,054-4267769,84101,517122974,2,אוטוטק רכב קל | תיקון אחזקת רכב חשמלי/היברידי,קטנוב דן
41410,אדרנלין מוטורס בהנהלת עלי,מוסך מורשה,אילת,הנחתום 18א,050-9060080,,43108166,2,מכונאות רכב בנזין | מכונאות רכב דיזל,אבו ג'ומעה עלי
41411,מוסך רוסלן,מוסך מורשה,אשקלון,הבנאי 1א,054-7763264,78201,320588791,2,מכונאות רכב בנזין | מכונאות רכב דיזל,איזגייב רוסלן
41412,קשת בר לב בע מ,מוסך מורשה,באר שבע,יצחק נפחה 6,054-6889146,84100,517094215,1,תיקון והחלפת צמיגים,מדר יוסף
41413,א.מקור הפחחות וצבע לרכב בע מ,מוסך מורשה,באר שבע,צאלים 23,054-2871282,84100,516927795,2,תיקון מרכבי רכב | צבעות רכב,אלסייד מאג'ד
41414,בן בן צמיגים,מוסך מורשה,אשקלון,הפנינים 17,052-5485553,78100,302644414,1,תיקון והחלפת צמיגים,דיין בן
41415,מוסך שגב שלום בע מ,מוסך מורשה,שגב-שלום,עבאס אבן פרנאס 3,053-7306499,,513883009,2,מכונאות רכב דיזל | מכונאות דיזל משאיות ואוטובוסים,אבו רוסתם יוסף
41416,טרקטורים וציוד )אי.טי.אי( בע מ,מוסך מורשה,משמר הנגב,מחנה משמר הנגב,052-9283021,85315,512994054,5,מכונאות רכב בנזין | מכונאות רכב דיזל | מכונאות דיזל משאיות ואוטובוסים | חשמלאות רכב | שירות תיקון למזגן אויר לרכב,דדון מאיר
41417,אנירג'י קאר - בהנהלת נדיב,מוסך מורשה,באר שבע,הפועלים 2\17,054-3460559,,26485011,1,אוטוטק רכב קל,אצ'ארי גיא
41418,אביאל מוטורס - בהנהלת מישל,מוסך מורשה,אשקלון,העופרת 2,058-7818602,78100,315107888,2,מכונאות רכב בנזין | מכונאות רכב דיזל,אלטשולר אלכסיי
41419,פחח הדרום - בהנהלת עומר,מוסך מורשה,באר שבע,הכשרת היישוב 42,050-4845420,,308308808,1,אוטוטק מרכבי רכב וצביעתם,אבו רקייק מוחמד
41420,תג שירותי רכב בע מ,מוסך מורשה,אשדוד,היציקה 32 אשדוד,052-7531000,,514151950,6,מכונאות רכב בנזין | מכונאות רכב דיזל | מכונאות דיזל משאיות ואוטובוסים | אישור כשירות לצמ ה ומכונה ניידת | טרקטורים ומכונות ניידות | תיקון מלגזות הרמה,בז'נר ברוך
41421,חברת סטארפארטס בע מ,מוסך מורשה,ירושלים,היצירה 3 עטרות,054-5991411,,517145801,2,תיקון מרכבי רכב | צבעות רכב,נג'יב יחייה | דויק יחיא
41422,קארטבע נגררים בע מ,מוסך רישוי לרכב חדש,באר טוביה,עומר 1 א.ת באר טוביה,053-553455,,516659273,1,רישום ראשוני לרכב חדש,צפריר ישי שמוא
41423,חשמל רכב העיר,מוסך מורשה,בית שמש,החרש 11,050-2997777,,57833956,3,מכונאות רכב בנזין | מכונאות רכב דיזל | שירות תיקון למזגן אויר לרכב,עניס רפאל
41424,מוסך היעד,מוסך מורשה,ירושלים,בית הדפוס 30,050-4371415,,322226986,2,מכונאות רכב בנזין | מכונאות רכב דיזל,ממן יוסף
41425,מוסך אופיר - בית שמש,מוסך מורשה,בית שמש,יהלום 12,050-7727331,,42261792,2,אוטוטק רכב קל | תיקון אחזקת רכב חשמלי/היברידי,פחימה שלום
41426,מוסך אומנות הרכב בשטח ובכביש,מוסך מורשה,אשדוד,היציקה 26,052-3656462,,27159052,2,אוטוטק רכב קל | תיקון אחזקת רכב חשמלי/היברידי,אסייג אילן
41427,חואטוס ייבוא שיווק והפצה בע מ,מוסך רישוי לרכב חדש,אשדוד,היהלומים 23 אשדוד,054-4201276,,517005617,1,רישום ראשוני לרכב חדש,חואטו מאור יהו
41428,ואזנה שירותי רכב,מוסך מורשה,בית שמש,יגאל אלון 34,050-3774677,,315293589,1,אוטוטק רכב קל,אליהו עידן
41429,א.ק סנטר שירותי רכב בע מ,מוסך מורשה,בני עי ש,נתיב האומן 1 פארק ראם,053-8212019,,516455680,1,צבעות רכב,גומניקוב אנדריי
41430,המוסך של ארז - מ.א.מ בע מ,מוסך מורשה,ירושלים,בית הדפוס 31,053-7251968,,513840793,2,אוטוטק רכב קל | תיקון אחזקת רכב חשמלי/היברידי,פרדו ארז
41431,מ.ד. רכב עיברי בע מ,מוסך מורשה,ירושלים,בית הדפוס 15,052-5802433,,515270155,3,מכונאות רכב בנזין | מכונאות רכב דיזל | תיקון אחזקת רכב חשמלי/היברידי,נאומבורג מרדכי
41432,שירותי אוט' מאו' נצרת יבוא בע מ,מוסך מורשה,בית שמש,היצירה 3,054-6704145,,513983593,2,מכונאות דיזל משאיות ואוטובוסים | אוטוטק מרכבי רכב וצביעתם,שמוט עימאד | חוסיין אחמד
41433,קובי גירים בע מ,מוסך מורשה,בית שמש,הגרניט 18 א.ת הר טוב ב',054-5410466,,514313394,2,מכונאות רכב בנזין | מכונאות רכב דיזל,סלמון יעקבי
41434,נ.ו טופ סרוויס בע מ,מוסך מורשה,בית שמש,הרניט 18 א.ת הר טוב ב',054-7129980,,517326161,2,אוטוטק רכב קל | תיקון אחזקת רכב חשמלי/היברידי,מקרביץ' ויקטור
41435,פי טי בדיקות רכב - אשדוד,מוסך מורשה,אשדוד,היהלומים 23,054-4284195,,301212825,1,בדיקות-רכב )קניה ומכירה),אלבז רמי מור
41437,א.ר מקס ואש ר' שטיפת רכב בע מ,מוסך מורשה,מסמיה,תחנת דלק צומת מסמיה,050-2211655,,515864817,1,אוטוטק תיקון והחלפת צמיגים,ישראל יצחק
41438,צמיגי איתן - קקון רון,מוסך מורשה,באר שבע,פנחס החוצב 2,054-9865857,,208472696,1,אוטוטק תיקון והחלפת צמיגים,ויקי אילן
41439,י.א. מוסך פחחות וצבע בתנור- יוסף,מוסך מורשה,רהט,א-תג'ארה 15,052-7491232,,301362232,1,אוטוטק מרכבי רכב וצביעתם,עמראן יוסף
41440,אמר יצחק פחחות וצבע בע מ,מוסך מורשה,באר שבע,הרתך 7,053-3951046,84100,514992080,2,תיקון מרכבי רכב | צבעות רכב,אמר יצחק
41441,מוסך איגור - ויכמן איגור,מוסך מורשה,קרית גת.,נתרן 15,050-2600685,82000,310426333,1,אוטוטק רכב קל,לוק נסים
41442,פרישתא ארבע על ארבע בע מ,מוסך רישוי לרכב חדש,קלחים,מושב קלחים משק 15,050-6861128,,516261567,1,רישום ראשוני לרכב חדש,פרישתה אוהד
41443,א.ס. אומנות הפחחות והצבע בע מ,מוסך מורשה,באר שבע,הפועלים 6\17,054-2564364,84890,517198123,2,תיקון מרכבי רכב | צבעות רכב,בנמוחה ברטו
41444,מרכז שירות ברוש 2020 בע מ,מוסך מורשה,באר שבע,עמיעז 19,08-6280457,84100,516300969,1,אוטוטק מרכבי רכב וצביעתם,אמר חיים
41445,דוקטור בי.די.אר - שריף,מוסך מורשה,אילת,האדריכל 11,052-4805132,,86955580,3,תיקון אחזקת רכב חשמלי/היברידי | תיקון מרכבי רכב | צבעות רכב,בלס יעקב
41446,א.ל. דיגיטל,מוסך מורשה,באר שבע,שחף 14,053-3200151,,203442702,2,תיקון מחוונים | תיקון וכיול טכוגרפים,פרג פור מרדכי
41447,טל אחיה ביטון צמיגים בע מ,מוסך מורשה,באר שבע,דרך חברון 105,054-6647477,,516911849,1,תיקון והחלפת צמיגים,אבו שולדום דאוד
41448,מוסך נועם חלפים,מוסך מורשה,נתיבות,אברהם רוזמן 629,054-8870048,,211390497,2,מכונאות רכב בנזין | מכונאות רכב דיזל,זנה שרון
41449,מסטר קאר פחחות וצבע,מוסך מורשה,דימונה,הפועלים 24,050-4748887,,205996820,1,אוטוטק מרכבי רכב וצביעתם,אבו רקייק ראשד
41450,א.מ. מוסך הדקל בע מ,מוסך מורשה,אופקים,נחושתן 9 ת ד 488,054-8261525,,516195732,2,מכונאות רכב בנזין | מכונאות רכב דיזל,וקנין יוסף
41451,מוסך זאהי - אלסייד זהיא,מוסך מורשה,אופקים,המסגר 6 ת ד 398,050-7711661,,301506358,2,מכונאות רכב בנזין | מכונאות רכב דיזל,ג'בארין איהאב
41458,נ.ס שירותי רכב,מוסך מורשה,ירושלים,הרכב 38 תלפיות,052-4448575,,205902166,2,מכונאות רכב בנזין | מכונאות רכב דיזל,שוויקי מוחמד
41459,א.מ. ספידוגרף בע מ,מוסך מורשה,אשדוד,החרושת 25 אשדוד,052-2494438,,516604154,1,תיקון וכיול טכוגרפים,לברנט אנטולי
41460,גוונים מרכז פחחות וצבע בע מ,מוסך מורשה,אשדוד,המתכת 46,050-7265201,,515792935,1,אוטוטק מרכבי רכב וצביעתם,בן עזרא אלי )אל
41462,צמיגי איי.ג'י.אס. אגרו בע מ,מוסך מורשה,כנות,האדום 35 כנות,053-4202199,,517367967,1,אוטוטק תיקון והחלפת צמיגים,שליט אהוד
41463,אלפרד שירותי רכב,מוסך מורשה,ירושלים,היוצר 13,050-5272216,,34864819,2,מכונאות רכב בנזין | מכונאות רכב דיזל,כאמל אלפרד
41464,איגור שירותי רכב,מוסך מורשה,אשדוד,המסגר 2,050-546117,,310432620,1,תיקון מרכבי רכב,גילגור איגור
41465,אוטו חן בע מ - קרית מלאכי,מוסך רישוי לרכב חדש,קריית מלאכי,החרושת 39,052-8891717,,510421787,1,רישום ורישוי לרכב חדש,שחרור יניב
45003,צמיגי דודי - גבעת זאב בע מ,מוסך מורשה,גבעת זאב,גבעת זאב,02-5731212,90917,513243477,1,תיקון והחלפת צמיגים,דודי לוי
45004,ח.א.ש צמיגי אברהם בע מ,מוסך מורשה,אריאל,אריאל,03-9364747,,515491827,1,תיקון והחלפת צמיגים,חולי אברהם
45005,מוסך מעלה אדומים בע מ,מוסך מורשה,מישור אדומים,מישור אדומים,050-5758752,90610,512828195,2,מכונאות רכב בנזין | מכונאות רכב דיזל,מיכאל צורי
45009,מוסך בר בע מ,מוסך מורשה,אריאל,א.תעשיה,050-8955630,44837,512567728,3,מכונאות רכב בנזין | מכונאות רכב דיזל | שירות תיקון למזגן אויר לרכב,כהן בן ציון
45010,מוסך צרפתי,מוסך מורשה,מישור אדומים,א.תעשיה מישור אדומים,02-5354407,90610,511210718,9,מכונאות רכב בנזין | מכונאות רכב דיזל | מכונאות דיזל משאיות ואוטובוסים | תיקון אחזקת רכב חשמלי/היברידי | חשמלאות רכב | תיקון מרכבי רכב | מסגרות רכב )תיקון ארגזים) | צבעות רכב | שירות תיקון למזגן אויר לרכב,שמשון יוסף | בנימין רמי | צרפתי יצחק | באסטי עדנאן
45012,מוסך מעלה בע מ,מוסך מורשה,מעלה שומרון,מעלה שומרון,09-7929078,44852,513186197,2,מכונאות רכב בנזין | מכונאות רכב דיזל,טרופר משה
45019,מוסך כפר עציון,מוסך מורשה,כפר עציון,גוש עציון,02-9935155,90200,570042119,4,אוטוטק רכב קל | תיקון אחזקת רכב חשמלי/היברידי | אוטוטק טרקטורים ומכונות ניידות | תיקון וכוון מתלים ברכב,וורבר משה מתני
45021,מוסך הגוש שרותי רכב בע מ,מוסך מורשה,כפר עציון,גוש עציון,02-9932264,90433,511655052,4,מכונאות רכב בנזין | מכונאות רכב דיזל | תיקון אחזקת רכב חשמלי/היברידי | תיקון והחלפת צמיגים,בוגנים אסף | פרבר אלעד
45023,מוסך חלץ,מוסך מורשה,בית אל,בית אל,02-9975266,90300,514540350,3,מכונאות רכב בנזין | מכונאות רכב דיזל | תיקון והחלפת צמיגים,דרעי דוד
45024,מוסך מבוא חורון,מוסך מורשה,מבוא חורון,מבוא חורון,08-9726778,99765,570019828,3,מכונאות רכב בנזין | מכונאות רכב דיזל | טרקטורים ומכונות ניידות,חזי משה
45029,מוסך שרותי רכב שמעון,מוסך מורשה,קרני שומרון,אזור תעשיה,09-7920448,44853,53535795,2,מכונאות רכב בנזין | מכונאות רכב דיזל,אוביץ שמעון
45030,מאיר דוידוב מוסכים בע מ,מוסך מורשה,מישור אדומים,א.תעשיה מישור אדומים,02-5905777,98510,22504716,10,מכונאות רכב בנזין | אוטוטק רכב קל | מכונאות רכב דיזל | מכונאות דיזל משאיות ואוטובוסים | אישור כשירות לצמ ה ומכונה ניידת | אוטוטק מרכבי רכב וצביעתם | טרקטורים ומכונות ניידות | תיקון טרקטורונים | תיקון מלגזות הרמה | מוסך נייד לחילוץ ולתיקוני חירום,דוידוב זיו | עוויסאת מוחמד | זיו דוידוב | דוידוף זיו
45031,מוסך גלגל,מוסך מורשה,קבועה (שבט),קיבוץ גלגל,02-9945555,90630,570022491,5,מכונאות רכב בנזין | מכונאות רכב דיזל | אישור כשירות לצמ ה ומכונה ניידת | טרקטורים ומכונות ניידות | תיקון מלגזות הרמה,סויסה דוד
45033,אוטו שאפ,מוסך מורשה,לא ידוע קוד 0,"המלאכה 7 , אריאל",00-0,,57072837,2,מכונאות רכב בנזין | מכונאות רכב דיזל,ביטנסקי בועז
45041,רכב הבקעה,מוסך מורשה,בקעות,מפגש הבקעה,02-9942175,90964,61192134,1,תיקון והחלפת צמיגים,תמסית סלומון
45071,צמיגי רונדו מישור אדומים בע מ,מוסך מורשה,מעלה אדומים,נביעות 2 מישור אדומים,02-5353573,,517060463,1,תיקון והחלפת צמיגים,שבת שי
45072,מוסך אבי בצלאלי,מוסך מורשה,מישור אדומים,מישור אדומים,02-5351407,,,3,מכונאות רכב בנזין | מכונאות רכב דיזל | חשמלאות רכב,בצלאלי אברהם
45074,מוסך עפרה,מוסך מורשה,עפרה,עפרה,02-9975407,90627,511819922,3,מכונאות רכב בנזין | מכונאות רכב דיזל | תיקון והחלפת צמיגים,נתן אהרון
45077,מוסך המישור בע מ,מוסך מורשה,מישור אדומים,שדות 23,02-5903999,,513803734,3,מכונאות רכב בנזין | מכונאות רכב דיזל | תיקון אחזקת רכב חשמלי/היברידי,אסולין דן
45078,מקמל שרותי אריאל בע מ,מוסך מורשה,אריאל,רח' העבודה 2  אריאל,03-9060909,44837,511280380,1,תיקון והחלפת צמיגים,מוקמל מיכה
45079,שי כספי- פולריס,מוסך מורשה,לא ידוע קוד 0,ד.נ. מזרח בנימין  מושב בקעות,02-9942008,90694,24658023,4,מכונאות רכב בנזין | מכונאות רכב דיזל | טרקטורים ומכונות ניידות | תיקון טרקטורונים,כספי ישעיהו
45080,שרותי רכב כפר אדומים,מוסך מורשה,כפר אדומים,א.תעשיה,02-5352372,90618,,2,אוטוטק רכב קל | תיקון והחלפת צמיגים,אחמד אדהם | צדקיהו עופר
45082,מוסך ייטב,מוסך מורשה,לא ידוע קוד 0,מושב ייטב,02-9946810,90670,570024091,3,מכונאות רכב בנזין | מכונאות רכב דיזל | טרקטורים ומכונות ניידות,אלמוג יואל
45083,מרכז שירות אריאל יעקב בע מ,מוסך מורשה,אריאל,העבודה 3,03-9364711,44837,513848150,6,מכונאות רכב בנזין | מכונאות רכב דיזל | תיקון אחזקת רכב חשמלי/היברידי | חשמלאות רכב | תיקון מרכבי רכב | שירות תיקון למזגן אויר לרכב,עמר יעקב | אלזם מרדכי | פריד אטילה דוד | שריקי יעקב
45088,מכון רישוי טסט אריה,מוסך מורשה,מישור אדומים,רח' אופירה 9 א',02-5905044,,56173800,6,בדיקות עשן ברכב דיזל | בדיקות-רכב )קניה ומכירה) | מכון רישוי-פתוח לשרות הציבור | תיקון וכוון מתלים ברכב | בדיקת רכב לאחר תאונה | בדיקה לאחר תאונה-איסור שימוש,עלאא אדקידק
45090,מוסך כפר תפוח,מוסך מורשה,תפוח,השומרון,03-9366940,44829,54901483,3,מכונאות רכב בנזין | מכונאות רכב דיזל | תיקון אחזקת רכב חשמלי/היברידי,שאלתיאל לוי
45091,החב' המרכזית לפיתוח השומרון,מוסך מורשה,קרני שומרון,א.תעשיה קרני שומרון,09-7929777,,510892839,3,מכונאות רכב בנזין | מכונאות רכב דיזל | מכונאות דיזל משאיות ואוטובוסים,נחמני שמואל
45092,מוסך חיים ביטון בע מ,מוסך מורשה,לא ידוע קוד 0,מישור אדומים,02-6536325,98510,,4,מכונאות רכב בנזין | מכונאות רכב דיזל | תיקון מרכבי רכב | צבעות רכב,ביטון חיים | ביטון אייל
45101,מוסך השלום,מוסך מורשה,מישור אדומים,החרובית 23,02-6285444,98510,23307374,2,מכונאות רכב בנזין | מכונאות רכב דיזל,אבו קד'אמה גמאל
45102,מוסך רם,מוסך מורשה,מישור אדומים,מישור אדומים,02-5352444,,56634611,2,מכונאות רכב בנזין | מכונאות רכב דיזל,כהן יהודה
45103,מוסך האחים חסונה 2017,מוסך מורשה,מישור אדומים,תלמי יוסף 2 מישור אדומים,02-5905750,,540272267,3,מכונאות רכב בנזין | מכונאות רכב דיזל | מכונאות דיזל משאיות ואוטובוסים,דרוויש חוסיין
45104,מוסך שרות מרכזי גוש עציון,מוסך מורשה,לא ידוע קוד 0,פארק תעשיות גוש עציון,02-9933790,90433,510950488,5,מכונאות רכב בנזין | אוטוטק רכב קל | מכונאות רכב דיזל | מכונאות דיזל משאיות ואוטובוסים | תחזוקה ובדיקת מערכת כיבוי אש באוטו',נגדי שלמה | שלמה נגדי
45107,מוסך אדומים,מוסך מורשה,מישור אדומים,פריגן 11 מישור אדומים,050-2428718,,28192466,2,מכונאות רכב בנזין | מכונאות רכב דיזל,חרבאוי מחמוד
45108,מוטו ספיד,מוסך מורשה,מישור אדומים,מישור אדומים,052-8287110,90610,,2,מכונאות אופנועים וקטנועים | תיקון טרקטורונים,שרעבי שלמה
45110,מוסך סנטראל,מוסך מורשה,מישור אדומים,אופירה 8 מישור אדומים,02-5815687,,80324668,2,מכונאות רכב בנזין | מכונאות רכב דיזל,תומא תוופיק
45111,מוסך הכוכב,מוסך מורשה,לא ידוע קוד 0,א.ת. הגבעה כוכב יעקב,054-6677070,90622,,2,מכונאות רכב בנזין | מכונאות רכב דיזל,שמואל בנימין חי
45112,הצמיג - דודי נאסה,מוסך מורשה,מישור אדומים,אופירה 11 א.ת. מישור אדומים,02-5321321,,512129651,5,תחזוקה ובדיקת מערכת כיבוי אש באוטו' | אוטוטק תיקון והחלפת צמיגים | תיקון וכוון מתלים ברכב | תיקון וכיול טכוגרפים | בדיקת רכב לאחר תאונה,נאסה דוד | נאסה בן מנשה | גבאלי בקר | קורד מחמוד
45113,ש. מתיתיהו שירותי רכב בע מ,מוסך מורשה,לא ידוע קוד 0,א.ת. מתתיהו,08-9750049,,516495462,3,מכונאות רכב בנזין | מכונאות רכב דיזל | תיקון והחלפת צמיגים,ארוש שמעון | דהאן גורג'
45114,משה כהן שרותי רכב,מוסך מורשה,לא ידוע קוד 0,נתיב הגדוד,054-3009989,90676,31903321,2,מכונאות רכב בנזין | מכונאות רכב דיזל,כהן משה
45115,התיקון הכללי - יצהר,מוסך מורשה,יצהר,שכונת תקומה יצהר,054-2575503,44831,,3,מכונאות רכב בנזין | מכונאות רכב דיזל | תיקון והחלפת צמיגים,אלברט חנוך
45117,ליעד ע.ה שירותי רכב בע מ,מוסך מורשה,מתתיהו,אזור תעשיה מתתיהו,08-6996699,,515944734,5,מכונאות רכב בנזין | מכונאות רכב דיזל | תיקון אחזקת רכב חשמלי/היברידי | תיקון והחלפת צמיגים | תיקון וכוון מתלים ברכב,הרטי עודד | ברוכים ליאור
45118,מוסך אבי מרציאנו,מוסך מורשה,כפר אדומים,כפר אדומים,02-5719683,90618,57830267,3,מכונאות רכב בנזין | מכונאות רכב דיזל | שיפוץ מכללי בלמים,מרציאנו אברהם
45119,ש.פ.ר שירותי פחחות וצבע מתקדמים,מוסך מורשה,מישור אדומים,עצמונה 2,054-9389698,,517139895,1,אוטוטק מרכבי רכב וצביעתם +מסגרות,בדראן יוסף
45120,מוסך הגוש שרותי רכב בע מ,מוסך מורשה,ראש צורים,,02-9932264,,511655052,2,תיקון מרכבי רכב | צבעות רכב,אמזלג דדה דוד | אמזלג דוד
45121,פורד מערכות מוניציפליות בע מ,מוסך מורשה,לא ידוע קוד 0,מבוא חורון,08-6788585,99765,,1,טרקטורים ומכונות ניידות,גור אריה מנחם
45122,מוסך דרך ארץ,מוסך מורשה,קדומים,היצירה 3 א.ת. קדומים,09-9503858,44856,15642150,2,מכונאות רכב בנזין | מכונאות רכב דיזל,עייש דניאל
45123,מוסך כוכב המישור,מוסך מורשה,מישור אדומים,רח' אופירה 16,054-4366550,,80876139,3,מכונאות רכב בנזין | מכונאות רכב דיזל | תיקון אחזקת רכב חשמלי/היברידי,חמאם אבראהים
45125,שרותי רכב אלקנה,מוסך מורשה,לא ידוע קוד 0,א.ת. אלקנה,053-7289305,,23538374,2,מכונאות רכב בנזין | מכונאות רכב דיזל,ערן גנה
45127,מוסך הקריה,מוסך מורשה,לא ידוע קוד 0,א.ת. קרית ארבע,02-9961501,,,1,אוטוטק רכב קל,פוטש יהונתן
45129,בסאמכו בע מ,מוסך רישוי לרכב חדש,מישור אדומים,תלמי יוסף 12,054-5978195,98510,514587476,1,רישום ראשוני לרכב חדש,חג'יר עבד אללה
45130,רכסים זיוודי עילית בע מ,לא ידוע קוד 0,ברקן,רחבעם זאבי 10 ברקן,055-6655665,,514536820,1,רישום ראשוני לרכב חדש,רכס נמרוד רפ
45131,מוסך ישראלי שירותי רכב ומיכון,מוסך מורשה,שילה,אש קודש,052-3114927,44830,,4,מכונאות רכב בנזין | מכונאות רכב דיזל | חשמלאות רכב | אוטוטק טרקטורים ומכונות ניידות,ישי ישראלי
45133,א.א. טוויל עסקי רכב בע מ,מוסך מורשה,לא ידוע קוד 0,אופירה 16 מישור אדומים,02-5011545,,515694495,7,מכונאות רכב בנזין | מכונאות רכב דיזל | מכונאות דיזל משאיות ואוטובוסים | תיקון אחזקת רכב חשמלי/היברידי | תיקון מרכבי רכב | צבעות רכב | שירות תיקון למזגן אויר לרכב,אבידן אליהו | קאוואסמי מראד
45135,מוסך חופים,מוסך מורשה,מישור אדומים,רח' פריגן 11,02-5099606,,54854690,2,מכונאות רכב בנזין | מכונאות רכב דיזל,דבורי אבנר
45136,מוסך האחים,מוסך מורשה,מישור אדומים,ימית 12,02-9968485,,,2,מכונאות רכב בנזין | מכונאות רכב דיזל,יוסף מוסטפה
45137,מוסך קלותי במישור,מוסך מורשה,מישור אדומים,האוגדה  23,02-5904870,,514826254,4,מכונאות רכב בנזין | מכונאות רכב דיזל | מכונאות דיזל משאיות ואוטובוסים | תיקון אחזקת רכב חשמלי/היברידי,בנג'ו משה
45138,מוסך פרפקט 1,מוסך מורשה,מישור אדומים,פריגן 20  מישור אדומים,054-4567482,,81015273,2,תיקון מרכבי רכב | צבעות רכב,עבדו עלאא | פחאם דייב
45139,המלגזה בע מ,מוסך מורשה,ברקן,האודם 2/6 א.ת. ברקן,03-7793077,,514156108,3,תיקון אחזקת רכב חשמלי/היברידי | אישור כשירות לצמ ה ומכונה ניידת | אוטוטק טרקטורים ומכונות ניידות,זגרון נסים
45140,רועי מוטור,מוסך מורשה,מישור אדומים,נביעות 2 פינת שלהבת,02-5099970,,39996806,2,מכונאות אופנועים וקטנועים | תיקון טרקטורונים,דבריקו רועי
45142,גלובל הנדסה ר.ס.א בע מ,מוסך רישוי לרכב חדש,לא ידוע קוד 0,רח' יצחק שמיר א.ת. ברקן,00-0,,514505221,1,רישום ראשוני לרכב חדש,נאשף יוסף
45143,צמיגי דודו גרשון בע מ,מוסך מורשה,לא ידוע קוד 0,פארק תעשיות שער בנימין בנין 601,02-6783119,,513341644,1,תיקון והחלפת צמיגים,דוד גרשון
45144,ר.פ. המרכז לפחחות ותיקוני רכב,מוסך מורשה,מישור אדומים,האוגדה 28 מישור אדומים,052-2463950,,40415853,1,תיקון מרכבי רכב,רמזי פרחאת
45145,אלחנן שרותי רכב,מוסך מורשה,לא ידוע קוד 0,חות גלעד,054-2858865,,,1,אוטוטק רכב קל,חייקין אלחנן דו
45146,פרונט השומרון,מוסך מורשה,אריאל,איזור התעשיה העבודה 5,03-9364747,,516198595,2,אוטוטק רכב קל | תיקון וכוון מתלים ברכב,פטיחוב מקסים
45148,א.ח.מ אנלימיתד סירוויס בע מ,מוסך מורשה,מישור אדומים,שדות 11,02-6648404,,,5,מכונאות רכב בנזין | מכונאות רכב דיזל | תיקון אחזקת רכב חשמלי/היברידי | תיקון מרכבי רכב | צבעות רכב,פראח שאדי | עבידאת עלי
45150,תודן  קור בע מ,מוסך מורשה,בית אריה-עופרים,חוטמית 7 בית אריה,03-5562328,,512546466,1,שירות תיקון למזגן אויר לרכב,מוקטה מוקד אברה
45151,ע.מ.ג,מוסך מורשה,מישור אדומים,שדות 11,052-2879101,,,2,מכונאות רכב בנזין | מכונאות רכב דיזל,גויילס עאדל
45154,קריספין תעשיות בע מ,מוסך רישוי לרכב חדש,מעלה אדומים,עצמונה 16,052-6868777,,516519543,1,רישום ראשוני לרכב חדש,אורן קריספין
45155,ישראמטל בע מ,מוסך רישוי לרכב חדש,אריאל,יסמין 27  א.ת אריאל,03-9655585,,511031551,1,רישום ראשוני לרכב חדש,פייבל אסף
45158,דריפטק,מוסך מורשה,אלפי מנשה,,052-6468272,,,2,מכונאות רכב בנזין | מכונאות רכב דיזל,גיקובאטי סמואל
45159,מכוניות האלה בע מ,מוסך מורשה,כפר עציון,,050-7890060,,513898668,1,תיקון והחלפת צמיגים,אבו טיר מוחמד
45160,נור דוקטור מוטורס בע מ,מוסך מורשה,מישור אדומים,הסופה 7,052-7866673,,516961935,1,אוטוטק רכב קל,אבו דעמוס נור א
45161,שגיא ע.ב בע מ,מוסך מורשה,ברקן,העינבר 8,074-7013777,,513800201,3,תיקון אחזקת רכב חשמלי/היברידי | תיקון מרכבי רכב | צבעות רכב,ברכה שמעון | אלדן משה
45164,מוסך לב המישור,מוסך מורשה,מעלה אדומים,שדות 11 מישור אדומים,02-5490335,,,2,אוטוטק רכב קל | תיקון וכוון מתלים ברכב,חלוואני חאמד
45165,מוסך א.דנאור פ. מרכז  שירות,מוסך מורשה,מישור אדומים,תלמי יוסף  15 מישור אדומים,02-4222041,,515633873,1,אוטוטק רכב קל,ג'אבר בלאל
45167,משה שרותי רכב,מוסך מורשה,מתתיהו,אזור תעשיה מתתיהו,054-5986683,,,3,מכונאות רכב בנזין | מכונאות רכב דיזל | תיקון אחזקת רכב חשמלי/היברידי,ניאזוב משה
45168,בירת הפחחות בע מ,מוסך מורשה,מעלה אדומים,שדות 15 א.תעשיה מישור אדומים,02-6739066,,516461191,2,תיקון מרכבי רכב | צבעות רכב,סלהב טארק
45170,מוסך מוסלם סלים,מוסך מורשה,מישור אדומים,חרובית 23 מישור אדומים,052-6925212,,,2,תיקון רדיאטורים )מצננים) | תיקון צנורות פליטה ודודי עמם,מוסלם אנטון
45171,מוסך אלקודס לדיזל,מוסך מורשה,מישור אדומים,פריגן 20 מישור אדומים,050-5667379,,,3,מכונאות רכב בנזין | מכונאות רכב דיזל | מכונאות דיזל משאיות ואוטובוסים,עיבדיה אבראהים
45172,הצמיג דודי נאסה בע מ,מוסך מורשה,מישור אדומים,נביעות 5 מישור אדומים,02-5321321,,512129651,2,תיקון והחלפת צמיגים | תיקון וכיול טכוגרפים,נאסה מנשה | נאסה דוד
45173,אלחנן פחחות וצבע,מוסך מורשה,עמנואל,א.ת עמנואל,050-2925797,,,1,אוטוטק מרכבי רכב וצביעתם,לוי ניב
45174,אקסטול -המרכז לפחחות וצבע,מוסך מורשה,מתתיהו,א.ת מתיתיהו,08-9100113,,,2,תיקון מרכבי רכב | צבעות רכב,מרטפלד יוסף
45175,עוראבי שירותי רכב,מוסך מורשה,מישור אדומים,אוגדה 43 מישור אדומים,054-7399143,,,5,מכונאות רכב בנזין | מכונאות רכב דיזל | מכונאות דיזל משאיות ואוטובוסים | תיקון מרכבי רכב | צבעות רכב,אבו טיר אחמד | מראר הישאם | עבדין רושדי
45176,מוסך שני האומנים י-ם בע מ,מוסך מורשה,מישור אדומים,חרובית 36 מישור אדומים,02-6712347,,511636151,5,מכונאות רכב בנזין | מכונאות רכב דיזל | תיקון אחזקת רכב חשמלי/היברידי | תיקון מרכבי רכב | צבעות רכב,יגן מאיר | לוי יהודה
45177,מוסך קלי ה אחזקות חקלאות בע מ,מוסך מורשה,קליה,קיבוץ קלי ה ד.נ ערבות הירדן,02-9936234,90666,513618751,6,מכונאות רכב בנזין | מכונאות רכב דיזל | תיקון אחזקת רכב חשמלי/היברידי | תיקון והחלפת צמיגים | טרקטורים ומכונות ניידות | תיקון מלגזות הרמה,טולדו דניאל פר | ליפשיץ יורם
45179,מוסך מיטב -שער בנימין,מוסך מורשה,לא ידוע קוד 0,פארק תעשיות שער בנימין,02-6366521,,514808690,1,אוטוטק רכב קל,שוויקי נדים
45180,דודו גסנר צמיגים מישור אדומים,מוסך מורשה,מישור אדומים,החברה הכלכלית 58,050-5636457,,,1,תיקון והחלפת צמיגים,גסנר ליאל סימ
45181,ק.א.ק פחחות וצבע רכב,מוסך מורשה,מישור אדומים,חרובית 25 מישור אדומים,054-5475502,,,2,תיקון מרכבי רכב | צבעות רכב,הזאילה חלדון
45184,א.ר.ה שירותי רכב,מוסך מורשה,מישור אדומים,,054-6066208,,,2,תיקון מרכבי רכב | צבעות רכב,אבו גוש גוואד
45185,דוקטור פחחות וצבע 1993,מוסך מורשה,מישור אדומים,פריגן 14 מישור אדומים,050-8544338,,,2,תיקון מרכבי רכב | צבעות רכב,אבו עודה פייצל | חלוואני עמאד
45186,מוסך סופר ר.מ בע מ,מוסך מורשה,מישור אדומים,שדות 7 מישור אדומים,052-2404642,,516988185,3,מכונאות רכב בנזין | מכונאות רכב דיזל | מכונאות דיזל משאיות ואוטובוסים,פתייאני פוואז
45187,מוסך הצוות את שחר שירותי רכב בע,מוסך מורשה,אריאל,הסחלב 22 אריאל,053-7550700,,516745874,3,אוטוטק רכב קל | תיקון מרכבי רכב | צבעות רכב,חדד אבשלום | דוויק אוסאמה
45188,דוקטור רכב הכל לרכב,מוסך מורשה,מישור אדומים,אוגדה 46 מישור אדומים,052-2051052,,,2,תיקון מרכבי רכב | צבעות רכב,טה זוהיר
45189,י.ס.מ קאר פיקס בע מ,מוסך מורשה,מישור אדומים,אוגדה 46 מישור אדומים,052-2888655,,517133724,2,תיקון מרכבי רכב | צבעות רכב,קנדי אמיר
45190,מוסך מוסטפא כלפאוי בע מ,מוסך מורשה,מישור אדומים,אוגדה 46 מישור אדומים,052-4050508,,517275533,3,מכונאות רכב בנזין | מכונאות רכב דיזל | מכונאות דיזל משאיות ואוטובוסים,דוויק עדלי
45191,אייץ בי אור פתרונות רכב בע מ,מוסך מורשה,מישור אדומים,נביעות 29 מישור אדומים,053-2216129,,517247896,2,תיקון מרכבי רכב | צבעות רכב,דוויק נעים
45192,פחחות וצבע אדם בע מ,מוסך מורשה,מישור אדומים,אוגדה 46 מישור אדומים,052-5865123,,517048849,2,תיקון מרכבי רכב | צבעות רכב,אבו ערפה מחמד
45193,שירות 10 און ליין בע מ,מוסך מורשה,מישור אדומים,חרובית 60 מישור אדומים,053-6666555,,514888361,2,מכונאות רכב בנזין | מכונאות רכב דיזל,רגאבי עבד אל ר
45194,אדם שירותי רכב,מוסך מורשה,מישור אדומים,פריגן 16 מישור אדומים,054-8343573,,,1,אוטוטק רכב קל,זעתרי סוהייב
45195,רעות מוטורס בע מ- מוסך דרך האבות,מוסך מורשה,אפרת,עמק ברכות 19 אזור תעשיה גוש עציון,052-6071184,,516104049,6,מכונאות רכב בנזין | מכונאות רכב דיזל | חשמלאות רכב | אוטוטק תיקון והחלפת צמיגים | אוטוטק מרכבי רכב וצביעתם | שירות תיקון למזגן אויר לרכב,פרץ מאיר | יהושע אבנר גרש
45197,ביטומאטיקס בע מ,מוסך מורשה,עמנואל,המתכת 2 עמנואל,052-3379768,,516712999,1,אוטוטק מרכבי רכב וצביעתם,אל אעסאם אמיר
45199,טופ פיניש,מוסך מורשה,מישור אדומים,תלמי יוסך 22 מישור אדומים,052-5630081,,,2,תיקון מרכבי רכב | צבעות רכב,טוויל סאבר
45200,טרייל - טק,מוסך מורשה,מישור אדומים,איתם 13 מישור אדומים,054-8151366,,,1,מכונאות רכב בנזין,שבי יעקב
45202,מוסך רפיק,מוסך מורשה,מישור אדומים,שדות 16,052-3523678,,,2,מכונאות רכב בנזין | מכונאות רכב דיזל,מוסטפא מחמד
60003,צמיגי נעמן  ) 2007 (  בשיר מחמוד,מוסך מורשה,עכו,רח' בלטימור 4,052-5332383,24103,200809895,1,תיקון והחלפת צמיגים,בשיר מחמוד
60007,מרכז שרות הוד אלרום בע מ,מוסך מורשה,עכו,ת.ד.2160 בלטימור 24,04-9819005,24103,514291178,6,מכונאות רכב בנזין | מכונאות רכב דיזל | תיקון אחזקת רכב חשמלי/היברידי | חשמלאות רכב | תיקון מרכבי רכב | שירות תיקון למזגן אויר לרכב,שאקר סקר | סקר שאכר | יונס היתם
60010,פואז גאזי נאסר - מוסך,מוסך מורשה,עיילבון,ת.ד.670 כפר-עילבון,04-6780816,16972,56273162,2,מכונאות רכב בנזין | מכונאות רכב דיזל,פואז גאזי
60013,מוסך יד המקצוענים בע מ,מוסך מורשה,שפרעם,ת.ד.545 - ע י מכון הרישוי,04-8451927,20200,510751217,2,מכונאות רכב בנזין | מכונאות רכב דיזל,נעמה רבאח
60014,רישוי זבידאת בע מ,מכון רישוי,ראש פינה,רח' ספיר 5  ת.ד 663  פארק תעשיות צ.ח.ר,04-6800528,12000,514318625,4,בדיקות עשן ברכב דיזל | בדיקות-רכב )קניה ומכירה) | מכון רישוי-פתוח לשרות הציבור | תיקון וכוון מתלים ברכב,ח'ליל יוסף
60016,אבו עואד מונדר צמיגי הבטיחות,מוסך מורשה,מג'דל שמס,מגדל שאמס - מכיוון נווה אטיב,04-6984595,12438,28199917,1,תיקון והחלפת צמיגים,אבו עואד מונדר
60018,זועבי עבדל חלים - חלומי,מוסך מורשה,נאעורה,ת.ד.1143,06-6532468,18950,55205843,3,מכונאות רכב בנזין | מכונאות רכב דיזל | מכונאות דיזל משאיות ואוטובוסים,זועבי עבדאלחלים
60021,נעמה מוחמד-מוסך העם,מוסך מורשה,שפרעם,א.תעשיה כביש ראשי,04-9860391,20200,55157747,3,מכונאות רכב בנזין | מכונאות רכב דיזל | שירות תיקון למזגן אויר לרכב,נעמה מוחמד
60022,אבו עבדו צמיגים,מוסך מורשה,סח'נין,ת.ד.2892 כביש ראשי,04-6746075,20173,26357624,1,תיקון והחלפת צמיגים,שאוהנה יאסר
60026,דמרי דוד - מוסך,מוסך מורשה,קריית שמונה,ת.ד. 907  א.תעשיה ישן,04-6951189,10200,54293501,3,מכונאות רכב בנזין | מכונאות רכב דיזל | תיקון אחזקת רכב חשמלי/היברידי,דמרי דוד | דמרי משה
60029,מוסך עוז אלי ובניו בע מ,מוסך מורשה,חיפה,רח אופיר 31 חוף שמן,04-8676562,32235,512412024,4,מכונאות רכב בנזין | מכונאות רכב דיזל | חשמלאות רכב | תיקון מרכבי רכב,יתח אליהו | לוסיא סאמר | עבדאללה סאלח
60035,דרעי מזגנים בע מ חיפה,מוסך מורשה,חיפה,רח השיש 47,04-8491665,26100,513484105,3,תיקון רדיאטורים )מצננים) | תיקון צנורות פליטה ודודי עמם | שירות תיקון למזגן אויר לרכב,דרעי אמנון | דרעי יהודה
60036,מטרו מוטור שיווק (1981) בע מ,מוסך מורשה,חדרה,רח' האומן 1,04-6679677,38501,510892490,3,תיקון והחלפת צמיגים | מכונאות אופנועים וקטנועים | תיקון טרקטורונים,וסרשטיין תום
60040,קתכדה קורן תמיר פנצריית או קי,מוסך מורשה,בנימינה-גבעת עדה*,תחנת דלק פז תד 252 בנימינה,04-6260538,30500,,1,תיקון והחלפת צמיגים,קתכדה תמיר
60044,מוסך הצפון בסול ובניו בע מ,מוסך מורשה,קריית ביאליק,ת.ד.1167 החרושת 86,04-8761447,27000,512315078,5,מכונאות רכב בנזין | מכונאות רכב דיזל | תיקון אחזקת רכב חשמלי/היברידי | תיקון והחלפת צמיגים | שירות תיקון למזגן אויר לרכב,בסול סלאם | חלבי סאפי
60046,חמזי שומלי - מוסך שומלי,מוסך מורשה,חדרה,בעלי המלאכה 23,04-6337785,38283,206295024,2,מכונאות רכב בנזין | מכונאות רכב דיזל,אליהו לוי
60055,מישיל ניקולא שירות ותיקון רכב בע,מוסך מורשה,מעיליא,ת.ד.52 א.תעשיה,04-9570928,25140,516288123,2,מכונאות רכב בנזין | מכונאות רכב דיזל,ניקולא מישל
60060,מוסך אמינות )פיני( 92 בע מ,מוסך מורשה,חיפה,החרמש 10 ת ד 25197,04-8727156,31250,511747032,6,מכונאות רכב בנזין | מכונאות רכב דיזל | תיקון אחזקת רכב חשמלי/היברידי | תיקון מרכבי רכב | צבעות רכב | שירות תיקון למזגן אויר לרכב,קריספל פנחס | פיני קריספל
60064,מוסך בני יוסף טאהא  בע מ,מוסך מורשה,כפר מנדא,ת.ד. 293,04-9864447,17907,514701838,2,מכונאות רכב בנזין | מכונאות רכב דיזל,טאהא מוחמד
60065,מאהר שרותי חשמל לרכב בע מ,מוסך מורשה,חיפה,ת.ד.10622 קצנשטיין 6 ע י בלובנד,04-8423774,26110,514071273,1,חשמלאות רכב,חוריה שפיק
60070,אוטו טק בע מ מכונאות פחחות וצבע,מוסך מורשה,חיפה,רח האשלג 25 מפרץ,04-8413985,32951,512267329,6,מכונאות רכב בנזין | מכונאות רכב דיזל | תיקון אחזקת רכב חשמלי/היברידי | תיקון מרכבי רכב | צבעות רכב | תיקון וכוון מתלים ברכב,נג'אר ג'יריס | נג'אר ג'ריס | נג'אר פיטר
60077,טייכטל שמואל - חשמל רכב מולי,מוסך מורשה,חיפה,האשלג 21 תד.3701,04-8420164,,51983229,2,חשמלאות רכב | שירות תיקון למזגן אויר לרכב,טייכטל שמואל
60078,גראיסי עאיד  ובניו בע מ,מוסך מורשה,נצרת,דרך המחצבה - איזור תעשיה,04-6562231,16000,515409704,2,תיקון מרכבי רכב | צבעות רכב,ג'ראיסה בסאם
60083,בורהאן ברגות פחחות וצבע לרכב,מוסך מורשה,נצרת,המחצבות ת ד 438,04-6570377,16000,,1,אוטוטק מרכבי רכב וצביעתם +מסגרות,ברגות ראוי
60086,הנטר פרונט בע מ,מוסך רישוי לציוד חקלאי,חיפה,רח' מקלף 30 ת.ד' 25178,04-8419656,31250,514078823,7,אוטוטק רכב קל | תיקון אחזקת רכב חשמלי/היברידי | מוסך רישוי לציוד חקלאי | טרקטורים ומכונות ניידות | תיקון מלגזות הרמה | תיקון וכוון מתלים ברכב | בדיקת רכב לאחר תאונה,חסון יוסף | חסון תאופיק
60097,עואד עמאד לוטוס מכונאות רכב,מוסך מורשה,כפר יאסיף,א. תעשי  ת.ד  1568,04-9561625,24908,59451690,1,אוטוטק רכב קל,עווד עמאד
60106,כרים תואפיק - מכונאות רכב,מוסך מורשה,משהד,ת.ד.  312,050-5244767,16967,56337504,5,מכונאות רכב בנזין | מכונאות רכב דיזל | אישור כשירות לצמ ה ומכונה ניידת | טרקטורים ומכונות ניידות | תיקון מלגזות הרמה,כרים תואפיק | כריים תאופיק
60107,עווד  תאופיק,מוסך מורשה,טמרה,ת.ד. 638 תמרה,052-4303304,24930,23328677,1,תיקון רדיאטורים )מצננים),עווד תאופיק
60112,אבו סאלח פרחאת מוחמד דר' פורד,מוסך מורשה,סח'נין,ת.ד.1607 א.תעשיה,050-7755397,20173,558409165,4,מכונאות רכב בנזין | מכונאות רכב דיזל | בדיקות-רכב )קניה ומכירה) | בדיקת רכב לאחר תאונה,אבו סאלח מוחמד | אבו סלאח מוחמד
60114,אסטיס אלכסנדר מוסך אלכס למכונאות,מוסך מורשה,חדרה,א.תעשייה ישן האומן 8,04-6226127,38134,,3,מכונאות רכב בנזין | מכונאות רכב דיזל | תיקון אחזקת רכב חשמלי/היברידי,אסטיס אלדר
60117,סופר טסט חיפה (2003)בע מ,מוסך מורשה,חיפה,רח האשלג 3,04-8415054,31250,513355156,3,מכונאות רכב בנזין | מכונאות רכב דיזל | בדיקות-רכב )קניה ומכירה),בהט גיל משה
60125,מוסך אוטו עילית,מוסך מורשה,טבריה,ת.ד. 3473 טבריה עילית,052-2666673,14100,,2,תיקון מרכבי רכב | צבעות רכב,מעבוכ נסים
60126,זבידאת עאהד תיקון צמיגים,מוסך מורשה,בסמת טבעון,בסמת טבעון תד'1200,04-9837980,36000,,1,תיקון והחלפת צמיגים,זובידאת עאהד
60131,צמיגי זחאלקה את זינאת בע מ,מוסך מורשה,כפר קרע,כביש ראשי ת.ד. 458,04-6355190,30075,514115633,1,תיקון והחלפת צמיגים,זחאלקה מוחמד
60132,א.ח.דהאר בע מ,מוסך מורשה,נצרת,ת.ד.309 א.תעשיה,04-6554134,16000,512308099,3,מכונאות רכב בנזין | מכונאות רכב דיזל | צבעות רכב,ח'טיב ג'יהאד | דהאר עדאל
60138,צמיגי בזק בע מ,מוסך מורשה,חיפה,המוסכים 21,04-8411014,32960,511169872,1,תיקון והחלפת צמיגים,לוש עמוס
60141,מוסך ארו - יפן בע מ,מוסך מורשה,חדרה,החרש 11 ת.ד.3551,04-6248484,38134,512868902,4,מכונאות רכב בנזין | מכונאות רכב דיזל | תיקון אחזקת רכב חשמלי/היברידי | אוטוטק מרכבי רכב וצביעתם +מסגרות,פישביין משה | פישביין דין
60147,והבי רוני - מוסך פחחות וצבע,מוסך מורשה,דאלית אל-כרמל,צומת אלמוחרקה רחוב מלאאת אלריש,053-2765031,30056,200559169,2,תיקון מרכבי רכב | צבעות רכב,והבי רוני
60151,אבו שהאב עזמי מוסך הנאמנים 2000,מוסך מורשה,נצרת,ת.ד.4223 א.תעשיה,054-4317335,16000,,2,תיקון מרכבי רכב | צבעות רכב,אבו שהאב עזמי | שריף מוחמד
60153,בסול גאנם מחמוד - מכונאות,מוסך מורשה,נצרת,ת.ד.694 )רינה( רח' המחצבה,04-6464032,16000,50470285,2,מכונאות רכב בנזין | מכונאות רכב דיזל,בסול גאנם
60154,מולא אג'ואד  מוסך הבוחנים,מוסך מורשה,ירכא,ת.ד. 1152 א.תעשיה,054-4412519,24967,65934275,2,תיקון אחזקת רכב חשמלי/היברידי | חשמלאות רכב,מולא אג'ווד | מולא אג'ואד
60155,מטאנס שיבלי - מוסך טארק,מוסך מורשה,כפר יאסיף,א.תעשיה ת.ד.3331,04-9562105,24908,59312165,2,מכונאות רכב בנזין | מכונאות רכב דיזל,מטאנס שיבלי | מטאנס שבלי
60162,דרייב אין הצפון (05) בע מ,מוסך מורשה,קריית ביאליק,החרושת 60 א.תעשיה,04-8777107,27000,513737973,2,תיקון מרכבי רכב | צבעות רכב,מוג'רבי עבד
60174,עדנאן ותאמר בע מ - מוסך,מוסך מורשה,רמת ישי,ת.ד. 151 א.תעשיה,050-5257102,30095,512142134,5,מכונאות רכב בנזין | מכונאות רכב דיזל | תיקון מרכבי רכב | צבעות רכב | שירות תיקון למזגן אויר לרכב,עבדאללה עדנאן | עטאריה מוחמד
60179,גזיאל שלום - מוסך,מוסך מורשה,רמת ישי,ת.ד. 7 הארז 52,052-4680090,30095,61765244,3,מכונאות רכב בנזין | מכונאות רכב דיזל | תיקון טרקטורונים,גזיאל שלום
60181,עאהד סעדי - מכונאות רכב,מוסך מורשה,בסמת טבעון,רח יצחק רבין 48,04-9931333,36920,59942623,2,מכונאות רכב בנזין | מכונאות רכב דיזל,ביצצו יוסף
60186,חניפס האני מוסך 10 לפחחות רכב,מוסך מורשה,חיפה,רח חורי 7,04-8626275,33045,,2,תיקון מרכבי רכב | צבעות רכב,חניפס האני | גלט אברהם
60188,גנאים חוסני צמיגי ריאן כרכור,מוסך מורשה,פרדס חנה-כרכור,קניונוע דלק אלונית כרכור,04-6377287,37000,,1,תיקון והחלפת צמיגים,גנאים חוסני
60190,מוסך מחניים בע מ קיבוץ מחניים,מוסך מורשה,מחניים,ד.נ.גליל עליון,04-6933767,12315,513919761,6,מכונאות רכב בנזין | מכונאות רכב דיזל | אישור כשירות לצמ ה ומכונה ניידת | טרקטורים ומכונות ניידות | תיקון טרקטורונים | תיקון מלגזות הרמה,זאב שמיר
60193,מרוץ  ש.א הקריות בע מ,מוסך מורשה,קריית ביאליק,ת.ד. 9126  יוסף לוי 27,04-8402213,31071,513616011,5,מכונאות רכב בנזין | מכונאות רכב דיזל | תיקון אחזקת רכב חשמלי/היברידי | תיקון מרכבי רכב | צבעות רכב,עמר אברהם | עמורי תייסיר
60199,גולן שמעון מוסך אופנועים,מוסך מורשה,חדרה,ת.ד. 3597 א.תעשיה ישן,04-6225859,38134,22245443,2,מכונאות אופנועים וקטנועים | תיקון טרקטורונים,גולן שמעון
60200,אגבריה מוסטפא - חשמל ומיזוג אויר,מוסך מורשה,אום אל-פחם,ת.ד.73 בסמ ה מועאויה,050-5389985,30023,58565284,2,חשמלאות רכב | שירות תיקון למזגן אויר לרכב,אגבריה מוסטפא
60203,מוסך חאג' אמיל בע מ,מוסך מורשה,כפר יאסיף,ת.ד.2282 א.תעשיה,04-9567365,24908,515906469,4,מכונאות רכב בנזין | מכונאות רכב דיזל | מכונאות דיזל משאיות ואוטובוסים | חשמלאות רכב,חאג' עאדל
60205,מגדוב עפיף צמיגי מוחמד אבו סנאן,מוסך מורשה,אבו סנאן,ת.ד.479 כביש ראשיאבו סנאן,04-9965238,24905,,4,מכונאות רכב בנזין | מכונאות רכב דיזל | תיקון והחלפת צמיגים | תיקון וכוון מתלים ברכב,סויטי אכרם | מגדוב עפיף
60221,ד.שוקרון כיווני פרונט 2014 בע מ,מוסך מורשה,חיפה,האיטלקים 3,04-8535871,33266,514851609,1,תיקון וכוון מתלים ברכב,דוד שוקרון
60227,גד אל - ציוד תברואה בע מ,מוסך מורשה,קריית אתא,ת.ד.471 קרן היסוד 25,04-8414884,28000,510715279,3,אישור כשירות לצמ ה ומכונה ניידת | טרקטורים ומכונות ניידות | תיקון מלגזות הרמה,אורן אייל
60229,יו.אמ.איי.מרכז שרות חיפה בע מ,מוסך מורשה,חיפה,שד'ההסתדרות 40,04-8817601,32960,513379503,6,מכונאות רכב בנזין | מכונאות רכב דיזל | תיקון אחזקת רכב חשמלי/היברידי | תיקון מרכבי רכב | צבעות רכב | בדיקות-רכב )קניה ומכירה),עוביד זועבי מוח | חמו אברהם
60232,מסרי חאלד איברהים - פרונט בקה,מוסך מורשה,באקה אל-גרביה,בקה - במשולש,04-6381458,30100,23126220,1,תיקון וכוון מתלים ברכב,מסרי חאלד
60235,חתחות סלוא  מוסך השלושה,מוסך מורשה,עכו,ת.ד.2964 הגדוד 22,04-9915626,24516,,2,תיקון מרכבי רכב | צבעות רכב,חתחות ח'אלד
60245,שיבאן עיסא חנא,מוסך מורשה,ראמה,כפר ראמה,04-9881755,30055,200985604,2,מכונאות רכב בנזין | מכונאות רכב דיזל,שיבאן עיסא
60246,דאוד מונדר נכסים,מוסך מורשה,כפר יאסיף,א.תעשיה ת.ד. 326,052-5088895,24908,,2,תיקון מרכבי רכב | צבעות רכב,דאוד מונדר
60251,חאלילה  הלאל - מוסך ח'לאילה,מוסך מורשה,סח'נין,ת.ד.3822  ביציאה לכוון עראבה בעלייה,054-6985330,20173,301261046,1,אוטוטק רכב קל,ח'לאילה הילאל
60257,ס.מ.א.ח.לרכב 2001 בע מ,מוסך מורשה,כרמיאל,החרמש 7 ת.ד.1027,04-9586418,20100,513165985,2,מכונאות רכב בנזין | מכונאות רכב דיזל,מריסאת אחמד
60258,בן חיים אור  שרותי רכב,מוסך מורשה,מגדל העמק,אזור תעשיה תד' 3515,04-6588850,10500,307991224,4,מכונאות רכב בנזין | מכונאות רכב דיזל | חשמלאות רכב | שירות תיקון למזגן אויר לרכב,בן חיים הרצל | בן-חיים הרצל
60261,עמאד את עודאי עבד אלחילים,מוסך מורשה,מנשית זבדה,מנשיה זבדה ד.נ.עמקים,052-3408844,30910,316066620,2,מכונאות רכב בנזין | מכונאות רכב דיזל,אילון אליעזר
60264,מוסך ח.א.עפולה בע מ,מוסך מורשה,עפולה,חרוד 4 א.תעשיה,052-4631220,18712,514866185,2,תיקון מרכבי רכב | צבעות רכב,חרבג'י חוסאם
60267,מ.מ.ס.י.שרותי דרך וגרירה בע מ,מוסך מורשה,חיפה,הבונים החופשיים 6  ת ד 25588,04-6101200,32960,514257278,5,מכונאות רכב בנזין | מכונאות רכב דיזל | תיקון אחזקת רכב חשמלי/היברידי | תיקון מרכבי רכב | צבעות רכב,מג'דוב איאד | בחוס פהים | גרוטס יצחק
60269,שלאעטה מוסטפא - מוסך אבו גזאלה,מוסך מורשה,סח'נין,אזור תעשיה חדש סכנין,052-6050660,30810,,2,תיקון מרכבי רכב | צבעות רכב,שלאעטה סלאח
60272,חטאב מוחמד - חשמלאות רכב,מוסך מורשה,נצרת,ת.ד.6319 דרך המחצבה,04-6010547,16000,28221745,1,חשמלאות רכב,חטאב מוחמד
60276,עאמר מחמוד מוסך צק פוסט,מוסך מורשה,חיפה,המוסכים 27,04-8490939,26111,,2,מכונאות רכב בנזין | מכונאות רכב דיזל,עאמר מחמוד
60282,דרוקר ישראל מכוני הספידומטר ינקו,מוסך מורשה,עפולה,ת.ד.1119 רמז 4  עפולה עילית,04-6400963,18110,,2,תיקון מחוונים | תיקון וכיול טכוגרפים,דרוקר ישראל
60288,עזאם עזיז - מוסך,מוסך מורשה,עכו,רח הגדוד 22,04-9913133,24103,305200404,1,תיקון מרכבי רכב,עזאם עזיז
60290,מוראד היתם פנצרית לונה 2010,מוסך מורשה,חיפה,רח השיש 49,04-8424876,32960,,1,תיקון והחלפת צמיגים,מוראד היתם
60295,בוזגלו מימון - מכונאות רכב,מוסך מורשה,נשר,ת.ד. 8819 נשר,04-8210546,20300,64207426,2,מכונאות רכב בנזין | מכונאות רכב דיזל,מימון בוזגלו
60297,מחמד גבארין - חשמל רכב פנדי,מוסך מורשה,אום אל-פחם,ת.דלק דור ת ד 7753,050-5698985,30010,203933932,2,חשמלאות רכב | שירות תיקון למזגן אויר לרכב,גבארין מוסאפנדי
60298,מוסך מ.ד. הצפון,מוסך מורשה,כסרא,אזור תעשיה החדש כסרא פקיעין,054-8110338,25180,66008475,3,מכונאות רכב בנזין | מכונאות רכב דיזל | מכונאות דיזל משאיות ואוטובוסים,דאהוד מוחמד
60301,א.אחים צאדק בע מ,מוסך מורשה,באקה אל-גרביה,ת.ד.1017 א.תעשיה,04-6280342,30100,514852177,1,תיקון והחלפת צמיגים,פטימה אמיר
60303,קתחודה זקי - תיקון צמיגים,מוסך מורשה,חדרה,רח צהל תחנת דלק פז,050-6599088,38220,26195677,1,תיקון והחלפת צמיגים,קתחודה זקי
60313,מוסכי צ.מ.ח בע מ,מוסך מורשה,חיפה,החרמש 22 מפרץ,04-8722734,26111,510825649,3,אישור כשירות לצמ ה ומכונה ניידת | טרקטורים ומכונות ניידות | תיקון מלגזות הרמה,דדון אברהם
60314,לרט ערן - אופנועים,מוסך מורשה,חצור הגלילית,א.תעשיה ת.ד.1116 ראש פינה,04-6935566,10300,24587099,3,תיקון והחלפת צמיגים | מכונאות אופנועים וקטנועים | תיקון טרקטורונים,לרט עירן | לרט ערן
60318,גירומטיק - מכון לגירים אוטו בע מ,מוסך מורשה,חיפה,רח המוסכים 51,04-8416363,32960,511340309,1,תיקון תיבות הילוכים אוטומטיות,הרץ יוסף
60319,ביטון אריה מוסך א.ב חיפה,מוסך מורשה,חיפה,השיש 21 מפרץ,04-8769939,26292,,2,מכונאות רכב בנזין | מכונאות רכב דיזל,רויטמן סמואל
60321,וחיד כסאברי טכנו פרונט יפיעאליאס,מוסך מורשה,יפיע,ת.ד.12 יפיע,04-6562094,16955,34008037,1,תיקון וכוון מתלים ברכב,מרגיה יעקוב
60324,א.ד.מוסך דיזל 2002 בע מ,מוסך מורשה,כפר כנא,א.תעשיה חדש,04-6418470,16930,513267591,3,מכונאות רכב בנזין | מכונאות רכב דיזל | מכונאות דיזל משאיות ואוטובוסים,דראושה ח'דר
60325,סייף סייף סוהיל,מוסך מורשה,שפרעם,אל המעין - שפרעם,04-9869016,20200,26166561,1,תיקון והחלפת צמיגים,סייף סייף סוהיל
60326,משארקה מוחמד בע מ,מוסך מורשה,עפולה,קהילת ציון 6/7,04-6597003,18301,512032863,2,תיקון מרכבי רכב | צבעות רכב,זהר עאמר
60327,נגררי מתכת התבור בע מ,מוסך רישוי לרכב חדש,שדה נחום,א.ת. פארק הצבאים,04-9535051,18350,515363398,3,מכונאות דיזל משאיות ואוטובוסים | מסגרות רכב )תיקון ארגזים) | רישום ראשוני לרכב חדש,עביד זועבי מאהר | שיבלי סופיאן
60328,מוסך א.א.גל שירות וסחר בע מ,מוסך מורשה,קריית ביאליק,ת.ד.9579 החרושת 53,04-8741321,27000,512844374,3,אישור כשירות לצמ ה ומכונה ניידת | טרקטורים ומכונות ניידות | תיקון מלגזות הרמה,גיציס אלכסנדר
60329,בני משה ביטון - ד.א.י.ש.בע מ,מוסך מורשה,עפולה,רח היצירה 13,04-6597474,18350,511036832,1,תיקון והחלפת צמיגים,מנסור שאדי
60344,מוסך קורטאם לדיזלים,מוסך מורשה,חיפה,בהרב יקותיאל 47 תד' 10899,04-8411140,26119,59429191,4,מכונאות רכב דיזל | מכונאות דיזל משאיות ואוטובוסים | טרקטורים ומכונות ניידות | תיקון מלגזות הרמה,קורטאם וליד | קורטאם נימר
60345,מוסך דיזל חסן שהואן בע מ,מוסך מורשה,אכסאל,איכסאל ת.ד 673 א.תעשיה,04-6560357,16920,511510299,7,מכונאות רכב בנזין | מכונאות רכב דיזל | מכונאות דיזל משאיות ואוטובוסים | חשמלאות רכב | תחזוקה ובדיקת מערכת כיבוי אש באוטו' | מוסך נייד לחילוץ ולתיקוני חירום | שירות תיקון למזגן אויר לרכב,שהואן תופיק | עומרי מחמוד | שהואן תאופיק
60346,צמיגי כרמל בע מ,מוסך מורשה,קיסריה,תחנת דלק פז קסרייה,052-5133122,38111,511577116,1,תיקון והחלפת צמיגים,עודה עלי
60347,יוסי סעדה שירות לרכב יוסי,מוסך מורשה,בנימינה-גבעת עדה*,המלאכה 14 א.ת. הרכבת,050-8284075,30500,33816950,3,מכונאות רכב בנזין | מכונאות רכב דיזל | תיקון אחזקת רכב חשמלי/היברידי,סעדה יוסי
60349,גבריס בסאם - מוסך הצומת,מוסך מורשה,אעבלין,ת.ד.216,04-9500689,30012,55780738,2,מכונאות רכב בנזין | מכונאות רכב דיזל,גבריס באסם
60350,שאמי לואי אור הצפון,מוסך מורשה,עכו,בלטימור א.תעשיה,04-9915453,24103,,2,מכונאות רכב בנזין | מכונאות רכב דיזל,אייימן קטישיה | איימן קטישיה
60351,קריבסקי ולדמיר את עפר מוסך הגראג,מוסך מורשה,חצור הגלילית,ת.ד. 13   א.תעשיה,04-6801058,10300,321975369,3,מכונאות רכב בנזין | מכונאות רכב דיזל | תיקון וכוון מתלים ברכב,קריבסקי ולדימיר
60352,ע.ח'וטבא  מוסך 2000  בע מ,מוסך מורשה,עראבה,א.תעשיה ת.ד.314,04-6747092,24945,514531706,4,מכונאות רכב בנזין | מכונאות רכב דיזל | תיקון מרכבי רכב | צבעות רכב,חוטבא חאלד | ח'וטבא עבדאללה
60355,מוסך הגליל,מוסך מורשה,טבריה,רח השקדים א.תעשיה,04-6723170,14200,,4,מכונאות רכב בנזין | מכונאות רכב דיזל | תיקון והחלפת צמיגים | תיקון וכוון מתלים ברכב,מדאר עומר
60356,בני משה ביטון ד.א.ש.בע מ,מוסך מורשה,בית שאן,ת.ד.310 א.תעשיה צפוני,04-6481321,10900,511036832,1,תיקון והחלפת צמיגים,ביטון אלי
60364,כהן יצחק  מוסך א.א. ימית,מוסך מורשה,טבריה,רח יהודה לוי א.תעשיה,04-6721193,14246,,2,מכונאות רכב בנזין | מכונאות רכב דיזל,כהן יצחק
60366,מכון רישוי חפר פ.א.בע מ,מכון רישוי,חדרה,ת.ד.3400 א.ת.דרומי,04-6339416,38133,511088122,2,בדיקות עשן ברכב דיזל | מכון רישוי-פתוח לשרות הציבור,פרנק דן
60370,שעיבי טל מוסך אוטו סירויס,מוסך מורשה,חדרה,רחוב פרידלנדר 12 מול אליאנס,052-8119313,38134,,2,מכונאות רכב בנזין | מכונאות רכב דיזל,מור אורי
60371,דכואר - נאסיף המקצוען בצמיגים,מוסך מורשה,פסוטה,ת.ד.143 - פסוטה,052-2482385,25170,59477521,1,תיקון והחלפת צמיגים,דכואר נאסיף
60372,וליד מזגנים בע מ,מוסך רישוי לרכב חדש,סח'נין,ת.ד.2428,04-6740590,20173,512719048,2,רישום ראשוני לרכב חדש | שירות תיקון למזגן אויר לרכב,ח'לאילה סיהאם | גאליה ווליד
60373,דורון ארז מוסך פרג',מוסך מורשה,טבריה,ת.ד.1725 רח הירדן,04-6724777,14204,32383879,2,תיקון מרכבי רכב | צבעות רכב,דורון ארז
60375,מוסך צחי בע מ,מוסך מורשה,טבריה,רח' יהודה הלוי 41,04-6712565,11415,514289214,3,מכונאות רכב בנזין | מכונאות רכב דיזל | תיקון אחזקת רכב חשמלי/היברידי,כהן צחי
60377,מרכז שרות הוד נהריה בע מ,מוסך מורשה,נהרייה,ת.ד.9031 א.תעשיה צפון,04-9829536,22108,513729434,5,מכונאות רכב בנזין | מכונאות רכב דיזל | תיקון אחזקת רכב חשמלי/היברידי | חשמלאות רכב | שירות תיקון למזגן אויר לרכב,קרביס דב
60378,קריספין יצחק - מכונאות רכב,מוסך מורשה,טבריה,ת.ד.752 י.הלוי,04-6716582,14246,51848992,1,מכונאות רכב בנזין,טויטו שושן
60381,מטיילי קרית-שמונה בע מ,מוסך מורשה,קריית שמונה,ת.ד.623 א.תעשיה צפון,04-6942098,10200,510823024,6,מכונאות רכב בנזין | מכונאות רכב דיזל | מכונאות דיזל משאיות ואוטובוסים | טרקטורים ומכונות ניידות | תיקון טרקטורונים | תיקון מלגזות הרמה,ירקוני דוד
60382,מוסך הכרמל אהרון את חסון בע מ,מוסך מורשה,עספיא,שדרות אבא חושי,04-8391334,30090,512095803,2,מכונאות רכב בנזין | מכונאות רכב דיזל,סויטאת מוחמד
60388,מוסכי בוטרוס ג'בור בע מ,מוסך מורשה,מעלות-תרשיחא,רח' החרושת 15 ת.ד 204,04-9575222,24952,513698878,4,מכונאות רכב בנזין | מכונאות רכב דיזל | תיקון אחזקת רכב חשמלי/היברידי | אוטוטק מרכבי רכב וצביעתם +מסגרות,ג'בור בוטרוס | זאיד נסיב
60390,גאזלין סמיח מוסך יפיע מוטורס,מוסך מורשה,יפיע,כביש ראשי ת ד 1402,050-6520081,16955,,2,מכונאות רכב בנזין | מכונאות רכב דיזל,כנאנה מופיק
60392,טאה חאלד מחמוד,מוסך מורשה,כאבול,ת.ד.984  דרך אלסהל,050-5777822,24963,,2,מכונאות רכב בנזין | מכונאות רכב דיזל,טאהא ח'אלד
60395,רבינוביץ סטניסלב סרוויס קאר,מוסך מורשה,נשר,דרך בר יהודה 147,04-8200056,20302,,3,מכונאות רכב בנזין | מכונאות רכב דיזל | תיקון וכוון מתלים ברכב,חרמאן יוסף
60400,עבדו רוני - מוסך רוני,מוסך מורשה,מעיליא,אזור תעשיה מעיליא,050-7542101,25140,,2,מכונאות רכב בנזין | מכונאות רכב דיזל,עבדו רוני
60402,סאלח אבו עביד בע מ,מוסך מורשה,עספיא,ת.ד.1330 כביש ראשי,054-6368888,30090,517082863,2,תיקון והחלפת צמיגים | תיקון וכוון מתלים ברכב,אבו עביד סאלח | ח'ואלד סאלח
60403,חלבי סאלח -עמיד את עדי שרותי רכב,מוסך מורשה,דאלית אל-כרמל,כביש ראשי,052-3492654,30056,20199279,2,מכונאות רכב בנזין | מכונאות רכב דיזל,זאהר רדא
60405,חצב נציגיות ) ק.שמונה(  בע מ,מוסך מורשה,קריית שמונה,קואפ ג.עליון ת.ד.476,04-8441122,10200,514739630,1,תיקון והחלפת צמיגים,חייים יהודה
60407,ברהם אחמד - פנצריה,מוסך מורשה,חיפה,שד ההסתדרות 178,052-7265758,32960,53875795,1,תיקון והחלפת צמיגים,ברהם אחמד
60409,גורפינקל אלכס,מוסך מורשה,חדרה,פרידלנדר 4 א.תעשיה,04-6222641,38490,306537069,2,מכונאות רכב בנזין | מכונאות רכב דיזל,גורפינקל אלכס
60414,ח.נ. בוסקילה בע ם,מוסך מורשה,נהרייה,ד.נ.גליל מערבי -ת.ד.לימן,04-9827438,22821,517266953,1,תיקון והחלפת צמיגים,בוסקילה חיים
60415,אבו זייד אברהים הצמיג המעולה,מוסך מורשה,דייר אל-אסד,ת.ד. 1099  דיר אל אסד,04-9584735,20188,56343049,1,תיקון והחלפת צמיגים,אבו זייד אברהים
60418,ר.עולם הצמיגים בע מ,מוסך מורשה,חיפה,ת.ד.10605 השיש 36,04-8403760,26119,513173864,1,תיקון והחלפת צמיגים,אבו חדרה מאגד
60422,מימון מיזוג אויר לרכב בע מ,מוסך מורשה,עכו,ת.ד.12015 א.תעשיה בלטימור 5,04-9917777,24100,512706383,1,שירות תיקון למזגן אויר לרכב,בן-עזרא מימון
60426,מוסך רון וצמיגי סארי,מוסך מורשה,חיפה,הנפח 26 ת.ד.25070,04-8414743,31250,204585988,4,מכונאות רכב בנזין | מכונאות רכב דיזל | תיקון והחלפת צמיגים | תיקון וכוון מתלים ברכב,מוסקוביץ צבי | מוסקוביץ אהרן
60427,ביבאר רזק - מ.ר מוטורוס,מוסך מורשה,גת בגליל,ת.ד.67 גת הגלילית,04-9563383,25251,,5,מכונאות רכב בנזין | מכונאות רכב דיזל | תיקון והחלפת צמיגים | טרקטורים ומכונות ניידות | שירות תיקון למזגן אויר לרכב,ביבאר גאזל | ביבאר ריזק
60430,מוסך חליל עמאש בע מ,מוסך מורשה,חדרה,קומבה 6,04-6222856,38000,517115473,2,מכונאות רכב בנזין | מכונאות רכב דיזל,כהן אפרים
60432,סייד אחמד באסם - מוסך,מוסך מורשה,סח'נין,ת.ד.3260  אחרי מגרש דוחא,050-7219420,20173,57022105,2,מכונאות רכב בנזין | מכונאות רכב דיזל,סייד אחמד באסם
60434,מוסך מוניטין בע מ,מוסך מורשה,חיפה,ת.ד.25142 בעלי המלאכה 22,04-8403023,31250,511205585,4,מכונאות רכב בנזין | מכונאות רכב דיזל | תיקון מרכבי רכב | צבעות רכב,עבדאלהאדי איימן | עבד אלהאדי
60435,חטיב לואי בע ם,מוסך מורשה,עראבה,כביש ראשי ת.ד.30812,052-4468991,24945,515568525,3,מכונאות רכב בנזין | מכונאות רכב דיזל | מכונאות דיזל משאיות ואוטובוסים,חטיב אדהם
60436,שמאלי מוטורס בע מ,מוסך מורשה,עראבה,ת.ד.216  כביש ראשי 805,04-6746763,24945,513233817,2,מכונאות רכב בנזין | מכונאות רכב דיזל,שמאלי ראאף
60441,שאול רונן מוסך כל אוטו,מוסך מורשה,עפולה,ת.ד.2183 רח' בגין 2,04-6490121,18127,,1,אוטוטק רכב קל,זועבי פאיז עביד
60442,נאזם - מואס פחחות המפרץ,מוסך מורשה,חיפה,רחוב השיש 35,054-3928366,32960,26467746,1,תיקון מרכבי רכב,נאזם אבו להיגא
60444,מוסך משגב האיזורי לפחחות 97 בע מ,מוסך מורשה,עראבה,כביש ראשי עראבה,054-4295528,24945,512450933,1,תיקון מרכבי רכב,חילו חאלד
60451,עואודה סובחי - מכונאות רכב,מוסך מורשה,כפר כנא,ת.ד. 60  א.תעשיה חדש,04-6418929,16930,53744843,2,מכונאות רכב בנזין | מכונאות רכב דיזל,עואודה סובחי
60454,אברהים אבו עייד - מוסך,מוסך מורשה,חמאם,ואדי חאמם -תד'26 טבריה,04-6724003,14970,59468124,2,מכונאות רכב בנזין | מכונאות רכב דיזל,אברהים אבו עייד
60456,אייקאר מ.ש.ט. בע מ,מוסך מורשה,קריית ביאליק,רח' הסדנא  9,073-2103400,27513,515138659,2,תיקון מרכבי רכב | צבעות רכב,עבוד נאדר
60460,ליאון פהים - מוסך,מוסך מורשה,שפרעם,א.תעשיה שפרעם,04-9504333,20200,54409453,1,תיקון מרכבי רכב,ליאון פהים
60462,קפיצי נצרת בע מ,מוסך מורשה,נצרת,ת.ד.20070 א.ת.חדש ציפורי,050-5325367,16000,513054122,1,תיקון קפיצים ברכב מנועי,עומר קאסם
60464,דאוד האני מוסך הכפר,מוסך מורשה,מעלות-תרשיחא,ת.ד.5182 א.תעשיה,052-2483527,24952,,2,מכונאות רכב בנזין | מכונאות רכב דיזל,דאוד האני
60466,עודאטללה אמין - מוסך,מוסך מורשה,עפולה,רח' המלאכה 8,050-5764379,18350,27605310,2,מכונאות רכב בנזין | מכונאות רכב דיזל,עודתאללה מאמון
60468,יוסף אבו סמרה-ואאל כריים  צמיגים,מוסך מורשה,גשר הזיו,ת.ד.436 או ת.ד.29  ת.דלק דור אלון,04-9520685,22815,56886955,1,תיקון והחלפת צמיגים,אבו סמרה יוסף
60469,אופרייט ליס בע מ,מוסך מורשה,עכו,ת.ד.38 שער נעמן 1 כביש שרות,052-2357293,24100,512584996,3,מכונאות רכב בנזין | מכונאות רכב דיזל | תיקון אחזקת רכב חשמלי/היברידי,בן ורד אריאל
60470,דראושה חוסאם - מוסך חוסאם,מוסך מורשה,עפולה,המלאכה 14 א.תעשיה,04-6594540,18252,55834543,2,מכונאות רכב בנזין | מכונאות רכב דיזל,דראושה עיסאם
60473,קעדאן פואז - פחחות רכב,מוסך מורשה,באקה אל-גרביה,ת.ד.2193 שכ' אלבאסה,050-9092000,30100,23382518,1,תיקון מרכבי רכב,קעדאן פואז
60476,מוסך ניסים את מוריס בע מ,מוסך מורשה,חיפה,ת.ד.10365 ההסתדרות 215,04-8727509,26114,512593336,2,תיקון מרכבי רכב | צבעות רכב,שחאדה ניסים | שחאדה מוריס
60482,מ.ת.מ.מוטורס בע מ,מוסך מורשה,חיפה,חת נחום 16,04-8550550,31905,512784208,6,מכונאות רכב בנזין | מכונאות רכב דיזל | תיקון אחזקת רכב חשמלי/היברידי | תיקון מרכבי רכב | צבעות רכב | תיקון וכוון מתלים ברכב,ממן רענן | מזרחי חי רפאל
60490,מוסך האחים תורגי חדרה בע מ,מוסך מורשה,חדרה,א.תעשייה דרומי,04-6342451,38110,512445164,3,אוטוטק רכב קל | תיקון אחזקת רכב חשמלי/היברידי | תיקון מרכבי רכב,תורג'י עידן | תורג'י עידן יהו | ג'בארין סאמר
60493,ח נ חשמלאות רכב בע מ,מוסך מורשה,ריינה,א.תעשיה,04-6561578,16100,512477928,2,חשמלאות רכב | תחזוקה ובדיקת מערכת כיבוי אש באוטו',עבאס חליל | ניגם מוחמד
60496,מוסך אראל 4+4 1999 בע מ,מוסך מורשה,חיפה,ההסתדרות 233,04-8414885,26113,512811522,2,מכונאות רכב בנזין | מכונאות רכב דיזל,יקואל שבתאי
60498,יוסף זעפרני מוסך זעפרני,מוסך מורשה,טבריה,יהודה הלוי 42 ת.ד. 68,04-6792891,14000,,3,מכונאות רכב בנזין | מכונאות רכב דיזל | תיקון והחלפת צמיגים,זעפרני יוסף
60499,עאבד סמיר  מוסך  אחים פראג',מוסך מורשה,מכר,ת.ד.595 אזור תעשיה,052-6486464,25105,55181713,2,מכונאות רכב בנזין | מכונאות רכב דיזל,עאבד סמיר
60500,שהאין עבוד - מוסך הגליל,מוסך מורשה,כפר יאסיף,ת.ד.864 כביש ראשי,04-9565315,24908,26228551,2,תיקון רדיאטורים )מצננים) | תיקון צנורות פליטה ודודי עמם,שהאין עבוד
60502,אשקאר גאמל - חשמל רכב,מוסך מורשה,קריית ביאליק,ת.ד.1379 החרושת 52,04-8761067,27511,57016255,1,חשמלאות רכב,גוטמן זאב
60507,סיבירצב אלכסנדר מוסך אוריון,מוסך מורשה,חיפה,האיצטדיון 21,04-8490218,26115,,2,מכונאות רכב בנזין | מכונאות רכב דיזל,סיבירצב אלכס | סיביבצב אלכס
60508,סתיתי סעיד מכון 2000 לפרונטים,מוסך מורשה,נצרת,א.ת רח' המחצבות ת.ד.9734,04-6456991,16000,23247307,1,תיקון וכוון מתלים ברכב,סתיתי סעיד
60509,על הגל שרותי רכב,מוסך מורשה,חדרה,א.ת.צפוני חדש,04-6330313,38102,,2,תיקון מרכבי רכב | צבעות רכב,ג'בארין ג'אבר | לחיאני מימון
60512,שחבארי זיאד - מוסך מכונאות רכב,מוסך מורשה,נצרת,רח' 5109 בית פרטי,052-2698989,16000,57578874,2,מכונאות רכב בנזין | מכונאות רכב דיזל,שחבארי זיאד
60513,אוטו רויאל בע מ,מוסך מורשה,חיפה,שלמה בן-יוסף 38,04-8406340,31253,510831910,4,מכונאות רכב בנזין | מכונאות רכב דיזל | תיקון מרכבי רכב | צבעות רכב,גבריאלי שאול | מבאריכי זאהי
60514,נג'אר סאמי ובניו בע מ,מוסך מורשה,קריית שמונה,ת.ד.345 א.תעשיה צפוני,04-6905533,10200,511265746,8,מכונאות רכב בנזין | מכונאות רכב דיזל | תיקון אחזקת רכב חשמלי/היברידי | חשמלאות רכב | תיקון מרכבי רכב | צבעות רכב | שירות תיקון למזגן אויר לרכב | בדיקת רכב לאחר תאונה,נגא'ר יוסף | נג'אר יוסף | נאגר מרואן
60519,מוסך חאלד עתאמלה בע מ,מוסך מורשה,כפר כנא,א.תעשיה חדש - כפר-כנא,04-6564182,16940,513185942,3,מכונאות רכב בנזין | מכונאות רכב דיזל | מכונאות דיזל משאיות ואוטובוסים,עתאמלה חאלד
60521,אלמאז צמיגים בע מ,מוסך מורשה,נצרת,א.תעשייה רח המחצבות,050-3783772,16000,516245008,1,תיקון והחלפת צמיגים,סרחאן שאוקי
60522,ר.ז.מוסכי סליבא בע מ,מוסך מורשה,חיפה,יקותיאל בהרב 25,04-8417796,26110,512861782,7,מכונאות רכב בנזין | מכונאות רכב דיזל | מכונאות דיזל משאיות ואוטובוסים | אישור כשירות לצמ ה ומכונה ניידת | טרקטורים ומכונות ניידות | תיקון טרקטורונים | תיקון מלגזות הרמה,סליבא רפיק
60525,קבוצת שגריר שירותי רכב בע מ,מוסך מורשה,חיפה,יוחנן הסנדלר 3 ת ד 25135,04-8400418,31250,515158665,2,תיקון מרכבי רכב | צבעות רכב,סרור אהרון
60527,מסעד שאהין מוסך ירכא 2000,מוסך מורשה,ירכא,ת.ד.283 ירכא,04-9561436,24967,,1,תיקון מרכבי רכב,שאהין נעים
60531,מוסך כרם בע מ,מוסך מורשה,עפולה,רחוב המלאכה 7,050-5649445,19115,516434610,4,מכונאות רכב בנזין | מכונאות רכב דיזל | תיקון מרכבי רכב | צבעות רכב,זועבי עלי
60532,מוטו טיימנג -שלום גרנר,מוסך מורשה,סער,ד.נ.גליל מערבי,052-33185932,22805,,2,מכונאות אופנועים וקטנועים | תיקון טרקטורונים,גרנר שלום הרמן
60533,כהן יניב - טכנו קאר,מוסך מורשה,טבריה,המלאכה 16 ת.ד.891,04-6724701,14826,,5,מכונאות רכב בנזין | מכונאות רכב דיזל | תיקון אחזקת רכב חשמלי/היברידי | תיקון וכוון מתלים ברכב | בדיקת רכב לאחר תאונה,עבייד שמואל | כהן יניב | אביעד שמואל
60534,שלח אליאס - צבעות רכב,מוסך מורשה,שפרעם,א  .  תעשיה,052-2486771,20200,58546086,1,צבעות רכב,שלח אליאס
60535,מילשטיין יורי מיזוג אויר וחשמל,מוסך מורשה,גיניגר,ד.נ עמקים,04-6549192,30053,309517589,2,חשמלאות רכב | שירות תיקון למזגן אויר לרכב,מילשטיין יורי
60539,א.ר.שטיינר בע מ לפחחות וצבע,מוסך מורשה,נוף הגליל,העבודה 73 א.תעשיה ג,04-6000394,17880,513912188,4,מכונאות רכב בנזין | מכונאות רכב דיזל | תיקון והחלפת צמיגים | בדיקת רכב לאחר תאונה,קאסם אחמד | טאהא עומר
60544,מוסך שיא פוינט בע מ,מוסך מורשה,חיפה,שד' ההסתדרות 176,04-8421017,32960,512675976,7,מכונאות רכב בנזין | מכונאות רכב דיזל | תיקון אחזקת רכב חשמלי/היברידי | חשמלאות רכב | תיקון מרכבי רכב | צבעות רכב | תיקון וכוון מתלים ברכב,מלכה רפאל | שוסטרמן יפים | שחאדה נזיה
60545,מוסך אחים עבוד מרצדס בע מ,מוסך מורשה,נצרת,ת.ד.10119 כביש 79,052-2260033,16000,514550839,2,מכונאות רכב בנזין | מכונאות רכב דיזל,עבוד עאמר
60546,פואז מוסא - מוסך,מוסך מורשה,עיילבון,ת.ד.792 א.תעשיה,04-6780765,16972,29245735,2,מכונאות רכב בנזין | מכונאות רכב דיזל,פואז מוסא
60549,מוסך נוגה בע מ,מוסך מורשה,קריית אתא,ת.ד.10501 המעפילים 5,04-8400468,28000,511634826,6,מכונאות רכב בנזין | מכונאות רכב דיזל | תיקון אחזקת רכב חשמלי/היברידי | חשמלאות רכב | תיקון וכוון מתלים ברכב | שירות תיקון למזגן אויר לרכב,איטח חיים | איטח גל
60556,צמיגי דניאל א.מ.בע מ חיפה,מוסך מורשה,חיפה,אופיר 62,04-8660743,32235,512737149,3,תיקון והחלפת צמיגים | תיקון וכוון מתלים ברכב | בדיקת רכב לאחר תאונה,בן לולו אברהם | ח'ליל סמאואל
60561,פרץ מיכה - מוסך הללויה,מוסך מורשה,טבריה,רח' השקדים 14 תד'409,04-6717811,14133,68532969,2,מכונאות רכב בנזין | מכונאות רכב דיזל,פרץ מיכה
60562,בן גידה שמעון  מוסך קבוץ מנרה,מוסך מורשה,מנרה,ד.נ.גליל עליון,04-6908111,12165,59091231,6,מכונאות רכב בנזין | מכונאות רכב דיזל | אישור כשירות לצמ ה ומכונה ניידת | טרקטורים ומכונות ניידות | תיקון טרקטורונים | תיקון מלגזות הרמה,בן-גידה שמעון
60563,מוסך אמת ירכא בע מ,מוסך מורשה,ירכא,ת.ד.784 כביש ראשי חלקה 32,04-9962278,24967,515734853,9,אוטוטק רכב קל | מכונאות דיזל משאיות ואוטובוסים | תיקון אחזקת רכב חשמלי/היברידי | תיקון והחלפת צמיגים | אישור כשירות לצמ ה ומכונה ניידת | טרקטורים ומכונות ניידות | תיקון טרקטורונים | תיקון מלגזות הרמה | תיקון וכוון מתלים ברכב,עטאללה מהראן | מהראן עטאללה
60567,מוחמד אמארה צמיגי אל סולטאן,מוסך מורשה,כפר כנא,ת.ד.1319 כביש ראשי,04-6519767,16931,208860924,1,תיקון והחלפת צמיגים,אמארה עבדאלרחמן
60568,יאסין וסים - מוסך,מוסך מורשה,עראבה,כביש ראשי,04-6743718,29945,,2,מכונאות רכב בנזין | מכונאות רכב דיזל,יאסין וסים
60572,מוסך נטלי בע מ,מוסך מורשה,עספיא,דרך אבא חושי 106 תד'1399,04-8390841,30090,514632793,2,מכונאות רכב בנזין | מכונאות רכב דיזל,תלחמי פאוזי
60573,מוסך פיין בע מ,מוסך מורשה,חיפה,אופיר 28 - חוף שמן,04-8627408,32235,511460867,2,תיקון מרכבי רכב | צבעות רכב,קסיס חנא | אבו חאמד מאהר
60574,מוסך עמיאל ב.ר. בע מ,מוסך מורשה,חיפה,ההסתדרות 211,04-8418625,26114,513171439,4,מכונאות רכב בנזין | מכונאות רכב דיזל | תיקון מרכבי רכב | צבעות רכב,וייצמן דוד
60575,א.הנעות בע מ,מוסך מורשה,כרמיאל,רח' החרושת 48ב' ביתן 33,04-9585555,20100,512054289,6,מכונאות רכב בנזין | מכונאות רכב דיזל | תיקון אחזקת רכב חשמלי/היברידי | תיקון מרכבי רכב | צבעות רכב | שירות תיקון למזגן אויר לרכב,ולק אמנון | מבאריכי סמיח | סואעד עאמר
60578,ברנס עמוס - פחחות וצבע,מוסך מורשה,חדרה,ת.ד.150 - נוישטטלר,04-6344205,38101,56609498,2,תיקון מרכבי רכב | צבעות רכב,ברנס עמוס
60579,בוטביקה מתי אוטומתי קאר,מוסך מורשה,חדרה,תד'28063 א.תעשיה רח' פרידלנדר 12,04-8705522,38493,,2,תיקון מרכבי רכב | צבעות רכב,שמואלוב יובל
60580,ע.מטר ואחיו בע מ,מוסך מורשה,כפר כנא,א.תעשיה חדש,054-4253906,16930,512385881,1,תיקון והחלפת צמיגים,מטר נדאל
60582,יורו  2016 כרמיאל בע מ,מוסך מורשה,כרמיאל,ת.ד.6449  רחוב החרמש 11,04-9982287,20100,515534006,4,מכונאות רכב בנזין | מכונאות רכב דיזל | תיקון אחזקת רכב חשמלי/היברידי | תיקון וכוון מתלים ברכב,ציגלר אייל | ציגלר  אייל
60584,יורומוטורס חדרה 2000 בע מ,מוסך מורשה,חדרה,ת.ד.3400 המסגר 10.ת.דרומי,04-6220610,38133,512940446,7,מכונאות רכב בנזין | מכונאות רכב דיזל | תיקון אחזקת רכב חשמלי/היברידי | חשמלאות רכב | תיקון מרכבי רכב | צבעות רכב | שירות תיקון למזגן אויר לרכב,לזניק אורן | קעדאן מאזן
60585,סלמאן עדנאן מוסך מרכז הגליל,מוסך מורשה,כפר כנא,ת.ד.715 א.תעשיה,04-6418535,16967,23476062,3,מכונאות רכב בנזין | מכונאות רכב דיזל | מכונאות דיזל משאיות ואוטובוסים,סלימאן עדנאן
60586,מיכאל - שרות מלגזות בע מ,מוסך מורשה,חיפה,יוליוס סימון 50,04-8422344,29000,512896952,3,אישור כשירות לצמ ה ומכונה ניידת | טרקטורים ומכונות ניידות | תיקון מלגזות הרמה,ציגלניק מיכאל
60587,גנאים היתם - פרונט סכנין,מוסך מורשה,סח'נין,ת.ד.1469 א.תעשיה צפוני,04-6748199,20173,23378771,1,תיקון וכוון מתלים ברכב,גנאים היתם
60589,חדר יוסף - מוסך,מוסך מורשה,טבריה,רח' יהודה הלוי 8,04-6725291,14970,59466912,2,תיקון רדיאטורים )מצננים) | תיקון צנורות פליטה ודודי עמם,חדר יוסף
60590,עיאשי עבד אלרחמן  את וסאם חמדוני,מוסך מורשה,כאבול,ת.ד. 1067  אחרי ת.דלק יבור,04-8202793,24963,28340420,2,תיקון מרכבי רכב | צבעות רכב,עיאש עבד אלרחמן
60592,פרפקט פרטס בע מ,מוסך רישוי לטרקטורים ורכב חדש,כפר כנא,ת.ד.2129 א.תעשיה חדש,04-6419451,16930,513105536,7,בדיקות עשן ברכב דיזל | מוסך רישוי לציוד חקלאי | אישור כשירות לצמ ה ומכונה ניידת | רישום ורישוי לרכב חדש | טרקטורים ומכונות ניידות | תיקון טרקטורונים | תיקון מלגזות הרמה,בראנסה עיסאם | בארנסה עיסאם
60598,מרכז שירות גילרם בע מ,מוסך מורשה,כרמיאל,ת.ד.  6339   רח'  הבזלת 11,052-5080334,21617,,9,מכונאות רכב בנזין | מכונאות רכב דיזל | מכונאות דיזל משאיות ואוטובוסים | תיקון אחזקת רכב חשמלי/היברידי | תיקון מרכבי רכב | צבעות רכב | אוטוטק תיקון והחלפת צמיגים | בדיקות-רכב )קניה ומכירה) | תיקון וכוון מתלים ברכב,ג'יריס ג'יריס | אבו סאלח ח'אלד | עביד עסאם
60600,ב.ח.חמו-שיווק ושירות רכבים בע מ,מוסך מורשה,חיפה,בעלי המלאכה 24,04-8405888,32230,513000414,5,מכונאות רכב בנזין | מכונאות רכב דיזל | תיקון אחזקת רכב חשמלי/היברידי | תיקון מרכבי רכב | צבעות רכב,צוק ליאור | חמו בנימין
60601,אחים תומא  בע מ,מוסך מורשה,מעלות-תרשיחא,ת.ד.317 א.תעשיה קורן,04-9572627,24952,512266701,4,מכונאות רכב בנזין | מכונאות רכב דיזל | בדיקות-רכב )קניה ומכירה) | בדיקת רכב לאחר תאונה,תומא חנא | תומא ח'ליל
60602,רויאל מוסך וסוכנות בע מ,מוסך מורשה,מעלות-תרשיחא,ת.ד.562 א.תעשיה,04-9570320,24952,514257153,7,מכונאות רכב בנזין | מכונאות רכב דיזל | תיקון אחזקת רכב חשמלי/היברידי | חשמלאות רכב | תיקון מרכבי רכב | צבעות רכב | שירות תיקון למזגן אויר לרכב,נקולה ג'וני | ניקולא ג'וני | חמד מוסא
60604,חוסין אחמד - אחים דרויש,מוסך מורשה,נחף,ת.ד. 135,04-9885883,20137,58608290,6,מכונאות רכב בנזין | מכונאות רכב דיזל | חשמלאות רכב | תיקון והחלפת צמיגים | טרקטורים ומכונות ניידות | שירות תיקון למזגן אויר לרכב,חוסין מחמוד | חוסין אחמד | מסרי כמאל
60610,עידן בי סחר בע מ,מוסך מורשה,קריית אתא,בצרי יוסף 40 ת.ד.10577,04-8819222,26114,511904641,6,מכונאות רכב בנזין | מכונאות רכב דיזל | מכונאות דיזל משאיות ואוטובוסים | טרקטורים ומכונות ניידות | תיקון טרקטורונים | תיקון מלגזות הרמה,קולט דני
60612,מרכז שרות אמין דיזל בע מ,מוסך רישוי לציוד חקלאי,זרזיר,א.תעשיה ד.נ.נהלל תד'32,04-6515552,16817,511753824,8,מכונאות רכב בנזין | מכונאות רכב דיזל | מכונאות דיזל משאיות ואוטובוסים | תיקון אחזקת רכב חשמלי/היברידי | מוסך רישוי לציוד חקלאי | טרקטורים ומכונות ניידות | תיקון מלגזות הרמה | שירות תיקון למזגן אויר לרכב,מוסטפא דיאב | להיאני יוסף
60615,נור חטיב מוסך נור חטיב,מוסך מורשה,ברטעה,ת.ד. 18  ברטעה,053-8870000,30023,315645051,2,מכונאות רכב בנזין | מכונאות רכב דיזל,ג'בארין אסעד
60617,מרעי מוסך אחים מרעי,מוסך מורשה,משהד,ת.ד.425,050-5686322,16967,56337330,3,מכונאות רכב בנזין | מכונאות רכב דיזל | בדיקות-רכב )קניה ומכירה),מרעי אחמד
60618,עובדיה יניב רדיאטורים בע מ,מוסך מורשה,תל יוסף,ת.ד.2193 ד.נ.גלבוע,04-6532344,19134,512836834,2,תיקון רדיאטורים )מצננים) | תיקון צנורות פליטה ודודי עמם,עובדיה אריה
60622,גנטוס אשרף צמיגי ג'ורג' כפר יסיף,מוסך מורשה,כפר יאסיף,ת.ד.87 כביש ראשי,04-9564430,24908,,1,תיקון והחלפת צמיגים,ג'נטוס אשרף
60623,מוסך ענק הרכב בע מ,מוסך מורשה,נצרת,רח' המחצבה,04-6552212,16000,513724880,2,תיקון מרכבי רכב | צבעות רכב,עבוד האני
60627,יאיר מוזס  מוסך ד ר פיקס,מוסך מורשה,חיפה,*חלוצי התעשיה 76,04-8722438,26294,31816887,2,מכונאות רכב בנזין | מכונאות רכב דיזל,בן הרוש רפאל
60629,ע.ר.ן מוטורס בע מ,מוסך מורשה,עפולה,ת.ד.2978   רח' רבין,04-6591330,18102,515732055,4,מכונאות רכב בנזין | מכונאות רכב דיזל | חשמלאות רכב | שירות תיקון למזגן אויר לרכב,כץ טוביה
60630,אברג'יל יוסף - מוסך אמינות,מוסך מורשה,מעלות-תרשיחא,ת.ד.  2053  רח'  החרושת 8,04-9974333,24952,59089045,3,מכונאות רכב בנזין | מכונאות רכב דיזל | תיקון אחזקת רכב חשמלי/היברידי,אברג'יל יוסף
60631,אגד חברה לתחבורה בע מ,מוסך מורשה,כרמיאל,רח' הנפח 1 ת.ד.1229,04-9988988,20100,516041118,8,מכונאות רכב דיזל | מכונאות דיזל משאיות ואוטובוסים | תיקון אחזקת רכב חשמלי/היברידי | חשמלאות רכב | מסגרות רכב )תיקון ארגזים) | תחזוקה ובדיקת מערכת כיבוי אש באוטו' | שירות תיקון למזגן אויר לרכב | תיקון וכיול טכוגרפים,עלי סאני | איוב מסעוד
60639,שלאעטה סעיד מוסך אבו עלי,מוסך מורשה,דייר חנא,גוש 19425 ח' 65 ת.ד. 19128,04-6784602,24973,,2,תיקון מרכבי רכב | צבעות רכב,שלאעטה סעיד
60640,צמיגי אבו סעדה ווליד,מוסך מורשה,שפרעם,ת.ד.   20200  שפרעם,04-6818575,20200,58545955,1,תיקון והחלפת צמיגים,אבו סעדה ווליד
60643,א.י.המוסך של קובי בע''מ חדרה,מוסך מורשה,חדרה,ת.ד.431 א.תעשיה צפוני,04-6344362,38000,51359602,2,מכונאות רכב בנזין | מכונאות רכב דיזל,כהן יעקב
60645,מוסך סמיר נמורה למשאיות בע מ,מוסך מורשה,קריית ביאליק,ת.ד.1012 יוסף הלוי 28,04-8743650,27000,513092312,5,מכונאות רכב בנזין | מכונאות רכב דיזל | מכונאות דיזל משאיות ואוטובוסים | תיקון מרכבי רכב | צבעות רכב,נמורה סמיר | מובאריכי מנסור | גטאס גסאן
60648,חצב נציגיות בע מ,מוסך מורשה,ראש פינה,ת.ד.604 א.תעשיה צחר,04-6800449,10800,511763153,1,תיקון והחלפת צמיגים,כהן ענבל
60650,מוסך לב הגליל בע מ,מוסך מורשה,חצור הגלילית,א.תעשיה  ת.ד. 50,04-6931440,10300,514193242,4,אוטוטק רכב קל | תיקון מרכבי רכב | צבעות רכב | תיקון וכוון מתלים ברכב,בנלולו אבנר | סאפי  סלאמה | בן לולו אבנר
60654,עואודה מונדר - פחחות רכב,מוסך מורשה,כפר כנא,ת.ד.22 א.תעשיה חדש,04-6516387,16930,20625539,1,תיקון מרכבי רכב,עואודה מונדר
60655,חסנין עטא חסן - אחים חסנין,מוסך מורשה,אעבלין,ת.ד.96,04-9866988,30012,57554719,2,מכונאות רכב בנזין | מכונאות רכב דיזל,חסנין אכרם
60656,ח.קונפינו יבוא ושיווק 93 בע מ,מוסך מורשה,קריית ביאליק,ת.ד.9461 החרושת 1,04-8773062,27000,511842122,1,תיקון והחלפת צמיגים,קונפינו אבי
60658,טייר סנטר רשת צמיגים בע מ,מוסך מורשה,חדרה,תחנת סונול עוקף חדרה,050-4205919,38120,514583558,1,תיקון והחלפת צמיגים,פישמן בר
60660,ש.א.קראקרה    2008  בע מ,מוסך מורשה,עראבה,אזור תעשיה מזרחי,052-6203175,24145,51407872,2,תיקון מרכבי רכב | צבעות רכב,קראקרה שאדי
60661,ס.ר. צמיגי שפרעם,מוסך מורשה,שפרעם,תד'675 א.תעשיה,04-9502302,20200,34296889,1,תיקון והחלפת צמיגים,געפרי סאמר
60662,מוסך תלפיות חיפה בע מ,מוסך מורשה,נשר,דרך בר יהודה 147,04-8202890,20300,511098840,8,מכונאות רכב בנזין | מכונאות רכב דיזל | תיקון אחזקת רכב חשמלי/היברידי | תיקון מרכבי רכב | צבעות רכב | תיקון והחלפת צמיגים | תיקון וכוון מתלים ברכב | שירות תיקון למזגן אויר לרכב,יבין יותם | סליבא איאד | ג'אמל נאדר
60664,נאסר נזיה - מוסך לב הגליל,מוסך מורשה,עראבה,עראבה כביש ראשי,04-6742396,24945,23475130,2,מכונאות רכב בנזין | מכונאות רכב דיזל,נאסר נזיה
60665,מוסך האומנים ס.א בע מ,מוסך מורשה,כרמיאל,רח' האופן 13 ת.ד.6419,054-7866273,20100,514701473,2,תיקון מרכבי רכב | צבעות רכב,דיב סאלח | דיב מוסטפא
60669,מוסך האחים חילו בע מ,מוסך מורשה,עראבה,כביש ראשי עראבה,04-6741256,24945,512880881,3,מכונאות רכב בנזין | מכונאות רכב דיזל | חשמלאות רכב,חילו סמיח | חילו נביל
60673,חזבון יוסף - חשמל רכב נהריה,מוסך מורשה,נהרייה,ת.ד.8549 עצמאות 35,04-9821070,22120,23301179,2,חשמלאות רכב | שירות תיקון למזגן אויר לרכב,חזבון יוסף
60674,עאסי עטאללה - מוסך פסוטה,מוסך מורשה,פסוטה,ת.ד.320,04-9870185,25170,59454322,5,מכונאות רכב בנזין | מכונאות רכב דיזל | אישור כשירות לצמ ה ומכונה ניידת | טרקטורים ומכונות ניידות | תיקון טרקטורונים,עאסי עטאללה
60676,יואב יגן מוסך מגן,מוסך מורשה,חיפה,רחק הקורנס 17,052-7633355,31250,59237156,2,מכונאות רכב בנזין | מכונאות רכב דיזל,בנין ישי
60678,עתאמנה מנצור פחחות וצבעות רכב,מוסך מורשה,כפר קרע,תד'188 רח' אלוסיה,050-5586775,30075,,2,תיקון מרכבי רכב | צבעות רכב,עתאמנה מנצור
60680,פרח איברהים - מכונאות רכב,מוסך מורשה,נצרת,דרך המחצבות,04-6566604,16000,52498763,2,מכונאות רכב בנזין | מכונאות רכב דיזל,פרח איברהים
60682,רובאעי חסן,מוסך מורשה,עכו,ת.ד.2888 הגדוד 22,04-9550826,24516,52431186,2,מכונאות רכב בנזין | מכונאות רכב דיזל,רובאעי חסן | רובעאי חסן
60688,חוראני זיאד,מוסך מורשה,עיילבון,ת.ד.233 א.תעשיה,04-6785881,16972,58603200,2,מכונאות רכב בנזין | מכונאות רכב דיזל,חוראני זיאד
60689,תעיזי אמוץ  מוסך אמוץ,מוסך מורשה,חיפה,המוסכים 45 ת ד 25390,04-8420514,31250,58484106,2,מכונאות רכב בנזין | מכונאות רכב דיזל,תעיזי אמוץ
60690,סעד עלי תאופיק - מוסך אל תאופיק,מוסך רישוי לציוד חקלאי,בית ג'ן,בית ג'אן שכ' חילים תד' 126,050-5507896,24990,56885890,7,מכונאות רכב בנזין | מכונאות רכב דיזל | מוסך רישוי לציוד חקלאי | אישור כשירות לצמ ה ומכונה ניידת | טרקטורים ומכונות ניידות | תיקון טרקטורונים | תיקון וכוון מתלים ברכב,סעד עלי
60694,צמיגי איוב רוני בע מ,מוסך מורשה,חיפה,שד' ההסתדרות ת.ד.10650 מפרץ,04-8720711,32960,516306958,1,תיקון והחלפת צמיגים,אבו חדרה רוני
60696,קבאני אקרם - חשמל רכב,מוסך מורשה,כפר יאסיף,ת.ד.831 כביש ראשי,04-9963746,24908,23109366,2,חשמלאות רכב | שירות תיקון למזגן אויר לרכב,קבאני אקרם | קבאני אכרם
60697,סעיד בהא מוסך הכוכב,מוסך מורשה,נחף,כביש ראשי ת.ד. 3912,052-2619467,20137,208246181,3,תיקון מרכבי רכב | צבעות רכב | תיקון וכוון מתלים ברכב,סעיד עבדאללה
60699,זגורי שמעון צמיגי רשף,מוסך מורשה,טירת כרמל,הפטיש 5,04-8580643,39100,558472338,1,תיקון והחלפת צמיגים,זגורי שמעון
60700,מוסך רם-עמי בר בע מ,מוסך מורשה,אפיקים,ד.נ.עמק הירדן,04-6754504,15148,512413253,6,מכונאות רכב בנזין | מכונאות רכב דיזל | מכונאות דיזל משאיות ואוטובוסים | אישור כשירות לצמ ה ומכונה ניידת | טרקטורים ומכונות ניידות | תיקון מלגזות הרמה,עמירם בר
60702,בן שבת דוד מוסך עלית למכונאות,מוסך מורשה,חדרה,פרינדלר 4,04-6226305,38130,,2,מכונאות רכב בנזין | מכונאות רכב דיזל,בן-שבת דוד
60705,בוצוק אליהו - המוסך של אליקו,מוסך מורשה,בנימינה-גבעת עדה*,רח' המלאכה 12,054-4987291,30500,57747362,4,מכונאות רכב בנזין | אוטוטק רכב קל | מכונאות רכב דיזל | תיקון אחזקת רכב חשמלי/היברידי,בוצוק אליהו | סורוג'ון יוסף | בוציק אליהו
60709,מנאע אנואר - מכונאות פחחות וצבע,מוסך מורשה,מג'ד אל-כרום,ת.ד.322 כביש ראשי,04-9980937,20190,54385083,4,מכונאות רכב בנזין | מכונאות רכב דיזל | תיקון מרכבי רכב | צבעות רכב,מנע אנוער | מנע חוסין
60712,חיג'אזי באסם - מוסך באסם,מוסך מורשה,טמרה,ת.ד.3306 חאלת אל ראזל,04-9942999,24930,58548033,2,מכונאות רכב בנזין | מכונאות רכב דיזל,חיג'אזי באסם
60713,מוסך אחים אסייג בע מ,מוסך מורשה,תענכ,א.תעשיה מבואות גלבוע,04-6499236,19207,514808351,6,מכונאות רכב בנזין | מכונאות רכב דיזל | טרקטורים ומכונות ניידות | תיקון טרקטורונים | תיקון מלגזות הרמה | תיקון וכוון מתלים ברכב,אסייג מאיר | אסייג יאיר יהו
60714,חביב בני - מוסך,מוסך מורשה,עכו,רח' הגדוד 22 - מבנה 7,04-8484095,25518,,2,מכונאות רכב בנזין | מכונאות רכב דיזל,מריזון דוד
60720,א. ק מוסך שלומי בע מ,מוסך מורשה,שלומי,א.תעשיה  ת.ד.3033,04-9875406,22832,516021946,3,מכונאות רכב בנזין | מכונאות רכב דיזל | חשמלאות רכב,סווידאן דאושת
60722,בסול עימאד - מוסכי הגליל,מוסך מורשה,נוף הגליל,העמל 2 ת ד 19593,04-6011155,17000,58964941,3,מכונאות רכב בנזין | מכונאות רכב דיזל | תיקון מרכבי רכב,מנאדרה חסן | ג'רוס באסם
60723,מאסטר קראג'  ואיל מנסור,מוסך מורשה,ראמה,דרך פקיעין )ע י הסופר(,04-6284460,30055,302478920,2,מכונאות רכב בנזין | מכונאות רכב דיזל,מנסור סוהיל
60728,אליאס עודה - צמיגי אלי,מוסך מורשה,נוף הגליל,רח' יצירה 2 א.תעשיה ג',04-6470224,17000,36999159,1,תיקון והחלפת צמיגים,עודה בשארה
60729,הוליווד ר. מ. וצמיגי פרויד בע מ,מוסך מורשה,חיפה,קדושי יאסי 1,04-8550505,31905,514523216,1,תיקון והחלפת צמיגים,רבי שי
60731,שלמה תחבורה (2007) בע מ,מוסך מורשה,חיפה,ההסתדרות 48 ת.ד.25239,04-8725525,32960,514065457,2,מכונאות רכב בנזין | מכונאות רכב דיזל,אלקיים יאיר שמע
60733,אבו אל חוף מוחמד עאטף,מוסך מורשה,דייר חנא,ת.ד .  18902,04-764605,24973,25962937,2,מכונאות רכב בנזין | מכונאות רכב דיזל,אבו אלחוף מוחמד
60736,גלבוע ג.כ.חב' לפיתוח ת.בע מ,מוסך מורשה,בית השיטה,קיבוץ בית-השיטה,04-6536899,18900,512068107,3,אישור כשירות לצמ ה ומכונה ניידת | טרקטורים ומכונות ניידות | תיקון מלגזות הרמה,הבראת  כמאל
60737,בן חיים איציק בע מ,מוסך מורשה,מסד,מושב מסד ד.נ.גליל תחתון,04-6780915,14990,512705997,4,אישור כשירות לצמ ה ומכונה ניידת | טרקטורים ומכונות ניידות | תיקון טרקטורונים | תיקון מלגזות הרמה,בן חיים איציק | בן-חיים איציק
60739,סעד מעדא  - כלבו לרכב,מוסך מורשה,בית ג'ן,רח שיח אמין ת ד 122,04-9803351,24990,23394331,1,תיקון והחלפת צמיגים,סעד מעדא
60740,חכים עאמר - מכונאות וחשמל רכב,מוסך מורשה,נצרת,גוש 17510 חלקה 13 תד' 6372,04-6552327,16000,58966359,4,מכונאות רכב בנזין | מכונאות רכב דיזל | חשמלאות רכב | שירות תיקון למזגן אויר לרכב,חכים אליאס | חכים עאמר
60741,אחים ניסנבוים בע מ,מוסך רישוי לרכב חדש,יבנאל,הגורן 1 ת.ד.182,04-6708019,15225,510883705,2,רישום ראשוני לרכב חדש | רישום ורישוי לרכב חדש,ניסנבוים אפרת | יצחק איינאל
60742,חאלילה סוהיל - מוסך האחים,מוסך מורשה,מג'ד אל-כרום,ת.ד.1144 כביש ראשי מג'ד אלכרום,04-9081830,20190,58579079,2,תיקון מרכבי רכב | צבעות רכב,חאלילה סוהיל | חאלילה מוחמד
60743,נדם לאון יהודה מיזוג וקירור לרכב,מוסך מורשה,חיפה,האיצטדיון 20 קרית-חיים,04-8491980,26248,,1,שירות תיקון למזגן אויר לרכב,נדם לאון
60744,עויסאת מוחמד מוסך אלמג'ד,מוסך מורשה,באקה אל-גרביה,ליד א.תעשיה,04-239910,30100,58204264,2,מכונאות רכב בנזין | מכונאות רכב דיזל,עויסאת מוחמד
60750,מוסך הרצל את ניסים בע מ,מוסך מורשה,עפולה,קהילת ציון 25,04-6401650,18301,513620633,2,תיקון מרכבי רכב | צבעות רכב,מרג'יה ניסים
60753,רואה ניר - ד ר סייקל,מוסך מורשה,חיפה,שד' ההסתדרות 206,04-8401402,32950,,1,מכונאות אופנועים וקטנועים,רואה ניר
60759,חבשי וליד - פנצ'ריית חבשי,מוסך מורשה,מגדל העמק,א.ת.מפעלי העמק ת.ד.539,050-6866912,10500,211408893,1,תיקון והחלפת צמיגים,חבשי רביע
60763,נעראני מוחמד - מוסך אחים נעראני,מוסך מורשה,מגדל העמק,ת.ד. 7039  א.ת.דרומי,04-6040986,10500,23257041,2,תיקון מרכבי רכב | צבעות רכב,נעראני מוחמד
60764,מוסך אחמד שלבי 97 בע מ,מוסך מורשה,חיפה,יוחנן הסנדלר 23,050-5389624,31250,512566605,2,מכונאות רכב בנזין | מכונאות רכב דיזל,אבו אחמד סמיח
60765,סיסו בן מוסך מטל 2013,מוסך מורשה,חיפה,יוסף לוי 8,04-8724453,33144,203820378,2,תיקון מרכבי רכב | צבעות רכב,סיסו בן
60767,שרקאוי סאלח - מוסך אחים שרקאוי,מוסך מורשה,אום אל-פחם,ת.ד' 449 דרך אולמי רמאלה,050-4393322,30010,,2,מכונאות רכב בנזין | מכונאות רכב דיזל,שרקאוי סאלח
60771,א.ב.עפולה בע מ - טיוטה,מוסך מורשה,עפולה,ת.ד.2931 המגל 7,050-7849997,18301,511676249,6,מכונאות רכב בנזין | מכונאות רכב דיזל | תיקון אחזקת רכב חשמלי/היברידי | תיקון מרכבי רכב | צבעות רכב | תיקון וכוון מתלים ברכב,כהן חגי | אגבאריה מוחמד | אג'בריה מוחמד
60778,בן-ארי יורם - נוע תנוע,מוסך מורשה,כרמיאל,החרושת 18 ת.ד.1041,04-9586993,20100,56618812,2,מכונאות אופנועים וקטנועים | תיקון טרקטורונים,בן-ארי יורם | בן ארי יורם
60779,עאוני מאיר מוסך הצוות מכונאות,מוסך מורשה,חיפה,טובים 3 חוף שמן,050-2078222,32234,52363835,2,מכונאות רכב בנזין | מכונאות רכב דיזל,עאוני מאיר
60783,טכנו פרונט 2000 כאסברי עלאא,מוסך מורשה,עפולה,רח' המלאכה 13,04-6425871,18350,29773892,1,תיקון וכוון מתלים ברכב,כסאברי עלאא
60785,אדם שמעון חשמל ומיזוג אויר,מוסך מורשה,בית שאן,ת.ד.219 א.תעשיה צפוני,050-5574043,10900,22161731,2,חשמלאות רכב | שירות תיקון למזגן אויר לרכב,אדם שמעון
60787,סביון אופנועים בע מ,מוסך מורשה,קריית ביאליק,ת.ד.1340 המלאכה 7,04-8742597,27000,512933110,2,מכונאות אופנועים וקטנועים | תיקון טרקטורונים,גיבלי רן
60789,ג'רוס איהב מוסך אדוארד ג'רוס,מוסך מורשה,נשר,רח' התעשיה 1 תד'450,04-8210063,20300,,2,תיקון מרכבי רכב | צבעות רכב,ג'רוס איהאב
60796,צ.ח.מ.בע מ  הואש עסרי,מוסך מורשה,זרזיר,זרזיר,04-6523643,18100,511440075,2,מכונאות רכב בנזין | מכונאות רכב דיזל,הואש עסרי
60798,שלש כאיד - מוסך,מוסך מורשה,עראבה,כביש ראשי ימינה,04-6745416,24945,58600057,2,מכונאות רכב בנזין | מכונאות רכב דיזל,שלש כאיד
60801,יוסף פראן - פנצרית מעלות,מוסך מורשה,מעלות-תרשיחא,ת.ד.487 מעליא  25140,04-9972123,24952,,1,תיקון והחלפת צמיגים,פראן יוסף
60804,עוקבי משה - פנצריה,מוסך מורשה,טבריה,ת.ד.  1857 רח' יהודה לוי  7,04-6726356,14133,53637518,1,תיקון והחלפת צמיגים,עוקבי משה
60805,אדריס איברהים - אחים אדריס,מוסך מורשה,אעבלין,ת.ד.1349 א.ת.,052-3220227,30012,58921057,2,מכונאות רכב בנזין | מכונאות רכב דיזל,אדריס איברהים
60807,צמיגי סלים עלי זועבי,מוסך מורשה,בסמת טבעון,כפר זבידאת . טבעון,04-9837012,36008,26380089,1,תיקון והחלפת צמיגים,זועבי סלים
60809,אמארה עלי פנצרית הצפון כ.כנא,מוסך מורשה,כפר כנא,ת.ד.1492 כביש ראשי,050-6494230,16930,23148760,1,תיקון והחלפת צמיגים,אמארה עלי
60812,מוסך הפחחים בע מ,מוסך מורשה,חיפה,חלוצי התעשיה 64,04-8417554,26294,511743189,2,תיקון מרכבי רכב | צבעות רכב,קאשי רחמים
60814,הנרי.א.משה.ד.מוסך גל,מוסך מורשה,קריית ביאליק,החרושת א/18,04-8760699,27000,27747542,2,מכונאות רכב בנזין | מכונאות רכב דיזל,אוחיון הנרי
60815,וייס אביהוא  מוסך וייס,מוסך מורשה,חצור הגלילית,א.תעשיה . רחוב הנגר 7,054-5866378,10300,313257230,1,מכונאות רכב דיזל,ווייס אביהוא י
60818,אלמקייס מוטי - המוסך של מוטי,מוסך מורשה,פרדס חנה-כרכור,השחמונאים 366,04-6274740,37046,25492372,2,מכונאות רכב בנזין | מכונאות רכב דיזל,אלמקייס מרדכי
60819,עבדאללה חליל חאתם פחחות וצבע,מוסך מורשה,פוריידיס,ת.ד.1295 רח' 8,053-7274555,30898,27665827,2,תיקון מרכבי רכב | צבעות רכב,עבדאללה חליל
60823,אבו עוביד ריאד מוסך רכסים,מוסך מורשה,רכסים,תד' 5226 אזור תעשיה,04-9849564,20490,26173476,2,מכונאות רכב בנזין | מכונאות רכב דיזל,אבו עוביד ריאד
60824,חטיב סעד מוסכי רכב הגליל,מוסך מורשה,עראבה,ת.ד. 280 עראבה,04-6747677,24945,53854618,1,תיקון מרכבי רכב,חטיב סעד
60827,מרכז שירות תל חנן בע מ,מוסך מורשה,תל חנן,התעשיה 15 א.תעשיה,04-8200286,26350,511277923,2,מכונאות רכב בנזין | מכונאות רכב דיזל,מזאריב בילאל
60828,תעשיות בית-אל זיכרון יעקב בע מ,מוסך מורשה,זכרון יעקב,דרך אבשלום 1,04-6299941,30951,512876152,10,מכונאות רכב בנזין | מכונאות רכב דיזל | מכונאות דיזל משאיות ואוטובוסים | תיקון אחזקת רכב חשמלי/היברידי | תיקון והחלפת צמיגים | אישור כשירות לצמ ה ומכונה ניידת | טרקטורים ומכונות ניידות | תיקון טרקטורונים | תיקון מלגזות הרמה | שירות תיקון למזגן אויר לרכב,ברויר עמנואל | ברויר גרלד
60832,לגזיאל מרדכי-מ.לגזיאל שירותי רכב,מוסך מורשה,חיפה,חורי 7,077-5175600,33045,23933013,6,מכונאות רכב בנזין | מכונאות רכב דיזל | תיקון אחזקת רכב חשמלי/היברידי | בדיקות-רכב )קניה ומכירה) | תיקון וכוון מתלים ברכב | שירות תיקון למזגן אויר לרכב,לגזיאל מרדכי
60833,סעדי אחמד מוסך האומן,מוסך מורשה,שער העמקים,בקיבוץ שער העמקים,04-9533274,30097,24722167,2,תיקון מרכבי רכב | צבעות רכב,סעדי אחמד
60834,זהווה סולימאן סאלח צמיגים,מוסך מורשה,בוקעאתא,כביש ראשית.ד.1133,04-6984327,12437,80972565,1,תיקון והחלפת צמיגים,זהווה סולימאן
60835,בסאם זעיר ערעורי תיקון צמיגים,מוסך מורשה,שעב,ת.ד 180,04-9582132,20165,59935460,1,תיקון והחלפת צמיגים,בסאם זעיר ערעור
60836,דואהרי נביל - המכוון,מוסך מורשה,ראמה,כביש ראשי,04-9881823,30055,55174007,1,תיקון וכוון מתלים ברכב,דואהרי נביל
60839,מוסך בנדלי ג'ורג',מוסך מורשה,טבריה,רח' העמקים - בית הדר,04-8715920,14133,22006506,2,מכונאות רכב בנזין | מכונאות רכב דיזל,בנדלי ג'ורג'
60840,פלטה נחמיה,מוסך מורשה,קצרין,ת.ד.61 א.תעשיה,04-6961944,12900,52913530,2,חשמלאות רכב | שירות תיקון למזגן אויר לרכב,פלטה נחמיה
60842,עתאבא ווגיה,מוסך מורשה,עכו,ת.ד. 2465   הגדוד 22,04-9910949,24103,57013047,2,תיקון רדיאטורים )מצננים) | תיקון צנורות פליטה ודודי עמם,עתאבא ווגיה
60844,חוסרי עומר - מכון טכנוליין,מוסך מורשה,עכו,רח'  בולטימור  א.ת. עכו דרום,04-9914843,20200,27697978,3,מכונאות רכב בנזין | מכונאות רכב דיזל | בדיקות-רכב )קניה ומכירה),חוסרי עומר
60846,בסול עאדל - מוסך,מוסך מורשה,עכו,רח' הגדוד 22,04-9914718,24516,20735650,2,מכונאות רכב בנזין | מכונאות רכב דיזל,בסול עאדל
60848,עגם מוסכים ונגררים בע מ,מוסך רישוי לרכב חדש,עכו,אזור תעשיה דרומי,04-9876000,26110,513147652,6,מכונאות רכב דיזל | מכונאות דיזל משאיות ואוטובוסים | חשמלאות רכב | רפידות ותופי בלם | רישום ראשוני לרכב חדש | תיקון מלגזות הרמה,דיראוי איסלאם | דיראוי אסלאם | תורגמן דביר דוד | ורצברגר חיים
60849,מוסך סגול בע מ,מוסך מורשה,כרמיאל,ת.ד.6386 החרושת 67,04-9980808,20100,511980674,4,אוטוטק רכב קל | תיקון אחזקת רכב חשמלי/היברידי | תיקון והחלפת צמיגים | תיקון וכוון מתלים ברכב,קרן אדר
60850,עטיה מוחמד - חשמל חרוד,מוסך מורשה,תל יוסף,מוסך א.ל.צ.ד.נ.גלבוע,04-6531614,18120,34150565,1,חשמלאות רכב,עטיה מוחמד
60851,סבאענה מומחד  מוסך אחים סבאענה,מוסך מורשה,שפרעם,רח' נצרת 7 א.תעשיה,052-3269218,20200,29773264,2,תיקון מרכבי רכב | צבעות רכב,סבאענה מוחמד
60852,כעכוש יוסף - מוסך ג'וליס,מוסך מורשה,ג'ולס,אזור תעשייה,04-9996037,24908,59910646,2,תיקון מרכבי רכב | צבעות רכב,כעכוש סעיד
60854,אחרינו סמי - ספידומטר סמי,מוסך מורשה,עכו,תד'57 פארק אל רום א.תעשיה דרום בלטימור,04-9915888,24505,23221906,2,תיקון מחוונים | תיקון וכיול טכוגרפים,שאול רונן
60855,עוטור פראג' מ.ב.העין השלישית,מוסך מורשה,נהרייה,לוחמי הגיטאות 24,04-9925020,22446,28258135,3,מכונאות רכב בנזין | מכונאות רכב דיזל | בדיקות-רכב )קניה ומכירה),עוטור פראג'
60856,אלמוג אזולוס  מוסך דניאל,מוסך מורשה,חצור הגלילית,מבנה 13 תא 3 א.תעשיה,04-6934415,10300,28094480,4,מכונאות רכב בנזין | מכונאות רכב דיזל | חשמלאות רכב | שירות תיקון למזגן אויר לרכב,דניאל אלי
60857,א.ע. אמין נצרת בע מ,מוסך מורשה,נצרת,ת.ד.2499 רח' הר הקפיצה,04-6084994,16000,515175156,4,מכונאות רכב בנזין | מכונאות רכב דיזל | תיקון מרכבי רכב | צבעות רכב,עבד אל האדי אמי
60858,מוסך אלאמאנה בע מ,מוסך מורשה,אום אל-פחם,שכונת אל - שרפה,052-2840503,30010,515130995,2,תיקון מרכבי רכב | צבעות רכב,אגבאריה מחמוד
60859,מוסך רעים עפולה 2002 בע מ,מוסך מורשה,עפולה,רח' יהושוע חנקין 17,04-6593889,18100,513329300,7,מכונאות רכב בנזין | מכונאות רכב דיזל | תיקון אחזקת רכב חשמלי/היברידי | חשמלאות רכב | תיקון מרכבי רכב | צבעות רכב | שירות תיקון למזגן אויר לרכב,רגב יצחק | ליעד רגב | גריברג מרדכי | ג'בארין מחמוד
60860,אבו חמדה חאלד - לב המוסכים,מוסך מורשה,ג'ת,ת.ד.257 ג'ת,052-5402198,30091,,2,תיקון מרכבי רכב | צבעות רכב,אבו חמדה חאלד
60862,גורג כוכב הרכב בע מ,מוסך מורשה,קריית אתא,דרך חיפה 18,04-8720532,28000,516118262,2,מכונאות רכב בנזין | מכונאות רכב דיזל,סמיר שחאדה
60867,מוסך אור ירוק בע מ לפחחות רכב,מוסך מורשה,חצור הגלילית,א. תעשיה תד'4257,04-6936786,10300,51393783,2,תיקון מרכבי רכב | צבעות רכב,מוסטפא חסאן
60869,נגמי מוטורוס בע מ,מוסך מורשה,נוף הגליל,המעין 8 הר יונה,04-6461222,17880,515795706,5,מכונאות רכב בנזין | מכונאות רכב דיזל | חשמלאות רכב | תיקון מרכבי רכב | צבעות רכב,ג'ראיסי עיסא | סאיג טארק | סאיג וליד
60870,א.ר מילר - ראסם חסאן אליהו אוחנה,מוסך מורשה,חיפה,השיש21,054-4944108,26291,32818643,2,מכונאות רכב בנזין | מכונאות רכב דיזל,חסאן ראסם
60871,א.א שרותי רכב עפולה בעמ',מוסך מורשה,עפולה,מנחם בגין 196 ת.ד.3006,04-6402404,18390,513421735,8,מכונאות רכב בנזין | מכונאות רכב דיזל | תיקון אחזקת רכב חשמלי/היברידי | תיקון מרכבי רכב | צבעות רכב | תיקון והחלפת צמיגים | מכונאות אופנועים וקטנועים | תיקון טרקטורונים,מורלי אבירם
60872,ריא עבדאללה צמיגי תמר,מוסך מורשה,חיפה,רח' אריה שינקר 39,04-8720170,26000,,1,תיקון והחלפת צמיגים,ריא עבדאללה
60873,בכר ניסים מוסך למכונאות רכב,מוסך מורשה,טבריה,המלאכה 27 תד'1909 א.תעשיה,050-7371501,14107,,2,מכונאות רכב בנזין | מכונאות רכב דיזל,בכר ניסים
60875,רוחצאומט 1986 בע מ תיקון צמיגים,מוסך מורשה,חיפה,גרנד קניון חיפה תא חלוקה 175,04-8121828,32449,511098550,1,תיקון והחלפת צמיגים,אלחדיף יוסף
60877,מוסך תלי כץ בע מ,מוסך מורשה,עפולה,פנקס צבי 39 עפולה עילית,04-9817448,18350,514784818,2,מכונאות רכב בנזין | מכונאות רכב דיזל,כץ תלי
60878,מאזיד חליחל עכברה צפת מכונאות,מוסך מורשה,צפת,עכברה ד.נ.צפת,04-6921896,13915,,2,מכונאות רכב בנזין | מכונאות רכב דיזל,יאסין גאלב
60883,מאפיית דוידוביץ ובניו בע מ,מוסך מורשה,קריית אתא,יוסף בצרי 10 עיר גנים,072-2750800,28000,510720865,3,מכונאות רכב בנזין | מכונאות רכב דיזל | מכונאות דיזל משאיות ואוטובוסים,מינזל עלי
60887,מוסך מונזה בע מ,מוסך מורשה,עפולה,ת.ד.2838 השרטט  18,04-6401202,18127,512871690,5,אוטוטק רכב קל | מכונאות רכב גפ מ | תיקון אחזקת רכב חשמלי/היברידי | תיקון וכוון מתלים ברכב | בדיקת רכב לאחר תאונה,מלקס יצחק | יצחק מלקס
60890,אריק צמיגים בעמ קניון חיפה,מוסך מורשה,חיפה,דרך פלימן משה קניון חיפה,04-8510888,14000,514691351,1,תיקון והחלפת צמיגים,קליינמן אריה
60892,מוסך יעוץ מסחר ועולם הרכב,מוסך מורשה,עכו,רח' הארבעה 7 א.תעשיה,052-5698541,24517,,1,חשמלאות רכב,בדראן עבד
60894,י.ג'ינו  בע מ,מוסך מורשה,סח'נין,א.ת.סכנין ת.ד  1213,04-6749266,20173,514651124,2,תיקון מרכבי רכב | צבעות רכב,בדארנה יאסר
60904,מוסך גאזי ועזמי נג'אר בע מ,מוסך מורשה,עיילבון,א.ת.כפר עילבון ת.ד.450,04-6780106,16972,515622892,2,תיקון מרכבי רכב | צבעות רכב,נגאר מעלוף גאזי | נגאר מעלוף עזמי
60905,צמיגי בשיר חילו בע מ,מוסך מורשה,עראבה,כביש ראשי,04-6742320,24945,514537042,1,תיקון והחלפת צמיגים,חילו בשיר
60906,עלא אלדין אבו אלהיג'א,מוסך מורשה,נצרת,א.תעשייה המחצבה ת ד 6210,054-4830681,16000,,2,מכונאות רכב בנזין | מכונאות רכב דיזל,אבו אלהיג'א
60907,עדואן חיאדרה פנצריית כאוכב,מוסך מורשה,כאוכב אבו אל-היג'א,תחנת דלק כאוכב,052-2411879,20185,,1,תיקון והחלפת צמיגים,חיאדרי עדואן
60910,אגד חברה לתחבורה בע מ,מוסך מורשה,חיפה,מאיר זורע מס' 1 חוף הכרמל,04-8549256,35086,516041118,5,מכונאות רכב בנזין | מכונאות רכב דיזל | מכונאות דיזל משאיות ואוטובוסים | תיקון אחזקת רכב חשמלי/היברידי | תיקון וכיול טכוגרפים,צמח דוד | גרינברג דורון
60913,מולטי ריטייל גרופ בע מ,מוסך מורשה,עין שמר,מ.מסחרי עין שמר,052-5468718,38810,515546224,1,תיקון והחלפת צמיגים,טובי כמאל
60915,כהן דורון מעבדה אלקטרונית לרכב,מוסך מורשה,חדרה,"יהודי פקיעין 8 ,ת ד 3325",04-6337347,38132,,2,תיקון אחזקת רכב חשמלי/היברידי | חשמלאות רכב,דורון כהן | כהן דורון
60916,חלקי חילוף וגרר עבד בע מ מכונאות,מוסך מורשה,אום אל-פחם,ת ד 345,04-6310615,30010,513179051,2,מכונאות רכב בנזין | מכונאות רכב דיזל,אגבאריה איאד
60919,ג.ו. בית הרכב,מוסך מורשה,כרמיאל,החרושת 29.ד.1107 א.ת.,04-9985576,20100,301103867,4,מכונאות רכב בנזין | מכונאות רכב דיזל | אוטוטק מרכבי רכב וצביעתם | תיקון מלגזות הרמה,ג'אנם ודיע | איוב אדמון
60920,שני שירות לרכב בע מ,מוסך מורשה,קריית אתא,שלמה בן יוסף 38,04-4872023,28000,514268523,3,מכונאות רכב בנזין | מכונאות רכב דיזל | תיקון אחזקת רכב חשמלי/היברידי,שטרית אבי | שטרית אברהם
60929,גולדנברג יעקב מוסך מאסטר,מוסך מורשה,חיפה,האיצטדיון 41 ת.ד.25147,04-8491082,26248,311697767,2,מכונאות רכב בנזין | מכונאות רכב דיזל,גולדנברג יעקב
60931,מוסך מוניר חלו בע מ,מוסך מורשה,עראבה,עראבה כביש ראשי,04-6743453,24945,515587137,2,תיקון רדיאטורים )מצננים) | תיקון צנורות פליטה ודודי עמם,חילו מוניר
60932,חזן יעקוב אלקטריק רכב חשמלאות,מוסך מורשה,חדרה,סמטת תכלת 4,053-7599081,38100,,2,חשמלאות רכב | שירות תיקון למזגן אויר לרכב,חזן יעקוב
60933,גבאלי רג'א אוטו קיט צבעות רכב,מוסך מורשה,נשר,רחוב התעשיה תל חנן,054-4400001,20302,,1,תיקון והחלפת צמיגים,אבו ליל מוחמד
60942,חנדקלו איאד פרונט איאד הממוחשב,מוסך מורשה,כפר קרע,כביש ראשי  ת.ד.   86488,054-4750275,30075,,1,תיקון וכוון מתלים ברכב,חנדקלו איאד
60943,מוסך חדאד עזאם בע מ,מוסך מורשה,אעבלין,ת.ד 2302 גוש 12201 ח'78,04-9866343,30012,513697508,4,מכונאות רכב בנזין | מכונאות רכב דיזל | תיקון וכוון מתלים ברכב | בדיקת רכב לאחר תאונה,חורי מוסא
60944,מוסך מרצדס - דאור,מוסך מורשה,סח'נין,א.ת.חדש מול מ.הכדורגל תד'1953,050-5568125,20173,,2,מכונאות רכב בנזין | מכונאות רכב דיזל,אבו יונס עותמאן
60945,מוסך אבו חפיזה בע מ,מוסך מורשה,ערערה,א.תעשיה ת.ד.402,054-4410529,30010,512573460,1,תיקון והחלפת צמיגים,אגבריה אחמד
60946,מלאכי ארנון אנדורו,מוסך מורשה,פרדס חנה,רחוב תדהר 7,04-6373499,37000,,7,מכונאות רכב בנזין | מכונאות רכב דיזל | מכונאות אופנועים וקטנועים | אישור כשירות לצמ ה ומכונה ניידת | טרקטורים ומכונות ניידות | תיקון טרקטורונים | תיקון מלגזות הרמה,מלאכי ארנון
60953,פאר מוטי אוטולייט מכונאות רכב,מוסך מורשה,כרמיאל,רח' המלאכה 18 תד'1142,04-9987701,2100,,4,מכונאות רכב בנזין | מכונאות רכב דיזל | חשמלאות רכב | שירות תיקון למזגן אויר לרכב,פאר מוטי | פאר גיל
60954,חשמל ציוד כבד יוסף ובניו בע מ,מוסך מורשה,צפת,א.ת חדש צפת ת.ד 3063,04-6972851,13210,513192708,5,מכונאות רכב בנזין | מכונאות רכב דיזל | תיקון אחזקת רכב חשמלי/היברידי | חשמלאות רכב | שירות תיקון למזגן אויר לרכב,קסר אליעזר | טרדיו ראובן | טרדיו יוסף
60956,קוסקוסי אחמד מוסך תמד-ב נשר,מוסך מורשה,נשר,התעשיה 7,04-8212356,20302,28289817,2,מכונאות רכב בנזין | מכונאות רכב דיזל,קוסקוסי אחמד
60959,זבידאת סולימאן מוסך הכרמל,מוסך מורשה,תל חנן,ת.ד.314 התעשיה 22,04-8240035,20302,,2,מכונאות רכב בנזין | מכונאות רכב דיזל,זובידאת סולימאן
60962,מוסך .ע.פ.ר הגלבוע בע מ,מוסך מורשה,בית שאן,פארק הצבאים,054-7593437,10900,516825189,6,אוטוטק רכב קל | תיקון אחזקת רכב חשמלי/היברידי | תיקון מרכבי רכב | צבעות רכב | תיקון טרקטורונים | תיקון וכוון מתלים ברכב,עוקלה עלאדין | עאבד ויסאם
60963,ביליה חיים מכון למצננים ופליטה,מוסך מורשה,כרמיאל,ת.ד. 6437 רח' היוצרים25,04-9887814,20100,,2,תיקון רדיאטורים )מצננים) | תיקון צנורות פליטה ודודי עמם,ביליה חיים
60964,צ.ח.ר. שרותי רכב בע מ,מוסך מורשה,ראש פינה,צחר פארק תעשיות ת.ד.667,04-6802875,12000,,4,אוטוטק רכב קל | בדיקות-רכב )קניה ומכירה) | תיקון וכוון מתלים ברכב | בדיקת רכב לאחר תאונה,מריסאת מוחמד
60965,מוסך מגידו שרותי שמירה בע מ,מוסך מורשה,זלפה,ת.ד.169 מעלה עירון,050-7200676,30920,511320533,3,מכונאות רכב בנזין | מכונאות רכב דיזל | תיקון וכוון מתלים ברכב,אגבאריה ואיל | אגבאריה ואאל
60967,מזרחי דרור פנצרית א.ר.ש מגידו,מוסך מורשה,מגידו,מושב עין העמק א.ת מועצה אזורית מגידו,04-9890902,19250,,1,תיקון והחלפת צמיגים,מזרחי אופק
60974,חנוכה אייל מלגזות הרמה חדרה,מוסך מורשה,חדרה,רח' קומבה 34/א א.ת.דרומי חדרה,050-5218221,30182,,2,אישור כשירות לצמ ה ומכונה ניידת | תיקון מלגזות הרמה,חנוכה אייל
60975,מוסך כוכב ליין  בע מ,מוסך מורשה,קריית שמונה,א.ת.צפוני ת.ד 12342,052-2435449,10200,515000883,2,אוטוטק רכב קל | מכונאות דיזל משאיות ואוטובוסים,עואד סאמר
60976,מישל שאהין חשמל ומיזוג לרכב,מוסך מורשה,מעלות-תרשיחא,ת.ד.5812  א.תעשיה,04-9570575,24952,,2,חשמלאות רכב | שירות תיקון למזגן אויר לרכב,שאהין מישל
60982,אמנון מסילות בע מ,מוסך מורשה,כרמיאל,רחוב הנחושת 11 ת.ד.6271,04-9882818,21100,510917388,3,מכונאות רכב בנזין | מכונאות רכב דיזל | מכונאות דיזל משאיות ואוטובוסים,בכרי ג'מאל
60983,מטיילי צפת בכנען  בע מ,מוסך מורשה,דלתון,א.ת פארק תעשיות ת.ד.1,04-6990588,13810,511687279,3,מכונאות רכב בנזין | מכונאות רכב דיזל | מכונאות דיזל משאיות ואוטובוסים,אלפסי שמעון
60990,טופ ויילס ס.פ בע מ,מוסך מורשה,עפולה,שדרות מנחם בגין  68,050-9002976,18350,516903226,1,תיקון והחלפת צמיגים,גזאוי פארס
60994,מוסך סרחאן בע מ,מוסך מורשה,נחף,ת.ד 3005,04-9984373,20137,514068519,3,מכונאות רכב בנזין | מכונאות רכב דיזל | טרקטורים ומכונות ניידות,סירחאן מחמוד | סרחאן ג'מיל
60996,זובידאת חוסאם צמיגי הכפר 2005,מוסך מורשה,כפר חסידים א',א.ת.ת.ד 30,04-9040944,20400,,1,תיקון והחלפת צמיגים,זובדאת חוסאם
60998,אבדלימוב אולג מוסך אולג למכונאות,מוסך מורשה,חדרה,פרידלנדר 8 א. תעשיה ישן,050-3434704,38134,,2,מכונאות רכב בנזין | מכונאות רכב דיזל,אבדלימוב אולג
70000,מעבדת מכון התקנים  הישראלי,מוסך רישוי לרכב חדש,תל אביב -יפו,חיים לבנון 42,03-6465139,,500500137,1,רישום ראשוני לרכב חדש,ברן אורן
70001,מגל - אפקה מעבדת רכב בע מ,מוסך רישוי לרכב חדש,בית שמש,פארק תעשיות שורק,02-5910408,,515754455,1,רישום ראשוני לרכב חדש,מגל מאיר
70002,המעבדה האוניברסיטאית לתחבורה בעמ,מוסך רישוי לרכב חדש,אריאל,ת.ד 3,073-2123299,,515215242,1,רישום ראשוני לרכב חדש,קסלר דניאל
70004,המכון לחקר הרכב אייץ אי טי בע מ,מוסך רישוי לרכב חדש,כפר סבא,החרושת 2,09-7661147,,516274313,1,רישום ראשוני לרכב חדש,אלפסי אסף
90000,מוחמדבן דאהוד מוסך דיזל מחלף עיר,מוסך מורשה,ערערה,צומת ערערה תד' 1515,050-8663073,30026,201450491,5,מכונאות רכב בנזין | מכונאות רכב דיזל | מכונאות דיזל משאיות ואוטובוסים | טרקטורים ומכונות ניידות | תיקון מלגזות הרמה,בן דאהוד מחמד | בן דאהוד מוחמד
90002,נ.ר. כוכב המוס ע מ,מוסך מורשה,ריינה,ת.ד.254  א.תעשייה,050-5528955,16000,512243619,4,מכונאות רכב בנזין | מכונאות רכב דיזל | חשמלאות רכב | שירות תיקון למזגן אויר לרכב,נג'ים רמזי
90005,מוסך קו האופק רכב ויזמות בע מ,מוסך מורשה,טבריה,רח'  רבי חיים  א.תעשיה,04-6723898,14227,515388239,2,מכונאות רכב בנזין | מכונאות רכב דיזל,כהן ניר
90006,שער הגליל 2000 בע מ,מוסך מורשה,חצור הגלילית,ת.ד 24 א.תעשיה,04-6800264,10300,512969015,2,תיקון מרכבי רכב | צבעות רכב,אליאס ג'יריס | אליאס גיריס
90008,רואן צמיגים למסחר  (2018) בע מ,מוסך מורשה,טמרה,גני תמרה ת.ד 1298,050-6712510,30811,515938249,1,תיקון והחלפת צמיגים,דיאב כאמל
90009,מוסך מרכז אחים עיד בע מ,מוסך מורשה,עפולה,המלאכה 10 א.ת,04-6595739,18252,511481152,2,מכונאות רכב בנזין | מכונאות רכב דיזל,סעאידה עייד
90010,מוסך טוני מוטורס בע מ,מוסך מורשה,מעלות-תרשיחא,אזור תעשיה מעלות,04-9977072,24952,516365632,2,מכונאות רכב בנזין | מכונאות רכב דיזל,איוב טוני
90011,גליון אחמד פרונט אםאלפחם הממוחשב,מוסך מורשה,אום אל-פחם,אום אל פחם ת.ד 151,050-2040592,30010,,4,מכונאות רכב בנזין | מכונאות רכב דיזל | תיקון וכוון מתלים ברכב | בדיקת רכב לאחר תאונה,גליון אחמד
90012,צמיגי רמזי ובניו בע מ נצרת עלית,מוסך מורשה,נוף הגליל,רח' הפריון 2 א תד'21046,04-6451888,17000,513577320,1,תיקון והחלפת צמיגים,דבס וסים
90013,אוחיון חנניה בדק 2007,מוסך מורשה,קריית ביאליק,צור שלום  ת.ד. 1612,050-7881541,27000,,4,מכונאות רכב בנזין | מכונאות רכב דיזל | בדיקות-רכב )קניה ומכירה) | תיקון וכוון מתלים ברכב,אוחיון חנניה
90017,ג.פ.י מוטורס בע מ,מוסך מורשה,עכו,רחוב החרש 3,04-9955000,24000,512120247,6,מכונאות רכב בנזין | מכונאות רכב דיזל | תיקון אחזקת רכב חשמלי/היברידי | חשמלאות רכב | תיקון מרכבי רכב | צבעות רכב,סובח סובח | זערורה איאד | אבו רחמי זאהי
90023,עזמי עואד מוסך חביב פחחות וצבע,מוסך מורשה,טבריה,רח' יהודה הלוי 7,054-9706513,14000,,2,תיקון מרכבי רכב | צבעות רכב,עואד עזמי
90025,טייר סנטר רשת צמיגים בע מ,מוסך מורשה,עפולה,רח' העמל 3  עפולה עילית,04-6425557,18301,514583558,1,תיקון והחלפת צמיגים,נאמני ראובן
90029,רינאוי שירותי רכב בע מ,מוסך מורשה,כפר כנא,א.תעשיה חדש ליד תחנת משטרה,00-6519980,16930,512418534,6,מכונאות רכב בנזין | מכונאות רכב דיזל | מכונאות דיזל משאיות ואוטובוסים | תיקון אחזקת רכב חשמלי/היברידי | תיקון מרכבי רכב | צבעות רכב,בסול פאדל | אלבסול פדל | נגאר אוסאמה
90031,סטרטרים העמק בע מ,מוסך מורשה,עפולה,רח' המלאכה 6 א.ת עפולה,050-3958240,18301,516772027,1,חשמלאות רכב,זועבי מוחמד
90034,פנצ'ריית ויסאם בע מ,מוסך מורשה,סח'נין,ת.ד.  9774  ליד אצטדיון דוחא,04-6745954,20173,515005874,1,תיקון והחלפת צמיגים,סייד אחמד ויסאם
90035,אבו יונס זידאן מכונאות רכב סכנין,מוסך מורשה,סח'נין,א.ת.חדש תד'2559 ע'איצטדיון הכדורגל,050-5567719,20173,,2,מכונאות רכב בנזין | מכונאות רכב דיזל,אבו יונס זידאן
90036,ס.נ.ה שאמא מרכזי רכב בע מ,מוסך מורשה,נוף הגליל,א.ת.ציפורית תד'889,04-6553056,17000,516451234,7,מכונאות רכב בנזין | מכונאות רכב דיזל | מכונאות דיזל משאיות ואוטובוסים | תיקון אחזקת רכב חשמלי/היברידי | חשמלאות רכב | תיקון מרכבי רכב | צבעות רכב,שאמא נסרי | מאהלי חאתם | אבו סאלם סעיד
90041,מוסך נהריים בע מ,מוסך מורשה,אשדות יעקב (איחוד),קיבוץ אשדות יעקוב איחוד ד.נ עמק הירדן,04-6756298,15155,513744656,4,מכונאות רכב בנזין | מכונאות רכב דיזל | טרקטורים ומכונות ניידות | שירות תיקון למזגן אויר לרכב,זועבי ח'אלד
90045,בלומנפלד מאיר מחוונים,מוסך מורשה,חיפה,העמלים 3,04-8419717,31251,51241412,4,תחזוקה ובדיקת מערכת כיבוי אש באוטו' | תיקון וכיול טכוגרפים דגיטלי | תיקון מחוונים | תיקון וכיול טכוגרפים,בלומנפלד מתן
90050,טארק אמין מוסך אלאמין,מוסך מורשה,נוף הגליל,העבודה 12,052-7355552,17841,32978199,2,מכונאות רכב בנזין | מכונאות רכב דיזל,אמין טארק
90052,שלה נדים  מוסך אחים שלה,מוסך מורשה,ירכא,ת.ד.264 א.תעשיה חדש,00-9560513,24967,24758948,2,תיקון מרכבי רכב | צבעות רכב,עומר מוחמד
90056,ג'בארין מדחת מוסך מעלה עירון,מוסך מורשה,זלפה,זלפה ת ד 726 מעלה עירון,04-6402998,18975,,2,מכונאות רכב בנזין | מכונאות רכב דיזל,גבארין מדחת
90059,י.ברק  שירותי רכב בע מ,מוסך מורשה,בית שאן,מ.אזוריים ד.נ. עמק המעיינות,04-6065755,10900,515589877,2,תיקון מרכבי רכב | צבעות רכב,עיסא יוסף
90061,מוסך וגרר השלום מזאריב בע מ,מוסך מורשה,זרזיר,תד'8647 כפר מזריב בית זרזיר,052-8709109,16817,513820506,2,מכונאות רכב בנזין | מכונאות רכב דיזל,מזאריב כמאל
90062,מוסך האחים מ.ס.ו למשאיות בע מ,מוסך מורשה,ברק,א.תעשיה - מבואות הגלבוע,00-6426688,23100,513920306,3,מכונאות רכב דיזל | מכונאות דיזל משאיות ואוטובוסים | חשמלאות רכב,סלאם מוסטפא | ג'הגאה עוביידה
90064,בוקאי סאלח - מוסך סאלח,מוסך מורשה,קריית אתא,זבולון 164 ת.ד.416,054-5750740,28000,23194863,3,מכונאות רכב בנזין | מכונאות רכב דיזל | מכונאות דיזל משאיות ואוטובוסים,בוקאי סאלח
90065,חילו כמיל  מכון כל בודק,מוסך מורשה,עפולה,המלאכה 10   א.תעשיה,04-6453963,18120,58200007,1,בדיקות-רכב )קניה ומכירה),חלו כמיל
90066,אלמן נהאד מוסך כיסרא למכונאות,מוסך רישוי לציוד חקלאי,כסרא,ת.ד.602,050-7485052,20138,,11,מכונאות רכב בנזין | מכונאות רכב דיזל | תיקון אחזקת רכב חשמלי/היברידי | חשמלאות רכב | תיקון והחלפת צמיגים | בדיקות עשן ברכב דיזל | מוסך רישוי לציוד חקלאי | אישור כשירות לצמ ה ומכונה ניידת | טרקטורים ומכונות ניידות | תיקון טרקטורונים | תיקון מלגזות הרמה,אלמן שוקי | אלמן באדר
90067,זערורה מוחמד מוסך ענק הרכב,מוסך מורשה,שפרעם,א.תעשיה   ליד מוסך המשפחה,04-9860385,20200,,2,תיקון מרכבי רכב | צבעות רכב,זערורה מוחמד
90070,כסאברי נעים מוסך מרכז נצרת,מוסך מורשה,נצרת,רחוב המוסכים,050-75286281,16060,33917709,2,מכונאות רכב בנזין | מכונאות רכב דיזל,כסאברי נעים
90071,עתאמנה מוחמד מוסך ע.מ.ר.למכונאות,מוסך מורשה,באקה אל-גרביה,כביש אבו נאר ת ד 1407,050-7312517,30100,,2,מכונאות רכב בנזין | מכונאות רכב דיזל,עתאמנה מוחמד
90075,אלון שירותי רכב טובי בע מ,מוסך מורשה,תל חנן,רח' המסילה 3,04-8491647,36603,514056605,2,תיקון מרכבי רכב | צבעות רכב,דאמוני זיאד | נעמה גאלי
90077,יבגני מוסך אלינור,מוסך מורשה,קריית אתא,דרך חיפה 8 קריית אתא,052-5029777,28000,313111395,2,מכונאות רכב בנזין | מכונאות רכב דיזל,רקובסקי יבגני
90078,סטניסלבסקי תומר קפיצי רמלה,מוסך מורשה,חצור הגלילית,תד'339 א.ת.חצור,04-6937977,10300,,1,תיקון קפיצים ברכב מנועי,סטניסלבסקי תומר
90079,אגבריה ח'ליל מוסך אדריס למכונאות,מוסך מורשה,אום אל-פחם,תד'294 שכונת ג'בל אלקחאויש,04-6112089,30010,,2,מכונאות רכב בנזין | מכונאות רכב דיזל,אגבאריה ח'ליל
90082,גונדובין סרגיי מוסך מוטורס,מוסך מורשה,חיפה,רחוב כצנשטיין 45,04-8720575,26248,,2,מכונאות רכב בנזין | מכונאות רכב דיזל,גונדובין סרגיי
90087,חמאדה אחמד מוסך פחחות וצבע לרכב,מוסך מורשה,קריית ביאליק,רח' החרושת  ת.ד  1271 ביאליק,04-8741372,27000,,2,תיקון מרכבי רכב | צבעות רכב,חמאדה אחמד
90088,מסאדי מוחמד תיקון טרקטורים,מוסך רישוי לציוד חקלאי,כפר תבור,ת.ד.12 א.תעשיה,04-6769276,15241,58573007,6,בדיקות עשן ברכב דיזל | מוסך רישוי לציוד חקלאי | אישור כשירות לצמ ה ומכונה ניידת | טרקטורים ומכונות ניידות | תיקון טרקטורונים | תיקון מלגזות הרמה,מסאדי מוחמד
90090,טסט פיקס בע מ אור עקיבא,מכון רישוי,אור עקיבא,רחוב האילן 1 א.תעשיה חדש,04-6266332,30600,513623082,3,בדיקות עשן ברכב דיזל | מכון רישוי-פתוח לשרות הציבור | תיקון וכוון מתלים ברכב,דרוויש והיב
90092,אבו ליל עבד אל ראוף אגזוזים,מוסך מורשה,נוף הגליל,היצירה 3 א.ת.ג,050-2667766,17000,,1,תיקון צנורות פליטה ודודי עמם,אבו ליל עבד
90094,מוסך חמיידי אחזקה ותיקוני רכב,מוסך מורשה,נוף הגליל,רחוב החרושת 2/5 א.תעשייה ג,054-7336173,17000,,2,מכונאות רכב בנזין | מכונאות רכב דיזל,שייח' סלימאן פי
90099,אבו סריה נסרי - מוסך הארץ,מוסך מורשה,עפולה,המלאכה 4 עפולה,04-8208070,18301,,2,תיקון מרכבי רכב | צבעות רכב,סאלם חנא | ח'ורי ניקולא
90100,מרעי איאד,מוסך מורשה,ערערה,גוש 12165 חלקה 15 תד' 985,052-3876421,30026,,2,מכונאות רכב בנזין | מכונאות רכב דיזל,מרעי איאד
90103,מוסך דיזל חסן שהואן בע מ,מוסך מורשה,אכסאל,איכסאל תד'673 א.תעשיה,04-6560357,16920,511510299,1,אוטוטק מרכבי רכב וצביעתם,אבו ורדה מוחמד
90106,מיעארי ג'לאל מוסך רינו מיעארי,מוסך מורשה,סח'נין,א.ת.חדש תד'3864 גוש 19269 חלקה 20,052-2474746,20173,,2,מכונאות רכב בנזין | מכונאות רכב דיזל,מיעארי ג'לאל
90112,מוסך מלחם ועאטללה ב מ למכונאות,מוסך מורשה,ריינה,גוש 17510  תד' 6866 נצרת,04-6455159,16000,513910604,2,מכונאות רכב בנזין | מכונאות רכב דיזל,עטאללה סעיד
90114,התפארת שירותי רכב בע מ,מוסך מורשה,נוף הגליל,רח' המעין 8 הר יונה א. תעשיה,04-6556861,17800,,3,מכונאות רכב בנזין | מכונאות רכב דיזל | תיקון אחזקת רכב חשמלי/היברידי,חסן פיראס
90115,חסון מאהר - פרטונט העוקף,מוסך מורשה,דאלית אל-כרמל,א.תעשייה חדש,052-6684117,30056,,5,מכונאות רכב בנזין | מכונאות רכב דיזל | טרקטורים ומכונות ניידות | תיקון מלגזות הרמה | תיקון וכוון מתלים ברכב,חסון חסן
90118,א.פ.צ.שרותי רכב בע מ חדרה,מוסך מורשה,חדרה,קומבה    14 ת.ד. 3176,04-6337696,38131,512290834,2,אוטוטק רכב קל | תיקון אחזקת רכב חשמלי/היברידי,רכטר ירון
90121,בריק סאמר מוסך למכונאות הרמה,מוסך מורשה,מג'דל שמס,א.תעשיה ת.ד.219,04-6984419,12438,,3,מכונאות רכב בנזין | מכונאות רכב דיזל | מכונאות רכב גפ מ,בריק סאמר
90126,זערורה חליל פנצריית ספורי שפרעם,מוסך מורשה,שפרעם,ואדי סקיע עמוד א 1268,052-5236038,20200,,1,תיקון והחלפת צמיגים,זערורה ח'ליל
90127,הרדגום בע מ,מוסך מורשה,חיפה,המשביר 13 תד'25259 צ'ק פוסט,04-8421616,31250,513204941,1,תיקון והחלפת צמיגים,הרדוף שאול
90128,מחרז רבאח פנצרית חורפש,מוסך מורשה,חורפיש,תד' 241 כפר חורפש,04-9572044,25155,,1,תיקון והחלפת צמיגים,מחרז רבאח
90130,כהן ברי חשמל רכב בע מ,מוסך מורשה,טבריה,יהודה הלוי 36 תד'2263 א.תעשיה,04-6720203,14000,515364271,3,תיקון אחזקת רכב חשמלי/היברידי | חשמלאות רכב | שירות תיקון למזגן אויר לרכב,כהן ברי
90132,חילו מוחמד מוסטפא פנצ'ריית הגליל,מוסך מורשה,עראבה,עראבה גוש 19382חלקה 42,050-5929621,24945,,1,תיקון והחלפת צמיגים,חילו מוחמד
90133,אינפיניה בע מ,מוסך מורשה,חדרה,רחוב מייזר 1,052-8061610,38104,520018383,1,תיקון מלגזות הרמה,אבו פול מוחמד
90134,חאג' ג'יריס מוסך ג'ורג' אעבלין,מוסך מורשה,אעבלין,כפר אעבלין תד' 1315,04-9865807,30012,,2,מכונאות רכב בנזין | מכונאות רכב דיזל,חאג' ג'ריס | חאג' ג'יריס
90135,מנסור שרבל פנצרית צפת,מוסך מורשה,ג'ש (גוש חלב),מכיוון סאסא כביש ישן ת.ד. 6475,052-6564406,13872,,1,תיקון והחלפת צמיגים,מנסור שרבל
90136,כבהא סאמי מוחמד תיקון רדיאטורים,מוסך מורשה,כפר קרע,תד'816 ג'12132 ח'36,050-7282645,30023,,2,תיקון רדיאטורים )מצננים) | תיקון צנורות פליטה ודודי עמם,כבהא סאמי מוחמד
90138,גובראן כבהא  - מוסך גובראן,מוסך מורשה,ברטעה,כביש ראשי,04-6114848,30023,,2,מכונאות רכב בנזין | מכונאות רכב דיזל,כבהא גובראן
90141,צמיגי עירון בע מ כפר קרע,מוסך מורשה,כפר קרע,כ.ודי ערה תד'190 ג.12157 ח.50,04-6351972,30075,513547794,1,תיקון והחלפת צמיגים,כלף מג'די
90142,דובי וייס שרותים טכנים בע מ,מוסך מורשה,לוחמי הגיטאות,קיבוץ לוחמי הגטאות משק 119,04-9933877,25220,513511956,3,אישור כשירות לצמ ה ומכונה ניידת | טרקטורים ומכונות ניידות | תיקון מלגזות הרמה,דובי ויס | וייס דוב | וויס דב
90145,שלבי פואד מוסך שלבי למכונאות רכב,מוסך מורשה,מגדל העמק,א.תעשיה דרומי תד'380,04-6541407,10500,,3,מכונאות רכב בנזין | מכונאות רכב דיזל | תיקון וכוון מתלים ברכב,שלבי פואד
90146,אבו אחמד אחמד מוסך האחים נצרת,מוסך מורשה,נוף הגליל,המתכת 5 א. תעשיה ב,050-5745832,17000,,2,מכונאות רכב בנזין | מכונאות רכב דיזל,אבו אחמד המאם
90147,קיזמן שי שרותי רכב )כלבו המומחים,מוסך מורשה,נוף הגליל,הפריון 6/5 א.תעשיה ג,052-3200012,17000,,1,צבעות רכב,חכים נביל
90149,דעדוש אסעד מוסך דעדוש לפחחות,מוסך מורשה,אום אל-פחם,תד563 גוש 02340 חלקה 48,052-5910240,30010,,2,תיקון מרכבי רכב | צבעות רכב,דעדוש אסעד
90151,טאהא סלימאן פנצריית אפיקים,מוסך מורשה,אפיקים,קיבוץ אפיקים ד.נ עמק הירדן,054-4933135,15148,,1,תיקון והחלפת צמיגים,טאהא טארק
90153,אבו פדילי ח'אלד  מכון הספידומטר,מוסך מורשה,עכו,תד' 565  הגדוד  22,04-9916551,24518,,2,תיקון מחוונים | תיקון וכיול טכוגרפים,צוריאל אשר
90154,חלאילה מוזהר מוסך המומחים,מוסך מורשה,דייר חנא,ת.ד. 19391,050-7764352,24973,,2,מכונאות רכב בנזין | מכונאות רכב דיזל,חלאילה ג'דעון
90156,נעמה  יאסין   מוסך אחים נעמה,מוסך מורשה,שפרעם,א.ת שכ עוסמאן דרך המחצבה,04-9500136,20200,206050775,2,מכונאות רכב בנזין | מכונאות רכב דיזל,נעמה עאמר
90158,מיזרחי שלמה מוסך מרצדס למכונאות,מוסך מורשה,חיפה,רחוב החרמש 60 מפרץ חיפה,04-8413456,31254,,3,מכונאות רכב בנזין | מכונאות רכב דיזל | תיקון אחזקת רכב חשמלי/היברידי,מיזרחי שלמה | מזרחי אהרון רון | מזרחי אהרון רו
90159,גוזלן עודד - מוסך מסטר קאר,מוסך מורשה,טירת כרמל,המלאכה 5,04-8580304,39120,58759481,3,מכונאות רכב בנזין | מכונאות רכב דיזל | שירות תיקון למזגן אויר לרכב,חוסין יוסף | גוזלן עודד
90161,דניאל שמשון מרכז הצמיג עפולה,מוסך מורשה,עפולה,רח' הסדן 6 תד' 2719,04-6499857,18350,,1,תיקון והחלפת צמיגים,דניאל שמשון
90163,טיארה בהיג מוסך אלאמיר למכונאות,מוסך מורשה,כפר קרע,ת.ד. 86888  כפר ק'רע,050-5670815,30075,,2,מכונאות רכב בנזין | מכונאות רכב דיזל,טיארה בהיג
90164,חסון ולאא צמיגים,מוסך מורשה,דאלית אל-כרמל,כביש עוקף דליה,052-4416945,30056,301722856,1,תיקון והחלפת צמיגים,חסון רענן
90168,סרחאן נאיל מוסך אחים סרחאן,מוסך מורשה,יפיע,תד'1137 כביש ראשי ג'16873 ח'2,050-4260323,16955,,1,חשמלאות רכב,סרחאן נאיל
90169,רביע נדאף - מוסך נדאף רביע,מוסך מורשה,יפיע,תד'245 כביש ראשי ג'16873 ח'2,050-2393280,16955,39152285,2,מכונאות רכב בנזין | מכונאות רכב דיזל,נדאף רביע
90170,פנצ'ריית אמין  חיסאוי אמין,מוסך מורשה,פקיעין (בוקייעה),תד'126 גוש 19097 חלקה 55,052-3634589,24914,66086901,1,תיקון והחלפת צמיגים,חיסאוי אמין
90171,אורי סוכניות בע מ,מוסך מורשה,בוסתן הגליל,דרך הגנים 60 בוסתן הגליל,04-9553394,25213,516260072,2,מכונאות אופנועים וקטנועים | תיקון טרקטורונים,פורת אליהו
90174,פנצ'רייה ושטיפה השוק,מוסך מורשה,נהרייה,מתחם מסחרי חמד סנטר,052-8280885,21010,,1,תיקון והחלפת צמיגים,סכס יזיד
90175,זריק בלאל פרונט עילבון,מוסך מורשה,עיילבון,תד'160 ג'15412 ח'37,04-6781367,16972,,1,תיקון וכוון מתלים ברכב,זריק בלאל
90176,כלמוביל בע מ מרכז שרות כרמיאל,מוסך מורשה,כרמיאל,רחוב גזית 10 אזור תעשיה,04-9081881,20100,510242670,3,אוטוטק רכב קל | מכונאות דיזל משאיות ואוטובוסים | תיקון אחזקת רכב חשמלי/היברידי,סעד מחמד
90180,סוויפט מוסך בע מ למכונאות רכב,מוסך מורשה,חיפה,רח' אדיסון 17 מפרץ חיפה,04-8420385,32960,513916080,5,מכונאות רכב בנזין | מכונאות רכב דיזל | תיקון אחזקת רכב חשמלי/היברידי | תיקון והחלפת צמיגים | תיקון וכוון מתלים ברכב,חטייביץ מיכאל | ריצ'קוב אולג | מרזון אולג
90181,חילף מופיד מוסך כפר חסידים,מוסך מורשה,כפר חסידים א',ת.ד.195 א.תעשיה,04-9040955,20400,,4,מכונאות רכב בנזין | מכונאות רכב דיזל | תיקון מרכבי רכב | צבעות רכב,חילף מופיד
90182,א.ב. שוגן בע מ,מוסך מורשה,כפר כמא,גוש 15334 חלקה 65 ת.ד.332,04-6225209,15235,516434677,1,תיקון והחלפת צמיגים,שוכן אחמד
90184,אבו ואסל עמאד מוסך המשולש,מוסך מורשה,ערערה,אלדהראת תד'257 ערערה,04-6353715,30026,,2,מכונאות רכב בנזין | מכונאות רכב דיזל,אגבריה עבדאלטיף
90188,היתם עבדו מוסך זז קל למכונאות,מוסך מורשה,טירת כרמל,רח' הפטיש 1,050-8947735,30200,,2,מכונאות רכב בנזין | מכונאות רכב דיזל,הייתם עבדו
90189,קבלאן פארס צמיגי הבטיחות,מוסך מורשה,בית ג'ן,שכ' ח'משוחררים ת.ד.902,050-0,24990,,1,תיקון והחלפת צמיגים,קבלאן פארס
90191,דיאב פח'רי פנצ'ריה,מוסך מורשה,טמרה,גוש 18565 חלקה 96 ת.ד. 6305,04-9944199,24930,,1,תיקון והחלפת צמיגים,דיאב פח'רי
90199,אחים דבדוב פחחות וצבע בע מ,מוסך מורשה,מכר,גוש 18530 חלקה 31 ת.ד 425,052-7214996,25105,514632322,2,תיקון מרכבי רכב | צבעות רכב,הלון אליאס | דבדוב ח'אלד
90200,מאיר מרכזי שירות שותפות מוגבלת,מוסך מורשה,חיפה,יעקוב מושלי 13 תד'25166,04-8813000,31251,550278154,7,אוטוטק רכב קל | מכונאות דיזל משאיות ואוטובוסים | תיקון אחזקת רכב חשמלי/היברידי | תחזוקה ובדיקת מערכת כיבוי אש באוטו' | טרקטורים ומכונות ניידות | תיקון וכוון מתלים ברכב | מוסך נייד לחילוץ ולתיקוני חירום,גובס ברכאת | ברכאת גובס
90202,מוסך ת.ל.מ יוסי בע מ,מוסך מורשה,קריית ביאליק,רח' החרושת 30 ת.ד 1688,04-8774700,27113,514006824,3,מכונאות רכב בנזין | מכונאות רכב דיזל | חשמלאות רכב,צוונישוילי יוסף | צווניאשוילי יוס
90204,פרדינאל סלימאן מוסך פרדינאל,מוסך מורשה,אעבלין,גוש 12202 ת.ד.80,057-3703220,30012,,1,תיקון מרכבי רכב,פרדינאל סלימאן
90206,עבד אלעזיז מחמוד מוסך אחים עבד,מוסך מורשה,טמרה,גוש 18579 ח'94 ת.ד.30811,05-77439287,24930,,2,מכונאות רכב בנזין | מכונאות רכב דיזל,בשיר בשיר
90207,מג'יד סיף מכונאות רכב כללי,מוסך מורשה,יאנוח,ת.ד.1123 גוש 18731 חלקה 11,052-2251249,25145,,2,מכונאות רכב בנזין | מכונאות רכב דיזל,שולי מאדי
90212,מוסך שיבלי סלטאן,מוסך מורשה,שבלי - אום אל-גנם,ת.ד.363 כפר-שיבלי ג'17216 ח'30,050-7621555,16805,56862923,6,מכונאות רכב בנזין | מכונאות רכב דיזל | אישור כשירות לצמ ה ומכונה ניידת | טרקטורים ומכונות ניידות | תיקון מלגזות הרמה | שירות תיקון למזגן אויר לרכב,שיבלי סלטאן
90214,סלימאן מחמד מוסך סלימאן,מוסך מורשה,חגאגרה,גוש 17581 ת.ד. 245,050-5369564,36825,,2,מכונאות רכב דיזל | מכונאות דיזל משאיות ואוטובוסים,שחאדה ואיל
90217,אסעד בריק מוסך א.ב.,מוסך מורשה,מג'דל שמס,ת.ד.3216,050-7500728,12438,,2,תיקון מרכבי רכב | צבעות רכב,בריק אסעד
90218,אטיאס שלמה.סמי מיזוג אויר וחימום,מוסך מורשה,מגידו,מועצה אזורית מגידו בסמוך למוסך ראם,04-9937517,19230,,1,שירות תיקון למזגן אויר לרכב,אטיאס שלמה
90220,שי משה פולק מוסך בזלת,מוסך מורשה,בני יהודה,ת.ד.  362  א.תעשיה בני יהודה,054-8182982,12484,24343857,2,מכונאות רכב בנזין | מכונאות רכב דיזל,פולק שי משה
90221,לואי לפחחות וצבע בע מ,מוסך מורשה,חיפה,שד'ההסתדרות 215,04-8666273,32960,514679620,2,תיקון מרכבי רכב | צבעות רכב,בחוס חוסאם
90223,מוסך 5 דרייב מוטורס בע מ,מוסך מורשה,מג'דל שמס,ת.ד.  425 רמת הגולן,04-6870886,12438,514671205,3,מכונאות רכב בנזין | מכונאות רכב דיזל | תיקון אחזקת רכב חשמלי/היברידי,עואד אהאב | עואד איהאב
90226,עותמאני בדר מכונאות רכב  קרע,מוסך מורשה,כפר קרע,ג'12156 ח'25 ת.ד.142,050-7857030,30075,,6,מכונאות רכב בנזין | מכונאות רכב דיזל | בדיקות-רכב )קניה ומכירה) | טרקטורים ומכונות ניידות | תיקון מלגזות הרמה | תיקון וכוון מתלים ברכב,עותמאני בדר
90227,ע. גינא מוטורס בע מ,מוסך מורשה,מכר,ת.ד.948 ג'18545 ח'2,04-9996654,25105,516511128,2,תיקון מרכבי רכב | צבעות רכב,חליל עבד אלסלאם
90228,אמין וליד מוסך,מוסך מורשה,נוף הגליל,הפריון 5,054-6146917,17000,,2,מכונאות רכב בנזין | מכונאות רכב דיזל,אמין אמין
90229,אלמוג חיים אור וקור,מוסך מורשה,כרמיאל,רח'המתכת 26   ת.ד. 199,054-5246111,20100,,2,אוטוטק רכב קל | תיקון אחזקת רכב חשמלי/היברידי,אלמוג מתן
90230,סמאח אבו עואד צמיגי ואביזרי אמאר,מוסך מורשה,בוקעאתא,ד.נ.רמת הגולן ת.ד. 2294,04-6984355,12437,,1,תיקון והחלפת צמיגים,אבו עואד גלאל
90231,עסלי רפקי ובניו בע מ,מוסך מורשה,כפר קרע,גוש 12156 *ת.ד.204,04-6358061,30075,513352757,1,תיקון והחלפת צמיגים,עסלי מוסטפא
90232,מוסך ופנצ'ריה רהואן בע מ,מוסך מורשה,נהרייה,פורצי כלא עכו 1 נהריה,04-9966096,22447,515030815,4,מכונאות רכב בנזין | מכונאות רכב דיזל | תיקון והחלפת צמיגים | תיקון וכוון מתלים ברכב,אבו עקל סלים | אליאס אליאס
90237,חסן סמיר מוסך סמיר לפחחות רכב,מוסך מורשה,שפרעם,ג'10286 שכ' אלמידאן שפרעם,05-77468344,20200,,1,תיקון מרכבי רכב,חסן סמיר
90239,מוסך שרון א.ח שירותי רכב,מוסך מורשה,חיפה,ההסתדרות 232,04-8408823,32960,59353805,2,מכונאות רכב בנזין | מכונאות רכב דיזל,רבאח ח'אלד
90240,מוסד הטכניון ל ופתוח ב,מוסך מורשה,חיפה,רחוב מקלף  30 ת.ד' 25178,04-8419656,31250,510097918,1,בדיקת רכב לאחר תאונה,דוד יוחאי
90242,מוסך ראובן ובנו בע מ למלגזות,מוסך מורשה,קריית אתא,רח' המעפילים 17,04-8723229,28000,513632216,2,אישור כשירות לצמ ה ומכונה ניידת | תיקון מלגזות הרמה,קרויטורו אליעזר
90244,בדיקות רכב צ'ק פוינט בע מ,מוסך מורשה,חיפה,רח' הנפח 28 צ'ק פוסט,04-8404140,20302,516314655,2,מכונאות רכב בנזין | מכונאות רכב דיזל,עמרני גיא
90245,מוסך רספקט בע מ,מוסך מורשה,כרמיאל,חטיבת עציוני 137 כרמיאל,00-9886523,20100,515749232,2,אוטוטק רכב קל | תיקון אחזקת רכב חשמלי/היברידי,פוספשנוי סרגיי
90246,שירה וג'די פנצרית וג'די בית ג'אן,מוסך מורשה,בית ג'ן,ת.ד. 857 מול ת.דלק סונול,052-5933539,24990,,1,תיקון והחלפת צמיגים,שירה וג'די
90248,מוסך סטרט א.מ. בע מ,מוסך מורשה,קריית אתא,התעשייה 51,04-8728505,31086,516159134,6,מכונאות רכב בנזין | מכונאות רכב דיזל | מכונאות דיזל משאיות ואוטובוסים | חשמלאות רכב | תחזוקה ובדיקת מערכת כיבוי אש באוטו' | שירות תיקון למזגן אויר לרכב,מחול בשארה | מחול אבראהים | מח'ול בשאר אמי
90251,מ.מ.כ. מוסך מרכזי כרמיאל בע מ,מוסך מורשה,כרמיאל,רח' החרושת 31 ת.ד. 6403,00-9882220,20100,515282440,2,מכונאות רכב בנזין | מכונאות רכב דיזל,גולנד מקסים
90252,ה.שלומי מוסכים (95)2000בע מ,מוסך מורשה,חדרה,הזגג 24 ת ד 11044,04-6324463,38283,512232745,4,מכונאות רכב בנזין | מכונאות רכב דיזל | תיקון אחזקת רכב חשמלי/היברידי | תיקון והחלפת צמיגים,הרשקוביץ שלומי | הרשקוביץ שלמה | צפלר אמיר מנח
90254,וליד סמניה מוסך  וולו הונדה,מוסך מורשה,שפרעם,אזור תעשיה .ת.ד.336,050-5317436,20200,,2,מכונאות רכב בנזין | מכונאות רכב דיזל,סמניה עומר
90257,פייטון פרו בע מ,מוסך מורשה,נוף הגליל,רח' הפריון 4 א.תעשיה,052-6684143,17000,,2,מכונאות רכב בנזין | מכונאות רכב דיזל,ניקולאיב אלכסיי
90259,זובידאת חאלד מוסך אלזיתון,מוסך מורשה,בסמת טבעון,ת.ד. 5115  רח'  אלנכיל 5,052-4594309,36920,,2,מכונאות רכב בנזין | מכונאות רכב דיזל,זובידאת חאלד
90260,ראמי אבו חרב מוסך ראמי,מוסך מורשה,שפרעם,א.תעשיה ת.ד.23\201,050-8323897,20200,33349135,2,תיקון מרכבי רכב | צבעות רכב,קוט סאמי
90261,איהאב תלחמי מוסך,מוסך מורשה,שפרעם,א.תעשיה ת.ד.148,050-2273752,20200,,1,תיקון מרכבי רכב,תלחמי אהאב
90263,בטיח עזאם שרותי חשמל ואביזרים,מוסך מורשה,באקה אל-גרביה,עמ'192 א גוש'8751 ח'24,050-2484193,30100,,1,חשמלאות רכב,בטיח עזאם
90266,חאיכ עבדאללה פחחות וצבע לרכב,מוסך מורשה,חיפה,רח' האיטלקים 3,04-6206668,33266,,2,תיקון מרכבי רכב | צבעות רכב,קוט סלים | חג'אר רימון
90268,מח'ללאתי היתם פנצ'רית אלחמוי,מוסך מורשה,כפר יאסיף,ג'18770 ח'21 תד' 3408,054-5524014,24908,,1,תיקון והחלפת צמיגים,מח'ללאתי היסם
90274,אבו ג'בל סמיח מוסך היושר,מוסך מורשה,מג'דל שמס,א.תעשיה חלקה 2 ת.ד.1254,05-5508111,12438,,2,מכונאות רכב בנזין | מכונאות רכב דיזל,אבו ג'בל סמיח
90276,מוסך פרונט הצפון 1995)) בע מ,מוסך מורשה,כרמיאל,רח' היוצרים 23 ת.ד. 1040,04-9582826,20100,512182619,6,מכונאות רכב בנזין | מכונאות רכב דיזל | מכונאות דיזל משאיות ואוטובוסים | מסגרות רכב )תיקון ארגזים) | תיקון וכוון מתלים ברכב | בדיקת רכב לאחר תאונה,חוטבה ג'עפר | חוטבא ח'אלד | חוטבא ג'עפר | חוסיין אסעד
90278,ה.ב.רכבים בתנועה בע מ למכונאות,מוסך מורשה,חיפה,רח' האיטלקים 3,054-5454526,33266,514068394,2,מכונאות רכב בנזין | מכונאות רכב דיזל,זהראן נסרי
90280,מסארווה עואד מוסך למכונאות רכב,מוסך מורשה,כפר קרע,גוש 12128 חלקה 14 - רחוב יפו,052-8795003,30075,,5,מכונאות רכב בנזין | מכונאות רכב דיזל | תיקון מרכבי רכב | טרקטורים ומכונות ניידות | תיקון מלגזות הרמה,מסארווה עואד | מסארווה חסן
90283,רוטמן יעקב מוסך ירוק,מוסך מורשה,נהרייה,רח' בן גאון 36 נהריה,04-9824184,22212,,2,מכונאות רכב בנזין | מכונאות רכב דיזל,רוטמן יעקב
90287,אברהים עבד אלחלים מוסך ב.י.ע.א.,מוסך מורשה,מנשית זבדה,גוש 17479 ח'58\56 ת.ד.26,04-6415548,36590,,2,תיקון מרכבי רכב | צבעות רכב,עבד אלחלים אחמד | עבדאלחלים אברהם
90288,שלאעטה עזאלדין חשמל ומזוג א.לרכב,מוסך מורשה,סח'נין,גוש 19278  ת.ד.1182,050-9862213,20173,,2,אוטוטק רכב קל | תיקון אחזקת רכב חשמלי/היברידי,שלאעטה עז אל די
90289,עכאוי בסאם מוסך בסאם עכאוי,מוסך מורשה,שפרעם,רח' חסן נמר,057-5968515,20200,,2,תיקון מרכבי רכב | צבעות רכב,אליאס כאמל | עכאוי בסאם
90290,ראאיד וויסאם מוסך הפסגה,מוסך מורשה,מעיין צבי,א.תעשיה מעיין צבי,052-3394482,30805,558450417,5,מכונאות רכב בנזין | מכונאות רכב דיזל | מכונאות דיזל משאיות ואוטובוסים | תיקון מרכבי רכב | צבעות רכב,עיסאוי דאהוד | אבו אל היגא ראא
90293,קרית הרכב עכו בע מ,מוסך מורשה,עכו,א.תעשיה דרום תד'3232,04-9816438,24100,513025692,4,מכונאות רכב בנזין | מכונאות רכב דיזל | תיקון והחלפת צמיגים | תיקון וכוון מתלים ברכב,חוסין אוסאמה | ג'לאל מולא
90294,מוסך כמאל - ראוי וראמז,מוסך מורשה,חיפה,רחוב השיש 14 מפרץ,04-8416327,26291,33749185,1,תיקון מרכבי רכב,אבו אל זלף ראוי
90295,א.ש - שלומי אוקרט  סוכניות,מוסך מורשה,עפולה,רח'  החרוד 5,04-6400855,18126,,2,מכונאות אופנועים וקטנועים | תיקון טרקטורונים,חרירי מוחמד
90296,איתן וזאנה מוסך רכב הצפון 2007,מוסך מורשה,חצור הגלילית,א.תעשיה  ת.ד. 369,04-6930963,10300,,2,תיקון מרכבי רכב | צבעות רכב,חטיב עבד אלסלאם
90297,קדוש יגאל מוסך האומן,מוסך מורשה,חצור הגלילית,רח' המסגר 13  א.תעשיה,057-4271991,10300,,4,מכונאות רכב בנזין | מכונאות רכב דיזל | תיקון אחזקת רכב חשמלי/היברידי | בדיקות-רכב )קניה ומכירה),קדוש יגאל
90298,נעמה מוחמד מוסך נעמה מוחמד,מוסך מורשה,דייר אל-אסד,גוש 18972 ח'48 ת.ד.1279,054-4543197,20188,,2,מכונאות רכב בנזין | מכונאות רכב דיזל,נעמה מוחמד
90300,אבי ודודי תיקוני רכב בע מ,מוסך מורשה,טירת כרמל,קרן היסוד 20,04-8577714,30150,514073766,8,מכונאות רכב בנזין | מכונאות רכב דיזל | תיקון אחזקת רכב חשמלי/היברידי | חשמלאות רכב | תיקון מרכבי רכב | צבעות רכב | תיקון וכוון מתלים ברכב | שירות תיקון למזגן אויר לרכב,הלון סימון | קושנירמן זוהר | סבאח סלים
90301,פייגין יוליה מוסך מוסך יעקב,מוסך מורשה,קריית שמונה,א.ת. דרומי ת.ד.6263 מבנה 23,04-6902235,10200,,5,מכונאות רכב בנזין | מכונאות רכב דיזל | תיקון מרכבי רכב | צבעות רכב | תיקון וכוון מתלים ברכב,פייגין יעקב
90302,ליאור אזרד - אופיר מזוג ופנצ'ריה,מוסך מורשה,טבריה,רח' יהודה הלוי ת.ד. 607,04-6720222,14133,,2,תיקון והחלפת צמיגים | שירות תיקון למזגן אויר לרכב,אזרד ליאור | ליאור אזרד
90303,אביר הגיר בע מ,מוסך מורשה,רמת השופט,דאר נע רמת השופט,04-9898523,19238,514462316,1,תיקון תיבות הילוכים אוטומטיות,כהן אבי
90305,סזוקה ע.פ בע מ,מוסך מורשה,חיפה,רח' הקורנס 21,04-8724501,32960,514393362,2,מכונאות אופנועים וקטנועים | תיקון טרקטורונים,פלד עודד
90307,ד.ר.צמיגי יוניברס בע מ נשר,מוסך מורשה,תל חנן,ת ד  232 המסילה  22,052-5371247,20302,514151125,1,תיקון והחלפת צמיגים,זבוטה זאב
90309,חסנין באסם  מוסך הכפר,מוסך מורשה,אעבלין,גוש 12207 ח'3 ת.ד. 187,04-9861586,30012,,2,מכונאות רכב בנזין | מכונאות רכב דיזל,חסנין באסם
90310,מרכז שרות וחלקי חילוף האלוף,מוסך מורשה,נצרת,א.תעשיה המחצבה תד'9114,04-6470354,16130,53015525,2,מכונאות רכב בנזין | מכונאות רכב דיזל,נאסר דראר
90311,תייסיר חואלד מוסך שעב,מוסך מורשה,שעב,גוש 19732 ח' 143 ת.ד.231,00-9889429,20165,,2,תיקון מרכבי רכב | צבעות רכב,חואלד תייסיר
90313,אמון ק'אסם מוסך ק.א.הסדר,מוסך מורשה,דייר אל-אסד,גוש 18817 חלקה 1 ת.ד.789,054-4852548,20188,,2,תיקון מרכבי רכב | צבעות רכב,אמון ק'אסם
90315,ליאלי מסאלחה טייר פרו תל חנן,מוסך מורשה,נשר,רח' התעשיה 2,04-9910378,36660,316542679,1,תיקון והחלפת צמיגים,ביטון מאיר
90317,מוסך אלאמאני טמרה בע מ,מוסך מורשה,טמרה,א.תעשיה חדש ת.ד.942,054-5505860,24930,515357580,2,תיקון מרכבי רכב | צבעות רכב,זכריא יאסין
90319,דיזל חיפה מוסכים בע מ,מוסך מורשה,חיפה,האשלג 41 ציק פוסט,04-8422833,31253,514167758,1,חשמלאות רכב,קוט נידאל
90320,מונדיה מאמון מוסך מונדיה,מוסך מורשה,שפרעם,גוש 10275 חלקה 15 ת.ד.18,052-3930463,20200,,2,מכונאות רכב בנזין | מכונאות רכב דיזל,מונדייה מאמון
90326,זידאן ח'אלד ג'נרל גיר,מוסך מורשה,כפר מנדא,גוש 17571 ח'16 ת.ד.1683,052-3702518,17907,,1,תיקון תיבות הילוכים אוטומטיות,זידאן ח'אלד
90327,דקואר שריף אוטו פיקס,מוסך מורשה,פסוטה,גוש 21081 ח'16 ת.ד. 1070,05-23718962,25170,,3,מכונאות רכב בנזין | מכונאות רכב דיזל | תיקון והחלפת צמיגים,דקואר שריף
90328,סרחאן חמד מוסך כללי בני יחיא,מוסך מורשה,נחף,גוש 19142 ח'18 ת.ד.3034,04-9886774,20137,,2,תיקון מרכבי רכב | צבעות רכב,סרחאן חמד
90329,ואסף ארמלי פחחות וצבע,מוסך מורשה,שפרעם,א.תעשיה חדש מול מוסך נעמה,052-2268426,20200,,1,תיקון מרכבי רכב,ארמלי ואסף
90333,יוניברסל מוטורס ישראל בע מ,מוסך מורשה,חדרה,רח' מנאי 1 תד' 3010,04-6176555,38402,511809071,7,אוטוטק רכב קל | תיקון אחזקת רכב חשמלי/היברידי | תיקון מרכבי רכב | צבעות רכב | בדיקות-רכב )קניה ומכירה) | תיקון וכוון מתלים ברכב | תיקון תיבות הילוכים אוטומטיות,יוסף דורון | עלוש מאהר | אפלאלו ברק
90334,פסיסי מיסלח מוסך פסיסי,מוסך מורשה,שפרעם,א.ת.גוש 10286 ח'13 ת.ד.229,04-9503581,20200,,2,מכונאות רכב בנזין | מכונאות רכב דיזל,ארמלי ח'ליל
90335,קיה צפון אילן נחימוב בע מ חיפה,מוסך מורשה,חיפה,שד'ההסתדרות 215,04-8721416,32960,512412156,6,מכונאות רכב בנזין | מכונאות רכב דיזל | תיקון אחזקת רכב חשמלי/היברידי | תיקון והחלפת צמיגים | תיקון וכוון מתלים ברכב | שירות תיקון למזגן אויר לרכב,נחימוב אילן | אילן נחימוב | נג'אר פתחאללה
90336,חרמאן פריד מוסך עוספיה למכונאות,מוסך מורשה,עספיא,רח'אבא חושי תד'1181 כביש ראשי,04-8391541,30090,,2,מכונאות רכב בנזין | מכונאות רכב דיזל,חרמאן פריד
90337,מסארווה עבד אלרחים מוסך עבדואחיו,מוסך מורשה,כפר קרע,כביש ראשי ת ד 678,050-5958900,30075,,2,מכונאות רכב בנזין | מכונאות רכב דיזל,מחג'נה מוחמד
90338,זועבי חסן מוסך עפולה,מוסך מורשה,עפולה,קהילת ציון 35 א.תעשיה,04-6797086,18301,,2,מכונאות רכב בנזין | מכונאות רכב דיזל,זועבי חסן
90339,טייר סנטר רשת צמיגים בע מ,מוסך מורשה,קריית שמונה,א.תעשיה צפוני ת.ד. 441  מתחם סלילי חולה,04-6905858,11563,514583558,1,תיקון והחלפת צמיגים,בטחיש מחמד
90340,סופר פרונט צמיגים בע מ חדרה,מוסך מורשה,חדרה,רח' פרידלנדר א.ת תד'129,04-6344566,38000,513762179,5,מכונאות רכב בנזין | מכונאות רכב דיזל | מכונאות דיזל משאיות ואוטובוסים | תיקון והחלפת צמיגים | תיקון וכוון מתלים ברכב,שפרן עמירם
90343,קאר סנטר קרית שמונה בע מ,מוסך מורשה,קריית שמונה,א.תעשיה דרומי ת.ד. 5726,04-6997577,10200,513627380,4,חשמלאות רכב | תיקון מרכבי רכב | צבעות רכב | שירות תיקון למזגן אויר לרכב,והבה אלי | גירייס מאלכ
90344,שלח תאופיק  - מוסך מנסור 2001,מוסך מורשה,חיפה,טובים 5,053-3387666,32234,28157329,2,תיקון מרכבי רכב | צבעות רכב,שלח תאופיק
90345,המאיסטרו א.ע.יבוא ושיווק בע מ,מוסך מורשה,חיפה,רח' הקיטור 19 מפרץ,052-8989490,16955,514242478,1,תיקון והחלפת צמיגים,פאיד עיסא
90350,מוראד אנואר מוסך מוראד,מוסך מורשה,טמרה,א.תעשיה חדש ת.ד.6021,04-9942581,30811,,2,מכונאות רכב בנזין | מכונאות רכב דיזל,מוראד אנואר
90351,צעירי רונן חשמל רכב טרקטורים,מוסך מורשה,יבנאל,ישוב יבניאל ת.ד.220,04-6708778,15225,,1,חשמלאות רכב,צעירי רונן
90354,אבו אחמד בסאם מוסך מרצדס מכונאות,מוסך מורשה,ריינה,א.תעשיה חדש ריינה,04-6563586,16940,,2,מכונאות רכב בנזין | מכונאות רכב דיזל,אבו חמד בסאם
90355,שקיר ח'אלד חשמל ומגון לרכב,מוסך מורשה,ראמה,גוש 19170 ח'1 ת.ד.361,050-5390696,30005,,1,חשמלאות רכב,סרחאן אימן
90356,צמיגי האומן בע מ,מוסך מורשה,קריית ביאליק,רח' יוסף לוי 19 ת.ד.1659,04-8746949,27000,514536119,1,תיקון והחלפת צמיגים,איוב עלא
90357,אבו סריה מוסטפא מוסך אורות,מוסך מורשה,אור עקיבא,מרכז קופולוביץ תד' 59,04-6360155,30600,,2,תיקון מרכבי רכב | צבעות רכב,קוט כאמל
90358,אר מוטור ח.ב. סוכנויות בע מ,מוסך מורשה,טבריה,רח' יהודה הלוי א.תעשיה,04-6721070,14367,516578580,2,מכונאות אופנועים וקטנועים | תיקון טרקטורונים,סיסו אמנון
90359,מוסך י.זפרני בע מ,מוסך מורשה,קריית ביאליק,רח' הסדנא 12 א.תעשיה,04-8754441,27513,514206580,1,תיקון מרכבי רכב,זפרני אליהו
90360,ח'ורי פואז מוסך חורי פואז,מוסך רישוי לציוד חקלאי,אבו סנאן,ת.ד.  425 ...ת.ד.425,052-3786853,24905,20890653,5,בדיקות עשן ברכב דיזל | מוסך רישוי לציוד חקלאי | אישור כשירות לצמ ה ומכונה ניידת | טרקטורים ומכונות ניידות | תיקון מלגזות הרמה,תומה אלחור אהאב | תומא אלחור אהאב
90361,ס.ע. פנצ'ריות ושטיפת רכב בע מ,מוסך מורשה,עיילבון,א.תעשיה חדש ת.ד.309,04-6789965,16972,515170447,1,תיקון והחלפת צמיגים,סמעאן עאיד
90362,ג'מאל סאמי אלקטרו 2000,מוסך מורשה,אום אל-פחם,רחוב אלאנדלס ת ד 297,052-3922194,30010,29923125,2,חשמלאות רכב | שירות תיקון למזגן אויר לרכב,ג'מאל סאמי | גמאל סאמי
90364,קליל תעשיות בע מ,מוסך מורשה,כרמיאל,א.ת.חדש ת.ד.659,04-9900200,20100,520032442,1,תיקון מלגזות הרמה,קסטל אבי
90365,יעקב לוי פנצ'רית  בזק,מוסך מורשה,טבריה,רח' העמקים ת.ד.665,04-6790808,14200,,1,תיקון והחלפת צמיגים,לוי יעקב
90366,מ.פטין  1999  בע מ,מוסך מורשה,עכו,רח' הגדוד 22 ת.ד.2668,04-9916571,24518,512770033,6,מכונאות רכב בנזין | מכונאות רכב דיזל | תיקון אחזקת רכב חשמלי/היברידי | תיקון מרכבי רכב | צבעות רכב | אוטוטק תיקון והחלפת צמיגים,לייזר בנימין | מוגרבי פטין | אבו שנב עודאי
90367,גנטוס אליאס  פנצ'רייה,מוסך מורשה,מעלות-תרשיחא,א.תעשיה רח' המלאכה 3,04-9574907,24952,,1,תיקון והחלפת צמיגים,גנטוס אליאס
90371,עבד אלרחים סעיד את מוניר,מוסך מורשה,נחף,גוש 19135 ח'56 ת.ד.3008,054-7470039,20137,40503252,3,מכונאות רכב בנזין | מכונאות רכב דיזל | תיקון וכוון מתלים ברכב,עבד אלרחים סעיד
90374,זינגר אורי  מוסך נקודה טובה,מוסך מורשה,יסוד המעלה,יסוד המעלה,04-6953388,12105,,5,מכונאות רכב בנזין | מכונאות רכב דיזל | טרקטורים ומכונות ניידות | תיקון טרקטורונים | תיקון מלגזות הרמה,זינגר אורי
90375,חמוד בלאל  קירור וחמום לרכב,מוסך מורשה,דייר חנא,גוש 19418 ח'44 ת.ד.19127,050-6861946,24973,37326238,2,חשמלאות רכב | שירות תיקון למזגן אויר לרכב,חמוד בלאל
90379,טוני פדול רדיאטורים ואגזוזים,מוסך מורשה,כפר יאסיף,א.תעשיה ת.ד.615,04-9967306,24908,,2,תיקון רדיאטורים )מצננים) | תיקון צנורות פליטה ודודי עמם,פדול טוני
90381,סעיד עלי מוסך סעיד עלי,מוסך מורשה,דייר אל-אסד,גוש 18973 ח'8 ת.ד.1265,050-5566834,20188,,2,מכונאות רכב בנזין | מכונאות רכב דיזל,עלי סעיד
90382,ואיל פאעור - ואיל מוטורס,מוסך מורשה,כרמיאל,ת.ד 6348  ' היוצרים  א.ת. כרמיאל,04-9582442,20100,,2,מכונאות רכב בנזין | מכונאות רכב דיזל,פאעור ואיל
90387,נעום רידאן פחחות וצבע בתנור,מוסך מורשה,חיפה,המוסכים 27 מפרץ,04-6337796,26111,56866536,2,תיקון מרכבי רכב | צבעות רכב,נעום רידאן
90390,ג.ח. מוביליטי סחר והשקעות בע מ,מוסך מורשה,כפר קרע,תד'425_כביש ראשי כפר כרע,052-8540751,30075,515120632,2,מכונאות רכב דיזל | מכונאות דיזל משאיות ואוטובוסים,פיינברג ולדימיר
90391,תיקוני עבאדי בע מ לטרקטורים,מוסך מורשה,כפר קרע,תד'2228 אלקטאין,050-5300233,30075,513845412,4,אישור כשירות לצמ ה ומכונה ניידת | טרקטורים ומכונות ניידות | תיקון טרקטורונים | תיקון מלגזות הרמה,עבאדי גמאל | עבאדי ג'מאל
90392,המוסך הצרפתי מ.ע.  בע מ,מוסך מורשה,נוף הגליל,תד'4036 רח' היצירה 5,050-6824001,16000,515198919,2,מכונאות רכב בנזין | מכונאות רכב דיזל,רינאוי ג'מאל
90393,דראושה סלאח אור הצפון,מוסך מורשה,עראבה,א.ת.   ת.ד. 250,052-2855081,24945,,1,חשמלאות רכב,דראושה סלאח
90394,מוסך הגולן ג.ד.  בע ם,מוסך מורשה,קצרין,דרך המים 1  א.ת. קצרין,04-6850671,12900,516834496,3,מכונאות רכב בנזין | מכונאות רכב דיזל | תיקון אחזקת רכב חשמלי/היברידי,ארליך אופיר
90395,סייד אחמד פאיז קאיה יונדאי הגליל,מוסך מורשה,סח'נין,א.תעשיה סח'נין ת.ד. 14077,050-9843370,30810,,2,מכונאות רכב בנזין | מכונאות רכב דיזל,סייד אחמד פאיז
90397,אבו עוקסה מהנא מוסך האומן,מוסך מורשה,מעיליא,ת.ד. 1119 מעליא,04-9573451,25140,,5,מכונאות רכב בנזין | מכונאות רכב דיזל | חשמלאות רכב | אישור כשירות לצמ ה ומכונה ניידת | טרקטורים ומכונות ניידות,אבו עוקסה מהנא | אבו עוקסא מהנא | אבו עקסה מהנא
90399,עק'אב הייב מוסך אוטו פח,מוסך מורשה,זרזיר,א.תעשיה זרזיר,04-6514718,16817,,2,תיקון מרכבי רכב | צבעות רכב,הייב עק'אב
90400,שירותי אוטובוס מאוחדים בעמ,מוסך מורשה,נוף הגליל,תד'50256 א.תעשיה הר יונה,04-6535600,17000,513983593,10,מכונאות רכב בנזין | מכונאות רכב דיזל | מכונאות דיזל משאיות ואוטובוסים | תיקון אחזקת רכב חשמלי/היברידי | חשמלאות רכב | תיקון מרכבי רכב | צבעות רכב | תיקון והחלפת צמיגים | מוסך נייד לחילוץ ולתיקוני חירום | שירות תיקון למזגן אויר לרכב,חרירי ואיל | זרייק כרם | יזבכ מוחמד | עלי אחמד | טאהא עומר | ואאל חרירי
90401,זידאן ח'דר סאלח מוסך זידאן,מוסך מורשה,כפר מנדא,גוש 17562 ח'25 ת.ד.175,054-6981986,17907,,2,מכונאות רכב בנזין | מכונאות רכב דיזל,טאהא חאלד
90404,צמיגי אדמונד בגולן בע מ,מוסך מורשה,קצרין,א.תעשיה קצרין רמת הגולן,057-8668968,12900,514835495,1,תיקון והחלפת צמיגים,מטר אדמונד
90406,מסארווה ג'מיל פחחות רכב קרע,מוסך מורשה,כפר קרע,גוש 12148 חלקה 10 תד'641,050-6759703,30075,,1,תיקון מרכבי רכב,מצארווה גמיל
90407,מוסך האחים כרמיאל בע מ,מוסך מורשה,כרמיאל,רח' החרושת 31 ת.ד.6325,04-9885824,20100,514289792,2,אוטוטק רכב קל | תיקון אחזקת רכב חשמלי/היברידי,חלו עאמר
90408,אבו ריא עמאד מוסך מיצובישי,מוסך מורשה,סח'נין,א.תעשיה חדש ת.ד.1423,050-5472132,30810,,1,אוטוטק רכב קל,אבו ריא מוחמד
90410,מוסך המשפחה חג'אג' בע מ,מוסך מורשה,שפרעם,א.תעשיה שפרעם ת.ד.326,057-6630401,20200,513801522,2,מכונאות רכב בנזין | מכונאות רכב דיזל,חג'אג' וג'די
90412,אבדאח חאלד מוסך יארא,מוסך מורשה,כאבול,גוש 19601 ח'66 ת.ד.2177,04-9943018,24963,,2,מכונאות רכב בנזין | מכונאות רכב דיזל,אבדאח ח'אלד
90414,מוחמד סמאר מוסך הכוכב,מוסך מורשה,טמרה,א.תעשיה ת.ד.4343,052-4580583,30811,,3,מכונאות רכב בנזין | מכונאות רכב דיזל | מכונאות דיזל משאיות ואוטובוסים,עטאללה נסיף
90415,שרוני מוטורס בע מ,מוסך מורשה,קריית שמונה,א.ת.צפוני ק.שמונה ת.ד.1063,04-6817444,10200,514771948,3,מכונאות רכב בנזין | מכונאות רכב דיזל | תיקון אחזקת רכב חשמלי/היברידי,כהן שרוני
90421,יונס מוחמד_חשמלאות רכב י.מ.ה,מוסך מורשה,עארה,כפר ערה תד'21,050-7777951,30026,,2,חשמלאות רכב | שירות תיקון למזגן אויר לרכב,יונס מוחמד
90424,גורן רביב מוסך התותח לאופנועים,מוסך מורשה,חיפה,רח' חלוציי תעשיה 20,04-8401727,10393,,1,מכונאות אופנועים וקטנועים,גורן רביב
90425,מוסך ירין  שריקי אילן ושמעון,מוסך מורשה,תל עדשים,תל עדשים,052-6830231,19315,558400222,5,מכונאות רכב בנזין | מכונאות רכב דיזל | טרקטורים ומכונות ניידות | תיקון טרקטורונים | תיקון מלגזות הרמה,טרופר אריאל אי
90426,מסרי סאמר  מוסך סאמר,מוסך מורשה,עכו,רח' הגדוד העברי 22,04-9551005,24103,26374397,2,מכונאות רכב בנזין | מכונאות רכב דיזל,מסרי סאמר
90427,עלי גמל - מוסך האם,מוסך מורשה,כאבול,ת.ד.  1568 שכונת ולואדי,054-4901997,24963,25885427,2,מכונאות רכב בנזין | מכונאות רכב דיזל,ג'מל עלי
90428,הוארי דרויש גירומט הצפון,מוסך מורשה,שפרעם,א.תעשיה ת.ד.2012,050-4785001,20200,,1,תיקון תיבות הילוכים אוטומטיות,עוטמן מוחסן
90429,בליג' סרחאן צמיגי בירו,מוסך מורשה,מג'ד אל-כרום,ת.ד.1367 כביש שרות,04-9905464,20190,,1,תיקון והחלפת צמיגים,סרחאן בליג'
90430,עודה חוסאם פחחות מוסך נשר,מוסך מורשה,נשר,בר יהודה 17,052-2473199,20300,,2,תיקון מרכבי רכב | צבעות רכב,עודה חוסאם | עודה עלאא
90432,תיתי עלי מוסך עלי תיתי,מוסך מורשה,דייר אל-אסד,ת.ד. 393 דיר אלאסד,050-7235940,20188,,2,מכונאות רכב בנזין | מכונאות רכב דיזל,תיתי עלי
90434,מיטסוב אלכסנדר מכונאות רכב,מוסך מורשה,נוף הגליל,העבודה 19 א.ת ג,054-2021976,17841,,2,מכונאות רכב בנזין | מכונאות רכב דיזל,דאהר סמיר
90435,תורגי  אלון ויוסי י.א.מוטורס,מוסך מורשה,חדרה,ת.ד.1124 רח' המסגר 14 א.ת דרומי,04-6331333,38200,33517038,2,מכונאות רכב בנזין | מכונאות רכב דיזל,תורגי אלון
90438,עבדאללה אייל  מוסך אלאמאנה,מוסך רישוי לציוד חקלאי,כסרא,ת.ד.726 מעלה הגליל,050-6530051,20138,34088245,7,מכונאות רכב בנזין | מכונאות רכב דיזל | תיקון והחלפת צמיגים | בדיקות עשן ברכב דיזל | מוסך רישוי לציוד חקלאי | טרקטורים ומכונות ניידות | תיקון טרקטורונים,עבדאללה אייל
90439,חג'אזי מוחמד  פנצ'רית הצפון,מוסך מורשה,טמרה,גוש 18565 ת.ד.870,052-4241023,30811,,1,תיקון והחלפת צמיגים,חג'אזי מוחמד
90440,עופר חברה לרכב בע מ,מוסך מורשה,חיפה,ההסתדרות 183,04-8428183,32960,510483225,2,תיקון והחלפת צמיגים | מכונאות אופנועים וקטנועים,נחום איתי
90442,מוסך בית הכרם,מוסך מורשה,מג'ד אל-כרום,כביש שרות  ת.ד.1261,050-8310186,20190,,2,מכונאות רכב בנזין | מכונאות רכב דיזל,סרחאן גלאל
90445,מנאע סאמר - פנצ'רית השלום,מוסך מורשה,מג'ד אל-כרום,ת.ד.1065 ראשי,054-5714361,20190,,1,תיקון והחלפת צמיגים,מנאע סאמר
90446,מוסך מריסאת  פתחי,מוסך מורשה,עראבה,א.תעשיה עראבה,04-6778863,30812,23280316,3,מכונאות רכב בנזין | מכונאות רכב דיזל | שירות תיקון למזגן אויר לרכב,מריסאת פתחי
90447,תורג'מן שי וסגלוב עומרי מוסך שי,מוסך מורשה,קריית שמונה,א.ת. דרומי  ת.ד. 338,04-6904499,10200,33052309,2,מכונאות רכב בנזין | מכונאות רכב דיזל,תורגמן שי יצחק
90449,זידאן ג'סאן  מוסך אל אסראא,מוסך מורשה,כפר מנדא,עומר אל כתב,050-2829886,17907,,2,מכונאות רכב בנזין | מכונאות רכב דיזל,זידאן ג'סאן
90450,אס.או.אס. שרותי רכב בע מ,מוסך מורשה,חדרה,רח' קומבה 12 תד' 372,04-6333334,38103,511071292,6,מכונאות רכב בנזין | מכונאות רכב דיזל | תיקון אחזקת רכב חשמלי/היברידי | תיקון מרכבי רכב | צבעות רכב | תיקון וכוון מתלים ברכב,ניסנפור גבי | שאולי רן
90451,אבו חמדה מאהר  צמיגי דיאלה,מוסך מורשה,ירכא,ת.ד.  3350  כביש ראשי,050-7241403,24967,200749901,1,תיקון והחלפת צמיגים,אבו חמדה מאהר
90452,שעבאן נאפע  פחחות וצבע,מוסך מורשה,טמרה,כביש שרות א.ת.תמרה,052-5733757,30811,,2,תיקון מרכבי רכב | צבעות רכב,נאפע שעבאן
90457,אסעיפאו עמאר מוסך המומחה נצרת,מוסך מורשה,נצרת,רח' 6171\13 כביש עוקף נצרת עפולה,054-6569811,16000,,1,תיקון מרכבי רכב,אסעיפאן עמאר
90458,רכאב עבדו - מוסך גמיל כיוף,מוסך מורשה,עספיא,דרך אבא חושי ת.ד' 3354,04-6963456,30090,,2,תיקון מרכבי רכב | צבעות רכב,אידריס כארם | כיוף גמיל
90459,בסיס עבדאללה מוסך בסיס למכונאות,מוסך מורשה,דאלית אל-כרמל,רח' 2 תד'2534,04-8397238,30056,,2,מכונאות רכב בנזין | מכונאות רכב דיזל,בסיס עבדאללה
90463,אי ג'י אן אקספרס בע מ,מוסך מורשה,חיפה,חלוצי התעשייה 89,04-8411121,26294,514233329,3,תיקון והחלפת צמיגים | מכונאות אופנועים וקטנועים | תיקון טרקטורונים,שורקי גל
90465,נימרוד יעקוב  פנצ'רית חניון משה,מוסך מורשה,נהרייה,לוחמי הגיטאות 26,057-6519328,22447,,1,תיקון והחלפת צמיגים,סבג נימרוד י
90467,ארפאעיה אחמד מוסך למכונאות רכב,מוסך מורשה,סאלם,כפר סאלם תד' 6089,052-6973341,30920,,2,מכונאות רכב בנזין | מכונאות רכב דיזל,ארפאעיה אחמד
90468,זבולון אייץ .או. אס בע מ,מוסך מורשה,קריית אתא,רח' שלמה בן יוסף 11,04-8400772,28227,514605435,5,מכונאות רכב בנזין | מכונאות רכב דיזל | מכונאות דיזל משאיות ואוטובוסים | מסגרות רכב )תיקון ארגזים) | רפידות ותופי בלם,זבולון דוד | זבולון  דוד
90470,יגאל כהן-פרונט טכנו - קאר,מוסך מורשה,עפולה,רח' המלאכה 3,050-2501166,18350,,1,תיקון וכוון מתלים ברכב,כהן יגאל
90471,מוסך יונתן מיי פאוור בע מ,מוסך מורשה,נהרייה,א.תעשיה מילוטל ד.נ.גליל מערבי,04-9522272,22821,516765237,2,אוטוטק רכב קל | תיקון אחזקת רכב חשמלי/היברידי,דמרי רוני
90472,שלום יחזקאל- פנצ'רית השלום,מוסך מורשה,עפולה,קהילת ציון 13,050-7943617,18350,47246434,1,תיקון והחלפת צמיגים,שלום יחזקאל
90474,מוסך  דיזל מוהנד שהואן בע מ,מוסך מורשה,חבר,א.ת.חבר תענכים מבואות גלבוע,04-6522330,16043,515005528,4,מכונאות רכב דיזל | מכונאות דיזל משאיות ואוטובוסים | חשמלאות רכב | שירות תיקון למזגן אויר לרכב,סקר בראא | סק'ר בראא | שהואן מוהנד
90475,בולוס עבד אלמלכ פרונט יוקנעם,מוסך מורשה,יקנעם עילית,המלאכה 3,04-9592277,20692,,1,תיקון וכוון מתלים ברכב,עבד אלמלכ בולוס
90476,ר.א. מוטורס  מוסך וחלקי חילוף,מוסך מורשה,ירכא,כביש ראשי - ת.ד. 182,052-6573335,24967,,2,מכונאות רכב בנזין | מכונאות רכב דיזל,נביל אבו טריף
90477,גנאים מוחמדמכונאות רכב,מוסך מורשה,באקה אל-גרביה,רח אלקודס ת ד 1636,050-7288889,30100,,2,מכונאות רכב בנזין | מכונאות רכב דיזל,גנאים מוחמד
90478,ח'ליל פהד  מוסך  כיון מתלים ברכב,מוסך מורשה,טירת כרמל,קרן היסוד 20,04-8710567,30200,,4,מכונאות רכב בנזין | מכונאות רכב דיזל | תיקון וכוון מתלים ברכב | בדיקת רכב לאחר תאונה,ח'ליל אליאס | חליל אליאס
90480,פרו ג'יפ טק ישראל בע מ,מוסך מורשה,נשר,התעשייה 3,04-8492233,36883,515975407,2,מכונאות רכב בנזין | מכונאות רכב דיזל,משארקה מוסה
90481,מטר עיסא  חשמל רכב  מ.ר,מוסך מורשה,יקנעם (מושבה),רח' הבורשים ת.ד. 2187  א.תעשיה,04-9590224,20600,,1,חשמלאות רכב,מטר עיסא
90484,י.ס.מוסך לב העיר בע מ,מוסך מורשה,נוף הגליל,רח' היצירה 14 תד' 21015,04-6561616,17000,516698255,2,תיקון מרכבי רכב | צבעות רכב,זאמל יוסף
90485,בשארה אלקטרוניקס - עמאד בשארה,מוסך מורשה,נוף הגליל,היצירה 6,050-4411468,17000,,3,מכונאות רכב בנזין | מכונאות רכב דיזל | חשמלאות רכב,בשארה חביב
90486,סאלח איהאב מוסך פרח דלית אלכרמל,מוסך מורשה,דאלית אל-כרמל,תד'5436 רח' מס'12,04-8394227,30056,,2,מכונאות רכב בנזין | מכונאות רכב דיזל,סאלח איהב
90487,חמודה אבראהים  אור שפרעם,מוסך מורשה,שפרעם,א.תעשיה שפרעם ת.ד.693,04-9868086,20200,,2,חשמלאות רכב | שירות תיקון למזגן אויר לרכב,חמודה אבראהים
90488,עלאא חמאד  שיפוץ גיר אוט',מוסך מורשה,טמרה,א.תעשיה תמרה  ת.ד.3237,04-9943531,30811,,1,תיקון תיבות הילוכים אוטומטיות,חג'אזי עאמר
90489,ויקטור קסאברי  מוסך ויקטור,מוסך מורשה,עכו,א.תעשיה   עכו דרום,04-6990893,24103,,1,תיקון מרכבי רכב,קסאברי ויקטור
90495,ד.ס כרמיאל מוטורס 2010 בע מ,מוסך מורשה,כרמיאל,רח' שחם 8   ת.ד. 1108,04-9983256,20100,512076910,7,מכונאות רכב בנזין | מכונאות רכב דיזל | תיקון אחזקת רכב חשמלי/היברידי | תיקון מרכבי רכב | צבעות רכב | בדיקות-רכב )קניה ומכירה) | תיקון וכוון מתלים ברכב,דבאח מחמוד | חסן עלי
90500,מרכז שירות נ.ג בע מ,מוסך מורשה,נוף הגליל,רח' העבודה 20 נצרת עלית ג,04-6577322,17000,516928173,3,מכונאות רכב בנזין | מכונאות רכב דיזל | תיקון אחזקת רכב חשמלי/היברידי,אחמד זטמה חוסיי
90502,מוסך ג'מאל עאבד בע מ,מוסך מורשה,מג'ד אל-כרום,א.תעשיה מזרחי  ת.ד.  1482 מג'ד אלכרום,04-9080777,20190,513354308,3,מכונאות רכב בנזין | מכונאות רכב דיזל | מכונאות דיזל משאיות ואוטובוסים,עאבד ג'מאל
90503,ש.ס.מרכבים בע מ נצרת,מוסך מורשה,נצרת,רח'  12/3003  ת.ד. 50369,054-8125844,16162,513950121,1,אוטוטק מרכבי רכב וצביעתם,סרוג'י סיזאר
90504,קוברסי ויליאם מוסך ויליאם לפחחות,מוסך מורשה,ריינה,רח 7035/17,050-6714006,16000,,2,תיקון מרכבי רכב | צבעות רכב,קוברסי ויליאם
90506,דחלה מחמוד מוסך מיצובישי,מוסך מורשה,טורעאן,כביש שרות-ת.ד.2314,050-7936120,16930,,2,מכונאות רכב בנזין | מכונאות רכב דיזל,דחלה מחמוד
90507,איוב אליאס מוסך מכונאות,מוסך מורשה,ג'ולס,א.תעשיה ג'וליס ת.ד.55,04-6902072,24980,,2,מכונאות רכב בנזין | מכונאות רכב דיזל,דקואר מאהר
90508,פינטו מאיר חשמל ומיזוג אויר לרכב,מוסך מורשה,חיפה,מקלף 30 ציק פוסט,04-8412646,20302,,2,חשמלאות רכב | שירות תיקון למזגן אויר לרכב,פינטו מאיר
90510,צמיגי כרמל בע מ עודה חסן,מוסך מורשה,דאלית אל-כרמל,כביש ראשי מס 1,04-8394318,30056,511577116,1,תיקון והחלפת צמיגים,עודה חסן
90511,ג'בר תיתי  מוסך ג'בר תיתי,מוסך מורשה,בענה,כביש שרות ת.ד. 484  בענה,050-7671306,20189,,2,מכונאות רכב בנזין | מכונאות רכב דיזל,תיתי ג'בר
90513,ידי זהב אומני הפח והצבע בע מ,מוסך מורשה,טירת כרמל,העוצמה 11,04-8572304,30200,513364463,2,תיקון מרכבי רכב | צבעות רכב,זערורה עומר
90514,ביטון איתמר  מוסך ביטון בגליל,מוסך מורשה,קריית שמונה,א. תעשיה צפוני  ת.ד. 6535,04-6904619,10200,,2,מכונאות רכב בנזין | מכונאות רכב דיזל,ביטון איתמר
90516,א.זייבק שירותי רכב בע מ,מוסך מורשה,אפיקים,קבוץ אפיקים  ת.ד. 228  עמק הירדן,04-6709571,15148,512406497,2,תיקון מרכבי רכב | צבעות רכב,זייבק מוראד
90517,דוד מלכה שרותי חשמל רכב בע מ,מוסך מורשה,אפיקים,קבוץ אפיקים ת.ד. 152  עמק הירדן,04-6754893,15148,511926685,7,מכונאות רכב בנזין | מכונאות רכב דיזל | מכונאות דיזל משאיות ואוטובוסים | חשמלאות רכב | תחזוקה ובדיקת מערכת כיבוי אש באוטו' | תיקון טרקטורונים | שירות תיקון למזגן אויר לרכב,דוד מלכה | מלכה דוד
90518,קובי זוהר,מוסך מורשה,אפיקים,ד.נ. עמק הירדן ת.ד. 217,04-6754068,15148,,2,תיקון רדיאטורים )מצננים) | תיקון צנורות פליטה ודודי עמם,קובי זוהר
90519,שירה חברה לתיקון משאיות בע מ,מוסך מורשה,אפיקים,ד.נ. עמק הירדן  ת.ד. 553,04-6754014,15148,511494122,2,מכונאות רכב דיזל | מכונאות דיזל משאיות ואוטובוסים,חסן ג'דיר
90520,בלוט מוטורס בע מ,מוסך מורשה,נהרייה,רח' היוצרים א.ת-ת.ד. 1128,04-9525595,22110,514477215,3,מכונאות רכב בנזין | מכונאות רכב דיזל | תיקון וכוון מתלים ברכב,בלוט אדמונד
90523,פנצ'ריית המחלץ,מוסך מורשה,מגאר,שכ' רס אלחאבה ת.ד 2774,054-8624183,20128,,1,תיקון והחלפת צמיגים,סאלח נעים
90526,שירותי רכב בסאם בע מ,מוסך מורשה,באקה אל-גרביה,רחוב אלקראמה ת ד 255,052-4888853,30100,515958288,4,מכונאות רכב בנזין | מכונאות רכב דיזל | תיקון אחזקת רכב חשמלי/היברידי | חשמלאות רכב,אבומוך סעיד | אבו מוך סעיד | אבו מוך בסאם
90528,מוסך מוניות שלי )מעלות( בע מ,מוסך מורשה,עכו,א.תעשיה עכו דרום רח החרש,050-2500050,24103,513730580,2,מכונאות רכב בנזין | מכונאות רכב דיזל,מלכה מרדכי
90531,עספורה עטאף מוסך הכפר למכונאות,מוסך מורשה,בית ג'ן,תחנת דלק סונול תד' 1221,050-7778976,24990,,2,מכונאות רכב בנזין | מכונאות רכב דיזל,עספורה עטאף
90534,דאחי עאבד מכונאות רכב נצרת,מוסך מורשה,נצרת,רח' 2017\9 א.תעשיה נצרת,054-5430492,16000,,2,מכונאות רכב בנזין | מכונאות רכב דיזל,דאחי עאבד
90535,יוסף סוסחא  מוסך אוטו טק,מוסך מורשה,כפר כמא,ת.ד. 753  כפר כמא,052-7027821,15235,,2,מכונאות רכב בנזין | מכונאות רכב דיזל,סוסחא יוסף
90537,אבו דאהש פואד מוסך המעיין,מוסך מורשה,מעיין צבי,א.תעשיה מעיין צבי,052-6804496,30805,34580118,2,מכונאות רכב בנזין | מכונאות רכב דיזל,מסרי ג'מיל
90539,א.א. אילן)מוסך(פחחות וצבע בע מ,מוסך מורשה,חדרה,בעלי מלאכה 13 א.תעשיה צפוני,050-2208032,38491,515969939,1,תיקון מרכבי רכב,סולומונוב אילן
90540,גניים היתם מכונאות רכב,מוסך מורשה,נצרת,רח' המוסכים רח' 4040 מס' 1,054-9791785,16000,,2,מכונאות רכב בנזין | מכונאות רכב דיזל,גניים היתם
90542,א.שביט מרכז שירות ומכירה בע מ,מוסך מורשה,אלונים,קבוץ אלונים ת.ד.6  חוצות אלונים,04-9832744,36577,513037614,7,מכונאות רכב בנזין | מכונאות רכב דיזל | תיקון אחזקת רכב חשמלי/היברידי | חשמלאות רכב | תיקון מרכבי רכב | צבעות רכב | שירות תיקון למזגן אויר לרכב,שביט אוהד | נמורה זוהיר
90546,אחמד שדאפנה מוסך האחים,מוסך מורשה,אכסאל,א.תעשיה ת.ד.579,050-9110987,16920,,2,מכונאות רכב בנזין | מכונאות רכב דיזל,חוסיין אבראהים
90548,סאלח בשיר מסרי - מוסך האחים,מוסך מורשה,באקה אל-גרביה,רחוב אלסראט,050-7309774,30100,28374437,2,מכונאות רכב בנזין | מכונאות רכב דיזל,מסרי בשיר
90550,בלאל עלי  צמיגי כוכב התקר,מוסך מורשה,מכר,כניסה ראשית  ת.ד. 475,04-9566730,25105,,1,תיקון והחלפת צמיגים,בלאל עלי
90552,מוסך חסן אחמד ובניו בע מ,מוסך מורשה,טמרה,ת.ד. 921  א.תעשיה תמרה,052-8445070,24930,514768530,2,מכונאות רכב בנזין | מכונאות רכב דיזל,בלאל אחמד
90553,אחים סלאמה  פחחות וצבע בע מ,מוסך מורשה,ירכא,א.תעשיה ירכא  ת.ד. 4315,04-9566114,24967,514478742,2,תיקון מרכבי רכב | צבעות רכב,ריאד סלאמה
90556,יזיד חסן מוסך יזיד,מוסך מורשה,מג'ד אל-כרום,כניסה מערבית חדשה סג'ור,052-3740818,20190,,2,מכונאות רכב בנזין | מכונאות רכב דיזל,יזיד חסן
90557,ע.י.ר. עפולה מוטרוס ש.רכב בע מ,מוסך מורשה,עפולה,רח'  קידרון 1 עפולה,04-6093000,18711,512445370,4,אוטוטק רכב קל | תיקון אחזקת רכב חשמלי/היברידי | תיקון מרכבי רכב | צבעות רכב,רגב דגן | אשקר רמזי
90560,חבשי ראשד חשמלאות רכב הכפר,מוסך מורשה,אכסאל,תחנת דלק איכסל ת.ד.516,050-6616558,16920,,2,חשמלאות רכב | שירות תיקון למזגן אויר לרכב,חבשי ראשד
90562,ערו תאופיק - צמגי גת,מוסך מורשה,ג'ת,רח' הברקה  ת ש 1181,04-6282589,30091,205762412,1,תיקון והחלפת צמיגים,ערו טלעת
90563,אברהים סאמר - מוסך וחלקי חילוף,מוסך מורשה,מג'דל שמס,ת.ד. 268  מג'דל שמס,052-6559668,12438,,2,מכונאות רכב בנזין | מכונאות רכב דיזל,אברהים סאמר
90564,בטחיש סמיר - מוסך מכונאות כללי,מוסך מורשה,מסעדה,ת.ד. 604  מסעדה,057-6622932,12435,,2,מכונאות רכב בנזין | מכונאות רכב דיזל,בטחיש סמיר
90565,יעקב ודמיטרי מוסך אוטו ריאל .,מוסך מורשה,חיפה,יוסף לוי 5 קריית חיים,04-8726221,26291,321340846,2,מכונאות רכב בנזין | מכונאות רכב דיזל,חטייביץ דוד
90566,איברהים קורדי מוסך,מוסך מורשה,כפר יאסיף,א.תעשיה כפר יאסיף,050-7606640,24908,,2,מכונאות רכב בנזין | מכונאות רכב דיזל,אברהים קורדי
90567,גרייב באסם מוסך דאגנוזנה,מוסך מורשה,עילוט,אזור תעשיה עילוט מבנה 301,050-5462589,16970,,2,מכונאות רכב בנזין | מכונאות רכב דיזל,גרייב באסם
90568,היית'ם חוראני מוסך היית'ם,מוסך מורשה,מג'ד אל-כרום,כביש שרות  ת.ד. 691,05-28260516,20190,,2,מכונאות רכב בנזין | מכונאות רכב דיזל,חוראני היית'ם
90569,אימן מריסאת  מוסך אימן,מוסך מורשה,אעבלין,ת.ד. 2240  גוש 12210,05-24267140,30012,,2,מכונאות רכב בנזין | מכונאות רכב דיזל,עיסאוי האני
90570,גורג כוכב הרכב בע מ,מוסך מורשה,נוף הגליל,רח' היצירה 14 אזור תעשיה נצרת עלית ג,054-7414349,17000,516118262,2,מכונאות רכב בנזין | מכונאות רכב דיזל,חאג' כמאל
90571,מוסך מורדי סייקל,מוסך מורשה,טבריה,רח' גולני 4/102 טבריה,047-6720202,14100,,2,מכונאות אופנועים וקטנועים | תיקון טרקטורונים,מרדכי עמר
90572,אגרו תמיר תבור בע מ,מוסך רישוי לטרקטורים ורכב חדש,כפר תבור,א.תעשיה כפר תבור,04-8718010,15241,514037316,9,מכונאות רכב בנזין | מכונאות רכב דיזל | מוסך רישוי לציוד חקלאי | אישור כשירות לצמ ה ומכונה ניידת | רישום ראשוני לרכב חדש | רישום ורישוי לרכב חדש | טרקטורים ומכונות ניידות | תיקון טרקטורונים | תיקון מלגזות הרמה,פנקס דרור | רדנר גידי
90573,ד ר פח וצבע בע מ,מוסך מורשה,חדרה,המתכת 7,052-6366154,38501,512206954,2,תיקון אחזקת רכב חשמלי/היברידי | אוטוטק מרכבי רכב וצביעתם +מסגרות,לחאם מעאד
90574,אמסיס אדוניס  מוסך אמסיס מוטורס,מוסך מורשה,ג'ולס,א.ת. ג'וליס,052-5287203,24980,301225611,2,מכונאות רכב בנזין | מכונאות רכב דיזל,אמסיס אדוניס
90575,עלאא מובארכי -מוסך אחים מובארכי,מוסך מורשה,כפר יאסיף,כביש ראשי  ת.ד. 194,04-9564254,24908,,2,מכונאות רכב בנזין | מכונאות רכב דיזל,מובארכי עלאא
90576,אבו סלאח ג'אודת מזגנים,מוסך מורשה,סח'נין,א. ת. חדש  ת.ד.  2618,04-6749784,30810,,1,שירות תיקון למזגן אויר לרכב,אבו סאלח ג'אודת
90578,נסאר נאדר - מוסך השלום,מוסך מורשה,עראבה,כביש ראשי עראבה,052-6259896,30812,,1,תיקון מרכבי רכב,נאדר נסאר
90579,סעדה חיים ושלמה יעקוב מוסך מורן,מוסך מורשה,חדרה,רח'. מייזר 6 א.תעשיה ישן,054-3300255,38101,22137087,2,מכונאות רכב בנזין | מכונאות רכב דיזל,סעדה חיים
90580,רונן אליהו - מוסך רונן,מוסך מורשה,טבריה,רח' המלכה 1 מעל המכון,04-6715200,14200,,2,מכונאות רכב בנזין | מכונאות רכב דיזל,אבו קרט מקסים
90581,א.ד. יבוא ושיווק צמיגים,מוסך מורשה,טבריה,שדרות ספיר  ת.דלק פז טבריה עילית,050-3600470,14200,305351009,1,תיקון והחלפת צמיגים,דהן דוד
90585,רדא מזייד מוסך מכונאות,מוסך מורשה,מסעדה,ת.ד. 366 בתווך הכפר רמת הגולן,04-6984356,12435,,2,מכונאות רכב בנזין | מכונאות רכב דיזל,רדא מזייד
90586,רדא סמיח מוסך מכונאות,מוסך מורשה,מג'דל שמס,א.תעשיה ישן  ת.ד.1331,04-6871034,12438,,2,מכונאות רכב בנזין | מכונאות רכב דיזל,רדא סמיח
90587,נ.ב. פרנסוא בע מ,מוסך מורשה,כרמיאל,רח'  השיש  5  ת.ד. 1086,04-9585099,20100,514674662,7,אוטוטק רכב קל | תיקון אחזקת רכב חשמלי/היברידי | תיקון מרכבי רכב | צבעות רכב | תיקון והחלפת צמיגים | תיקון וכוון מתלים ברכב | בדיקת רכב לאחר תאונה,דרזי פיטר | פרסון נזאר | פרסון פרנסוא | חמודי חמודי
90588,זיאדנה מוחמד-מוסך עדן,מוסך מורשה,בוקעאתא,ת.ד.1007 בוקעאתה  רמת הגולן,054-5591889,12437,,2,תיקון מרכבי רכב | צבעות רכב,זיאדנה מוחמד
90591,מ.טבעון קאר בע מ,מוסך מורשה,בסמת טבעון,רח' יצחק רבין 48,052-4446888,36000,514362268,2,תיקון מרכבי רכב | צבעות רכב,סעדי עלא אלדי
90594,אבו נאסר נאסר מכונאות רכב,מוסך מורשה,ריינה,א.תעשיה ריינה,054-8189686,16410,,2,מכונאות רכב בנזין | מכונאות רכב דיזל,אבו נאסר נאסר
90596,רזקאללה אסדי מוסך ראזי,מוסך מורשה,דייר אל-אסד,ת.ד. 1169  כביש ראשי,052-2987307,20188,,2,מכונאות רכב בנזין | מכונאות רכב דיזל,אסדי רזק'אללה
90597,מורקוס מתא   מוסך מורקוס,מוסך מורשה,מעיליא,א.ת. מעיליא,052-2825368,25140,,2,מכונאות רכב בנזין | מכונאות רכב דיזל,מתא מורקוס
90599,בקרי באסם  מוסך באסם מוטורס,מוסך מורשה,בענה,ת.ד. 1026,050-5670059,20189,,3,מכונאות רכב בנזין | מכונאות רכב דיזל | תיקון והחלפת צמיגים,בקרי באסם
90601,מוסך קשת ח.ג. בע מ,מוסך מורשה,חדרה,רחוב המסגר 14 ת.ד. 406 חדרה,053-4627389,38501,516996618,2,תיקון מרכבי רכב | צבעות רכב,ג'אברין חאלד | ג'בארין מוחמד
90602,מוסך סאלח אמון בע מ,מוסך מורשה,כרמיאל,רח' החרושת 31  ת.ד. 6342,04-9881008,20100,514063965,2,תיקון מרכבי רכב | צבעות רכב,אמון סאלח
90604,טנוס מוטורס בע מ נצרת עלית,מוסך מורשה,נוף הגליל,רח' העבודה 12 ת.ד.2107,04-6460333,17510,514636026,5,מכונאות רכב בנזין | מכונאות רכב דיזל | תיקון אחזקת רכב חשמלי/היברידי | תיקון מרכבי רכב | צבעות רכב,טנוס אליאס | אבונסאר רוני | אבונאסר רוני
90605,טכנו פ.י.א. צפון בע מ,מוסך מורשה,חיפה,שדרות ההסתדרות 212 מפרץ חיפה,04-8493638,32960,513623074,1,בדיקות-רכב )קניה ומכירה),פאבל אולצבסקי
90607,נגררי הצפון  בע מ,מוסך מורשה,קריית ביאליק,ת.ד. 1662 מתחם מילוסיב,04-9847969,27116,512043019,5,מכונאות רכב בנזין | מכונאות רכב דיזל | מכונאות דיזל משאיות ואוטובוסים | חשמלאות רכב | רפידות ותופי בלם,פרץ מיכאל
90608,המסיע נסימי בע מ,מוסך מורשה,נהרייה,רח' היוצרים 13,04-9521010,22311,514156835,4,מכונאות רכב בנזין | מכונאות רכב דיזל | מכונאות דיזל משאיות ואוטובוסים | תחזוקה ובדיקת מערכת כיבוי אש באוטו',מלול משה
90609,זועבי פאיז  מוסך החלוץ,מוסך מורשה,עפולה,קהילת ציון,04-6420069,18350,,2,מכונאות רכב בנזין | מכונאות רכב דיזל,זועבי פאיז
90610,מ.בר תחזוקה בע מ,מוסך רישוי לרכב חדש,קיסריה,רח' הרדוף הנחלים,052-6664926,38900,512253600,3,רישום ראשוני לרכב חדש | טרקטורים ומכונות ניידות | תיקון מלגזות הרמה,כפיר איתן | אבו מוך יאסר
90613,סאבר עזאם  -  פחחות וצבע בתנור,מוסך מורשה,ג'ולס,ת.ד. 1483  א.תעשיה,05-77297685,24980,,2,תיקון מרכבי רכב | צבעות רכב,עזאם סאבר
90615,ביאדסה נאאל מכונאות רכב,מוסך מורשה,באקה אל-גרביה,ת.ד' 5017 אזור תעשיה,054-6731888,30100,,3,מכונאות רכב בנזין | מכונאות רכב דיזל | תיקון והחלפת צמיגים,ביאדסה נאאל
90617,אמפריה לפחחות וצבע בע מ,מוסך מורשה,כפר יאסיף,אזור תעשייה כפר יאסיף,054-5259800,24908,515244440,1,אוטוטק מרכבי רכב וצביעתם,דאוד איהאב
90619,רמאל רמאל  פנצ'רית רמאל,מוסך מורשה,ג'ולס,ת.ד.  3324 א.תעשיה,04-9961791,24980,,1,תיקון והחלפת צמיגים,רמאל רמאל
90620,שואהנה חוסין  -  עולם הצמיגים,מוסך מורשה,סח'נין,ת.ד. 9636  כביש ראשי ליד המכללה,054-6840851,30810,43109263,1,תיקון והחלפת צמיגים,שואהנה חסין
90624,מוסך יצחק בע מ,מוסך מורשה,בית שאן,מפעלים אזוריים בית שאן,052-8749444,10900,510711971,5,מכונאות רכב בנזין | מכונאות רכב דיזל | אישור כשירות לצמ ה ומכונה ניידת | טרקטורים ומכונות ניידות | תיקון מלגזות הרמה,פודי עבד
90625,נימר תייסיר  - פחחות רכב,מוסך מורשה,שפרעם,א.תעשיה  שפרעם,052-8157666,20200,,1,תיקון מרכבי רכב,נמירי תייסיר
90629,פראס חניף  צבעות רכב,מוסך מורשה,סח'נין,ת.ד.  7137   מול אצטדיון דוחא,050-7355257,20173,,2,תיקון מרכבי רכב | צבעות רכב,חניף פראס
90633,אסרף יותם חשמליית ברק,מוסך מורשה,קריית שמונה,א.ת. דרומי סמטת החושן,050-5752462,10200,305503583,1,אוטוטק רכב קל,גויכמן יבגני
90635,נח מנשה אילן - אוטולייט,מוסך מורשה,נהרייה,א.תעשיה מילוטל נהריה,04-9808345,22832,,3,מכונאות רכב בנזין | מכונאות רכב דיזל | חשמלאות רכב,וינר ארקדי | ח'טיב הארון
90637,ברוגרדי אלון,מוסך מורשה,שמרת,ת.ד. 202  קבוץ שומרת,050-7968651,25218,40164972,4,מכונאות רכב בנזין | מכונאות רכב דיזל | מכונאות אופנועים וקטנועים | תיקון טרקטורונים,ששון נאור | ליסיה אלדר
90640,סטולפניקוב ויקטור - מוסך ויקטורי,מוסך מורשה,קריית אתא,רחוב בצרי יוסף 2,04-8455502,28228,324743194,2,מכונאות רכב בנזין | מכונאות רכב דיזל,לנצמן אלכסנדר
90641,שלבי ווליד מוסך שלבי,מוסך מורשה,אכסאל,אזור תעשיה איכסל תד' 1000,054-8152507,16920,,2,מכונאות רכב בנזין | מכונאות רכב דיזל,שלבי וליד
90643,מוסא חשמל ומיזוג אוויר,מוסך מורשה,מכר,אזור תעשיה כפר מכר,054-795540,25105,,2,חשמלאות רכב | שירות תיקון למזגן אויר לרכב,מוסא מוסא
90644,ערטול  רביע   מוסך בוואריה,מוסך מורשה,סח'נין,א.ת. סכנין אחרי סטד דוחא,04-6743534,30810,,2,מכונאות רכב בנזין | מכונאות רכב דיזל,ערטול רביע
90645,כיאל מוניר  אמירקאן מוטורס,מוסך מורשה,כפר יאסיף,א.ת. כניסה לאולמי דאוד,050-7502792,24908,,2,מכונאות רכב בנזין | מכונאות רכב דיזל,כיאל מוניר
90647,יריב בן עזר  מיכון והנדסה בע מ,מוסך מורשה,בלפוריה,מושב בלפוריה,050-5293342,19305,513765644,2,טרקטורים ומכונות ניידות | תיקון מלגזות הרמה,יריב בן עזר
90648,עיאשה אוסאמה  צמיגי יבור,מוסך מורשה,כאבול,מתחם ת.דלק יבור  ת.ד. 1164,04-9580004,24963,,1,תיקון והחלפת צמיגים,עיאשה אוסאמה
90649,חוש השאם  - צמיגי מנדא,מוסך מורשה,כפר מנדא,ת.ד. 428 שכ' דרומית,054-8826024,17907,,1,תיקון והחלפת צמיגים,חוש הישאם
90652,צמיגי פרדיס בע מ,מוסך מורשה,פוריידיס,כפר פרדיס ת.ד.246,050-5961855,30898,515666295,1,תיקון והחלפת צמיגים,חארדאן מוחמד
90655,אניל אבו סאלח  מוסך אניל,מוסך מורשה,מג'דל שמס,ת.ד.3421  ד.נ רמת הגולן  א.תעשיה,04-6870956,12438,,2,מכונאות רכב בנזין | מכונאות רכב דיזל,אבו סאלח אניל
90656,ג'בארין נעמאן  מוסך אבו נעים,מוסך מורשה,זלפה,ת.ד. 47 זלפה,04-6527698,30920,,2,מכונאות רכב בנזין | מכונאות רכב דיזל,ג'בארין נעמאן | ג'בארין נעמאו
90658,מוסך קובי דגן נהריה בע מ,מוסך מורשה,נהרייה,פורצי כלא עכו 6  ת.ד. 83,04-9829129,22100,512062324,2,תיקון מרכבי רכב | צבעות רכב,קובי דגן
90659,אבו רג'ב אמין ומוחמד כיון פרונט,מוסך מורשה,נצרת,דרך עפולה נצרת תד' 3197,052-4866389,16490,52539178,1,תיקון וכוון מתלים ברכב,אבו רג'ב מוחמד
90660,מרכז שרות מוסטפא אמין דיזל בע מ,מוסך מורשה,טבריה,ת.ד. 111 פארק תעשיה קדמת גליל,050-4506661,15228,514717123,2,אוטוטק רכב קל | מכונאות דיזל משאיות ואוטובוסים,חאמד אבראהים | חאמד אברהים
90663,עיסא פתחי  מוסך ברק,מוסך מורשה,בית שאן,רחוב היצירה א.ת.צפוני,04-6060585,10900,,2,מכונאות רכב בנזין | מכונאות רכב דיזל,עיסא פתחי
90664,מוחמד מסארווה מוסך אבו עומרי,מוסך מורשה,ערערה,כפר ערערה תד' 441,052-7048534,30026,,2,מכונאות רכב בנזין | מכונאות רכב דיזל,אבו חלף יאסין
90665,אדמוז הרון  מוסך מוטו פיקס,מוסך מורשה,כפר כמא,ת.ד. 646 כפר קמא,052-2415284,15235,,4,מכונאות רכב בנזין | מכונאות רכב דיזל | מכונאות אופנועים וקטנועים | תיקון טרקטורונים,אדמוז הרון
90666,פאדי אבו סלמאן  - מוסך פארס,מוסך מורשה,עין קנייא,ת.ד. 416  עין קניה,04-6870921,12432,,2,מכונאות רכב בנזין | מכונאות רכב דיזל,עבד אלולי מעדאד
90667,יוסף עאק'ל  - צמיגי ג'אד,מוסך מורשה,ירכא,ג'דיידה מכר ת ד 587,04-9567779,24967,,1,תיקון והחלפת צמיגים,יוסף עקל
90669,מוסך סאמר סעידה בע מ,מוסך מורשה,פקיעין (בוקייעה),א.תעשיה חדש   ת.ד  273,04-9977034,24914,516068202,3,מכונאות רכב בנזין | מכונאות רכב דיזל | מכונאות דיזל משאיות ואוטובוסים,סעידה סאמר
90670,מוסך דיזל תמרה בע מ,מוסך מורשה,טמרה,א.תעשיה  ת.ד. 453,054-5212435,30811,515040459,2,מכונאות רכב דיזל | מכונאות דיזל משאיות ואוטובוסים,חג'אזי מחמד | חג'אזי מוחמד
90671,ארשיד האני מוסך ב.מ.ו,מוסך מורשה,נצרת,הר הקפיצה,054-4619330,16000,,2,מכונאות רכב בנזין | מכונאות רכב דיזל,מנסור סוהייל
90672,מג'אדלה חוסאם מרכז הרכב,מוסך מורשה,באקה אל-גרביה,ת.ד' 511 בקה אל גרביה,077-5412629,30100,,2,מכונאות רכב בנזין | מכונאות רכב דיזל,מג'אדלה חוסאם
90673,אבו סלאח נזיה חשמל תבור איכסל,מוסך מורשה,אכסאל,תחנת דלק ת.ד' 857 איכסל,050-5440213,16920,,1,חשמלאות רכב,אבו סלאח נזיה
90674,שי מגן מלגזות בע מ,מוסך מורשה,חיפה,רחוב הדגן 7,04-8420055,26247,511968083,3,אישור כשירות לצמ ה ומכונה ניידת | טרקטורים ומכונות ניידות | תיקון מלגזות הרמה,גורדין מיכאל
90676,זייד חסן מוסך למכונאות רכב,מוסך מורשה,עארה,כפר ערה ת.ד.754,052-3284482,30025,,2,מכונאות רכב בנזין | מכונאות רכב דיזל,זייד חסן
90677,מוסך טארק' בע מ,מוסך מורשה,קריית ביאליק,בעלי המלאכה 10,04-9550374,27000,514732676,4,מכונאות רכב בנזין | מכונאות רכב דיזל | מכונאות דיזל משאיות ואוטובוסים | תיקון מרכבי רכב,סבאח ח'אלד | אליאס כאמל
90679,קומפיוטסט עפולה בע מ,מוסך מורשה,עפולה,רח' השרטט  10  ת.ד. 29,050-4440460,18301,515051696,2,מכונאות רכב בנזין | מכונאות רכב דיזל,שטיינר יגאל
90681,שכיב גמאל מוסך שכיב,מוסך מורשה,ירכא,כביש עוקף  ת ד 3128,053-37760197,24967,,2,מכונאות רכב בנזין | מכונאות רכב דיזל,שכיב ג'מאל
90687,קעדאן ג'האד בית הרכב,מוסך מורשה,באקה אל-גרביה,רחוב העיריה א. תעשיה,050-7441303,30100,,2,מכונאות רכב בנזין | מכונאות רכב דיזל,קעדאן ג'האד
90688,נ.א. פאר הקאר בע מ,מוסך מורשה,עילוט,ראס אל תין 1 ת ד 461,050-2511808,16970,516960176,1,תיקון מרכבי רכב,קמוע ג'וזף
90689,פוסב איגור  מוסך אוטו סמייל,מוסך מורשה,קריית שמונה,א.תעשייה - הר כרמל 8/22,050-6346740,11559,,2,מכונאות רכב בנזין | מכונאות רכב דיזל,פוסב איגור
90690,פרץ דודו מוסך מ ד,מוסך מורשה,קריית אתא,קרן היסןד 7,052-4311352,28226,,2,מכונאות רכב בנזין | מכונאות רכב דיזל,בן זריהם גיא
90691,מוסך סויטי מוטורס,מוסך מורשה,קריית ביאליק,א.תעשיה רח' יסף לוי 36,050-7494355,27000,,2,מכונאות רכב בנזין | מכונאות רכב דיזל,עבד אל כרים עז
90692,מוסטפא טאהא   פנצ'ריה,מוסך מורשה,כאבול,ת.ד. 590  כביש שרות,05-22824808,24963,,1,תיקון והחלפת צמיגים,מוסטפא טאהא
90693,דורון אוהב ציון  - מוסך טופ מטאל,מוסך מורשה,אשדות יעקב (איחוד),ד.נ. עמק הירדן,04-6756290,15155,,2,תיקון מרכבי רכב | צבעות רכב,אוהב ציון דורון
90694,נתן קולפקצי-אריאל סגל-טבריה מוטו,מוסך מורשה,טבריה,ת.ד. 3355  א.ת. טבריה עילית ת.ד. 3355,04-6997000,14362,11301306,3,מכונאות רכב בנזין | מכונאות רכב דיזל | תיקון אחזקת רכב חשמלי/היברידי,קולפקצי נתן | קולפקצ'י נתן
90695,נביל קדאח  -  מוסך אמיר,מוסך מורשה,כרמיאל,רח'  המגל 6  א.תעשיה,052-6365652,20199,,2,תיקון מרכבי רכב | צבעות רכב,קדאח נביל
90696,גנאדי נמץ מוסך אוטומן,מוסך מורשה,חיפה,רחוב קצנשטיין 23 חיפה,054-5891628,26248,,2,מכונאות רכב בנזין | מכונאות רכב דיזל,גנאדי נמץ
90698,זטמה מחמוד מוסך אחים זטמה פחחות,מוסך מורשה,נצרת,ת.ד'.6831 שכ' כרם אלסאחב,053-4675437,16000,,2,תיקון מרכבי רכב | צבעות רכב,נסורי פואד | היארי וגיה
90699,סאלח פייסל מוסך פייסל סאלח,מוסך מורשה,ריינה,א.תעשיה חדש ריינה,050-5473088,16940,,2,מכונאות רכב בנזין | מכונאות רכב דיזל,סאלח פייסל
90701,פנצ'רית סנטר מלכה 2005 בע מ,מוסך מורשה,אפיקים,פארק תעשיה עמק הירדן מתחם ספן,04-6797009,14945,,2,תיקון והחלפת צמיגים | תיקון וכוון מתלים ברכב,מלכה תומר | מראדיאן עומרי
90702,ג'מאמעה נאג'י בע מ,מוסך מורשה,חיפה,יוליוס סימון 46,04-8401407,,512421652,1,תיקון והחלפת צמיגים,ג'מאמעה נאג'י
90704,מוסך אלרשיד בע מ,מוסך מורשה,סח'נין,ת.ד. 1157    א.תעשיה,050-4320090,30810,515007052,2,תיקון מרכבי רכב | צבעות רכב,טרביה עלי
90705,שבאט כרים   מוסך כרים,מוסך מורשה,ראמה,כביש ראשי   ראמה  בית ג'ן,04-9982312,30055,,5,מכונאות רכב בנזין | מכונאות רכב דיזל | אישור כשירות לצמ ה ומכונה ניידת | טרקטורים ומכונות ניידות | תיקון מלגזות הרמה,שבאט כרים
90706,תאמר ולואי נאסר מוסך אחים נאסר,מוסך מורשה,ראמה,ת.ד.  75  ראמה,050-4503579,30055,303088371,2,מכונאות רכב בנזין | מכונאות רכב דיזל,חביב מועין
90707,חג' עיסא עאטף פחחות וצבע לרכב,מוסך מורשה,נצרת,הר הקפיצה רחוב 16/705,04-6213788,16000,,2,תיקון מרכבי רכב | צבעות רכב,חג' עיסא עאטף
90709,אליאס ריא  פנצ'רית אלון,מוסך מורשה,אעבלין,ת.ד. 1187 מתחם ת.דלק אלון,04-9861033,30012,,1,תיקון והחלפת צמיגים,ריא אליאס
90712,פחחות הצפון  בסול ובניו בע מ,מוסך מורשה,קריית ביאליק,רח' החרושת 86  א.תעשיה ביאליק,04-8761447,27000,514072966,2,תיקון מרכבי רכב | צבעות רכב,בסול שאדי
90713,חוסיין סלאח מרכז שרות סאלח,מוסך מורשה,יפיע,ת.ד. 724   מס' 1 כביש ראשי,052-4893432,16955,,2,מכונאות רכב בנזין | מכונאות רכב דיזל,חוסיין סלאח
90716,גאלי פארס בודי פיקס,מוסך מורשה,נשר,התעשיה 44,04-6228845,20300,,2,תיקון מרכבי רכב | צבעות רכב,גאלי מחרז | חאייק ווליאם
90717,ג'מאמעה מוניר חשמלאות רכב יפיע,מוסך מורשה,יפיע,ת.ד. 610 יפיע נצרת כביש ראשי,050-7224049,16955,,2,חשמלאות רכב | שירות תיקון למזגן אויר לרכב,ג'מאמעה מוניר
90718,בשר אייל - פרונט  וצמיגי אייל,מוסך מורשה,מג'ד אל-כרום,ת.ד. 49 מג'ד אלכרום,052-2274198,20190,,1,תיקון והחלפת צמיגים,בשר אייל
90719,שמא ואפי - פנצ'רית אלחאג',מוסך מורשה,טמרה,ת.ד. 1998 מול מסגד אלקובה,050-4088336,30811,,1,תיקון והחלפת צמיגים,שמא ואפי
90720,סאמר פרעתאוי מוסך אבו ראמי,מוסך מורשה,טמרה,ת.ד. 1937  א.תעשיה,052-3748828,30811,,2,מכונאות רכב בנזין | מכונאות רכב דיזל,אבו רומי מוחמד
90721,טיאנו שי  טיאנו מוטורס,מוסך מורשה,חדרה,רחוב מייזר 8,077-5338005,38383,,1,אוטוטק אופנועים/קטונעים/טרקטרונים,טיאנו שי
90722,חביבאללה יוסף מוסך מכונאות רכב,מוסך מורשה,עין מאהל,ת ד 1028,050-5870488,17902,,2,מכונאות רכב בנזין | מכונאות רכב דיזל,חביבאללה יוסף
90723,ח.איוב יבוא ושיווק צמיגים בע מ,מוסך מורשה,חיפה,רחוב השיש 10,04-8417214,32960,516231925,2,תיקון והחלפת צמיגים | תיקון וכוון מתלים ברכב,אבו חדרה חליל | חזן מיכאל
90725,פאדי עבד אלחלים מוסך כללי,מוסך מורשה,מגדל העמק,ת.ד.  175  א.תעשיה,052-3410361,23103,208867895,2,מכונאות רכב בנזין | מכונאות רכב דיזל,אפללו שלמה
90727,חורי עסקי רכב פרימיום בע מ,מוסך מורשה,חיפה,שדרות ההסתדרות 146,053-7817887,32960,516941622,1,אוטוטק מרכבי רכב וצביעתם,ח'ורי בסאם
90729,ש.אחים זהר לרכב בע מ,מוסך מורשה,נצרת,רחוב המוסכים 5\3033 א. תעשיה,054-7691627,16167,514699610,1,תיקון והחלפת צמיגים,זהר שיבלי
90731,פנצ'ריית הכפר אטרש עבד,מוסך מורשה,דבורייה,ת.ד. 930  כיכר ראשי שמ',054-8014103,16910,,1,תיקון והחלפת צמיגים,אטרש עבד אלרחמן
90733,מטאנס ברג'אס   חשמל רכב,מוסך מורשה,אעבלין,אחרי ת.דלק גל אעבלין,052-8950701,30012,,1,חשמלאות רכב,ברגאס מטאנס
90735,ארקיה איהאב - צמיגי חביב,מוסך מורשה,באקה אל-גרביה,כביש ראשי,04-6226369,38815,35705573,1,תיקון והחלפת צמיגים,שחודה מנשה
90737,טחיבש אחמד  ספיד קאר,מוסך מורשה,כפר יאסיף,א.תעשיה ת.ד. 166,050-7652549,24908,,2,תיקון מחוונים | תיקון וכיול טכוגרפים,טחיבש אחמד
90738,אולג חמלניצקי מוסך אולג וגידעון,מוסך מורשה,מגדל העמק,הנגר 11,052-6596941,10500,,2,מכונאות רכב בנזין | מכונאות רכב דיזל,אוגניסתוף גדעון
90740,סראחנה מוחמד צמיגי בת גלים,מוסך מורשה,חיפה,רחוב יפו 154 ת.ד 96433,04-8517756,35252,,1,תיקון והחלפת צמיגים,סראחנה איאד
90741,חוסאם סנונו  חשמל רכב,מוסך מורשה,אבו סנאן,ת.ד.  770  אבו סנאן,04-9963111,24905,,1,חשמלאות רכב,סנונו חוסאם
90742,טמם רוני מוסך לפחחות וצבעות רכב,מוסך מורשה,חדרה,רח' בעלי המלאכה 23 אזה ת הצפוני,04-8444035,38201,,2,תיקון מרכבי רכב | צבעות רכב,טמם רוני
90744,עבד אל רחמאן עבוד-רחיצה ופנצרייה,מוסך מורשה,עילוט,ת.דלק סונול,052-5083223,16970,34641670,1,תיקון והחלפת צמיגים,עבוד עבד אלרח
90745,מוסך בוק'אעי נוראלדין,מוסך מורשה,כאבול,ת.ד. 2072,054-4568170,24963,,2,מכונאות רכב בנזין | מכונאות רכב דיזל,נוראלדין בוקאעי
90747,חסן נעמה מוסך פחחות וצבע,מוסך מורשה,בענה,אחרי תחנת פז ת ד 810,054-7832745,20188,23219132,2,תיקון מרכבי רכב | צבעות רכב,נעמה חסן
90748,מובילי מעונה בע מ,מוסך מורשה,מעלות-תרשיחא,א.תעשיה מעלות,04-9076005,24952,511350696,3,מכונאות רכב בנזין | מכונאות רכב דיזל | מכונאות דיזל משאיות ואוטובוסים,ראשד סאמי
90749,חאג' בורהאן  מוסך בורהאן,מוסך מורשה,טמרה,ת.ד. 289  א.תעשיה,050-5686166,30811,,2,מכונאות רכב בנזין | מכונאות רכב דיזל,כסאברי אוליבר
90751,ביאדסה ריאד כל סוגי המנועים,מוסך מורשה,באקה אל-גרביה,ת.ד' 1009 בקה אל גרביה,04-6383471,30100,,4,מכונאות רכב בנזין | מכונאות רכב דיזל | טרקטורים ומכונות ניידות | תיקון מלגזות הרמה,ביאדסי ויסאם | ביאדסה וסאם | בידסה וסאם
90752,קשקוש פואז חשמל ומיזוג לרכב,מוסך מורשה,דאלית אל-כרמל,כביש עוקף דליה,050-7299229,30056,,2,חשמלאות רכב | שירות תיקון למזגן אויר לרכב,קשקוש פואז
90753,עבד רבו יוסף פחחות וצבע לרכב,מוסך מורשה,נוף הגליל,העבודה 73,050-7703546,17000,,2,תיקון מרכבי רכב | צבעות רכב,שהאב סקנדר
90754,מחאמיד איאד מוסך אלוקאלה,מוסך מורשה,אום אל-פחם,שכ אלקחאוש  תד' 2318,050-2020050,30010,,1,תיקון מרכבי רכב,מחאמיד איאד
90755,אוסטין טמיר דני ספידומטר,מוסך מורשה,חדרה,המסגר 14 איזור תעשיה דרומי,052-7483334,,,2,תיקון מחוונים | תיקון וכיול טכוגרפים,אוסטין טמיר
90756,שאוקת אברהים מוסך,מוסך מורשה,סאג'ור,ת.ד. 6,052-3158743,20130,,2,מכונאות רכב בנזין | מכונאות רכב דיזל,שאוקת אברהים
90759,של טל הובלה חקלאית בע מ,מוסך מורשה,כרמיאל,רח' היוצרים 19,050-2029331,20100,515903326,1,מכונאות דיזל משאיות ואוטובוסים,סלאמנה אבראהים
90760,מרזוק' מאדה מוסך עפו ובניו,מוסך מורשה,אבו סנאן,ת.ד.  3301,052-7546280,24905,,2,מכונאות רכב בנזין | מכונאות רכב דיזל,מרזוק מאדה
90761,טייר פרו צפון בע מ - כרמיאל,מוסך מורשה,כרמיאל,רח' היוצרים 25,04-6308604,20100,513950402,1,תיקון והחלפת צמיגים,אזולאי משה
90764,מוסך עולם הרכב ש. א בע מ,מוסך מורשה,מעיליא,א. תעשיה מעיליא,050-3090287,25140,517117800,2,תיקון מרכבי רכב | צבעות רכב,שמא שקיב
90765,אילן מזוז אוטו פז,מוסך מורשה,צפת,רח' העצמאות 1 ת.דלק פז,053-2225552,13000,,1,תיקון והחלפת צמיגים,מזוז אילן
90766,אור אמנוני  מוסך אופנועים,מוסך מורשה,כרמיאל,רח' הנפח 20   ת.ד. 484 א.תעשיה,054-5991666,20100,,2,תיקון והחלפת צמיגים | מכונאות אופנועים וקטנועים,אמנוני אור
90768,סלטאן סיף   מלך הרכב,מוסך מורשה,יאנוח,ת.ד. 1336 כניסה לכפר,057-2242810,25145,,1,תיקון והחלפת צמיגים,סייף סולטאן
90770,מוסך פקרי אבו חמד,מוסך מורשה,כפר קרע,ת.ד. 857  כפר ק'רע,050-7939793,30075,,2,מכונאות רכב בנזין | מכונאות רכב דיזל,אבו חמד פקרי
90771,גולדן סוכניות אוטובוסים ושות',מוסך מורשה,קריית אתא,א.תעשיה עיר גנים,050-7746418,28000,510421787,3,מכונאות דיזל משאיות ואוטובוסים | תיקון אחזקת רכב חשמלי/היברידי | חשמלאות רכב,ג'בור יוסף | ג'בור בשארה
90772,מועתסם נעאמנה מוסך,מוסך מורשה,עראבה,א.ת. עראבה,052-4304123,30812,,2,תיקון מרכבי רכב | צבעות רכב,מועתסם נעאמנה
90775,בני את פרג' רוחאנא כיוון ותיקון,מוסך מורשה,תל חנן,ת.ד. 199 תל חנן,04-8213301,20302,55820005,3,מכונאות רכב בנזין | מכונאות רכב דיזל | תיקון וכוון מתלים ברכב,רוחאנא בני
90776,סראחנה סובחי  צמיגי דולפין,מוסך מורשה,חיפה,ההגנה 32  ת.דלק פז,04-8517758,31086,,1,תיקון והחלפת צמיגים,סראחנה סובחי
90777,אסדי מוסא פחחות וצבע,מוסך מורשה,דייר אל-אסד,ת.ד. 247  דיר אלאסד,04-9585688,20188,,2,תיקון מרכבי רכב | צבעות רכב,אסדי מוסא
90778,מוסך ורכב בדראן,מוסך מורשה,בענה,ת.ד.  525  בענה,050-9888666,20189,,2,מכונאות רכב בנזין | מכונאות רכב דיזל,בדראן בדראן
90779,א.ס.י.  אמפיר סחר ויבוא בע מ,מוסך מורשה,ריינה,אזור תעשייה,04-6575575,16100,514321991,2,תיקון והחלפת צמיגים | תיקון וכיול טכוגרפים,סאלח ניג'ם | גיגי רפאל
90783,עזאם עבד אלהאדי מוסך  לב העמקים,מוסך מורשה,נוף הגליל,המלאכה 11,052-8414444,17000,,3,מכונאות רכב בנזין | מכונאות רכב דיזל | תיקון והחלפת צמיגים,עזאם עבד אלהאדי | עבד אל האדי עזא
90785,עמאש אשרף - מוסך חמשת הכוכבים,מוסך מורשה,ג'סר א-זרקא,כביש החוף,04-6333670,30600,,2,מכונאות רכב בנזין | מכונאות רכב דיזל,עמאש אשרף
90786,נג'ם אימן  פנצ'ריית אימן,מוסך מורשה,נצרת,ת.ד. 10867  רח'  סאפוריה,052-5300223,16506,,1,תיקון והחלפת צמיגים,ניג'ם אימן
90787,מוסך דור אליהו בע מ,מוסך מורשה,נתיב השיירה,ת.ד. 69 מושב נתיב השיירה,04-9820183,25245,514583095,5,טרקטורים ומכונות ניידות | תיקון טרקטורונים | תיקון מלגזות הרמה | מוסך נייד לחילוץ ולתיקוני חירום | שירות תיקון למזגן אויר לרכב,דוד אליהו | אליהו רן
90788,דיאב מוחמד   פנצ'ריית חמידו,מוסך מורשה,טמרה,ת.ד. 31 כביש ראשי,04-6101175,30811,,1,תיקון והחלפת צמיגים,דיאב ופיק
90794,צמיגי  טבעון- זובידאת קאסם,מוסך מורשה,בסמת טבעון,כיוון ק.טבעון ת.ד.  6542  שכונת זבידאת,052-7276609,36008,,1,תיקון והחלפת צמיגים,זובידאת קאסם
90795,חשמל רכב נגיב זין אלדין,מוסך מורשה,פקיעין (בוקייעה),ת. דלק דלקנית,050-6961952,24914,,1,חשמלאות רכב,זין אלדין נגיב
90796,ע.נ.א פסגה שירותי רכב בע מ,מוסך מורשה,חיפה,מקלף 60 ציק פוסט,04-8403005,31255,515026052,4,מכונאות רכב בנזין | מכונאות רכב דיזל | מכונאות דיזל משאיות ואוטובוסים | תיקון מרכבי רכב,בהט כרמל | נח'ול בולוס
90798,סמיח מזגנים   יוסף סמיח,מוסך מורשה,עראבה,ת.ד. 214 מול השוק,017-707187,30812,29208790,3,אוטוטק רכב קל | חשמלאות רכב | שירות תיקון למזגן אויר לרכב,יוסף סמיח
90799,א.ל.ט מוסך אברהם סרור בע מ,מוסך מורשה,חיפה,שד' ההסתדרות 104,050-8855200,4000,515061760,2,תיקון מרכבי רכב | צבעות רכב,סרור אברהם
90801,שפילברג אנרגי שערותי רכב בע מ,מוסך מורשה,חיפה,קצנשטיין 3,053-4990299,,516311750,2,מכונאות רכב בנזין | מכונאות רכב דיזל,עיד ריאד
90802,קרישטל אלכסנדר מוסך אלכסנדר,מוסך מורשה,אור עקיבא,רח' החרוב 14,054-4726713,30600,,2,מכונאות רכב בנזין | מכונאות רכב דיזל,קרישטל אלכסנדר
90803,כהן נתנאל מרכז שירות מוסך כהן,מוסך מורשה,קריית שמונה,א.תעשיה דרומי .,04-6722398,10200,,2,מכונאות רכב בנזין | מכונאות רכב דיזל,אלגרבלי אברהם
90804,ראם - אפ  בע מ,מוסך מורשה,עין שמר,ד.נ. מנשה   עין שמר,04-6375123,37855,513932186,3,אישור כשירות לצמ ה ומכונה ניידת | טרקטורים ומכונות ניידות | תיקון מלגזות הרמה,זועבי עבד אלעזי | זועבי עבד אלעז
90805,ויאאם עואד   טויוטה טורעאן,מוסך מורשה,טורעאן,ת.ד. 831 כביש ראשי,052-2693831,16950,,2,מכונאות רכב בנזין | מכונאות רכב דיזל,דחלה מוסא
90806,מרכז הצמיג יאסר בע מ,מוסך מורשה,מצר,קיבוץ מצר בתוך תחנת דלק,054-4381798,30100,516513041,1,תיקון והחלפת צמיגים,קעדאן יאסר
90807,כמאל שלאעטה,מוסך מורשה,סח'נין,ת.ד. 1508 א.תעשיה,04-6746144,20173,,2,מכונאות רכב בנזין | מכונאות רכב דיזל,שלאעטה כמאל
90813,לורנס עזאם  פנצ'ריית לורנס,מוסך מורשה,ג'ש (גוש חלב),מתחם ת.דלק פז,04-6980668,13872,,1,תיקון והחלפת צמיגים,עזאם לורנס
90814,מנסור עוק'לה  מוסך אנרג'י,מוסך מורשה,חצור הגלילית,א.תעשיה חצור,052-4094690,10300,36277895,2,מכונאות רכב בנזין | מכונאות רכב דיזל,עוקלה אל פאר מנ
90816,גדי מלכה מכונאות כללית לרכב,מוסך מורשה,חיפה,רח' חלוצי התעשיה 53,054-5201411,31012,,2,מכונאות רכב בנזין | מכונאות רכב דיזל,גדי מלכה
90819,אקולוב מיכאל מוסך ג'י.ט.א,מוסך מורשה,חיפה,רח' המוסכים 51,04-8662714,32960,,2,מכונאות רכב בנזין | מכונאות רכב דיזל,אקולוב מיכאל
90820,ת'רות ג'יג'יני  מוסך ת.מ.דבוריה,מוסך מורשה,דבורייה,רחוב אכסאל  ת.ד. 333,050-6848230,16910,,3,מכונאות רכב בנזין | מכונאות רכב דיזל | חשמלאות רכב,ג'יג'יני תרות
90822,מוסך קדמת גליל בע מ,מוסך מורשה,טבריה,א.תעשיה קדמת הגליל,052-4764691,16972,515896306,2,תיקון מרכבי רכב | צבעות רכב,נזאר סלייח
90823,פרנסואה מוטורס נוף הגליל בע מ,מוסך מורשה,נוף הגליל,רח' העבודה 12,04-6166770,17000,517261798,7,מכונאות רכב בנזין | מכונאות רכב דיזל | תיקון אחזקת רכב חשמלי/היברידי | תיקון מרכבי רכב | צבעות רכב | תיקון וכוון מתלים ברכב | שירות תיקון למזגן אויר לרכב,זרייק איהאב | פרסון פראנסוה | גדבאן עיסא
90824,אביב סוכניות גלגלים בע מ,מוסך מורשה,עפולה,רח' ירושליים  100,04-6599146,18251,513687038,1,תיקון והחלפת צמיגים,עמרם אביטן
90825,איוב שריף  - מוסך פנינת צפת,מוסך מורשה,צפת,א.תעשיה חדש,054-6288880,13210,,1,אוטוטק מרכבי רכב וצביעתם,איוב שריף
90827,תומר מרכז שירות לרכב,מוסך מורשה,בית שאן,מפעלים אזוריים,04-6065774,10900,35820653,2,מכונאות רכב בנזין | מכונאות רכב דיזל,פלד תומר
90828,בשתאוי סלים  פחחות וצבע,מוסך מורשה,מגדל העמק,א.תעשיה  המסגר 3 מגדל העמק,052-2222093,10500,23290778,2,תיקון מרכבי רכב | צבעות רכב,בשתאוי סלים
90830,א.א. דיאגנוסטיקה יצחק ו איתי,מוסך מורשה,חדרה,רח' מנאי 34,04-6575990,38133,28719441,2,חשמלאות רכב | שירות תיקון למזגן אויר לרכב,שאול יצחק | סולומון איתי
90834,שלומי לוי   צמיגי הקרייה,מוסך מורשה,קריית אתא,קרן היסוד 4,04-8248438,28000,49035041,1,תיקון והחלפת צמיגים,כהן אברהם
90835,מוסך ג.א. אוס בע מ,מוסך מורשה,חיפה,רח' השיש 21  בניין 6,052-9406578,33500,515899193,2,תיקון מרכבי רכב | צבעות רכב,ג'בור עמאד
90838,סעיד עבד - צמיגי שמן,מוסך מורשה,נחף,כניסה לכפר  ת.ד. 3462,050-3133920,20137,40504011,1,תיקון והחלפת צמיגים,סעיד עבד אל ס
90839,טאהר סרחאן  מוסך טאהר יחיא,מוסך מורשה,נחף,כביש שירות  ת.ד. 5377,050-3886774,20137,59918540,3,מכונאות רכב בנזין | מכונאות רכב דיזל | חשמלאות רכב,סרחאן טאהר
90840,מוסך הכוכבים,מוסך מורשה,סח'נין,א.תעשיה  ת.ד. 4024,054-2349801,30810,,2,תיקון מרכבי רכב | צבעות רכב,זבידאת עלי
90842,מיקי מושה  מוסך מיקי,מוסך מורשה,מזרעה,כניסה צפונית מזרעה,04-6466061,25230,57170052,3,מכונאות רכב בנזין | מכונאות רכב דיזל | שירות תיקון למזגן אויר לרכב,מושה מיכאל
90843,א.ע.מ. צמיגים בע מ,מוסך מורשה,יקנעם (מושבה),המלאכה 3,04-6545692,20692,513942995,1,תיקון והחלפת צמיגים,אבו עאבד ראמי
90845,חברת המזרח לשיווקמכוניות(1994)בע,מוסך מורשה,חיפה,בעלי המלאכה 17,04-6767637,32230,511961542,7,מכונאות רכב בנזין | מכונאות רכב דיזל | תיקון אחזקת רכב חשמלי/היברידי | חשמלאות רכב | תיקון מרכבי רכב | צבעות רכב | שירות תיקון למזגן אויר לרכב,בוקסבאום מיכאל | שיח' אחמד מג'די | קסיס טארק
90846,כתאני פחחות וצבע בע מ,מוסך מורשה,כפר מנדא,כניסה לכפר מנדא ימינה,054-4721117,17907,514869858,1,אוטוטק מרכבי רכב וצביעתם,כתאנה עבד אלרח
90848,יאסין אחמד  צבעות רכב,מוסך מורשה,טמרה,ת.ד . 1038 ח'לת אלשריף,052-3000185,24930,40480733,2,תיקון מרכבי רכב | צבעות רכב,יאסין אחמד
90851,מסאלחה מוחמד מוסך,מוסך מורשה,דבורייה,ת.ד. 125 כביש שרות,050-5575548,16910,301108213,2,מכונאות רכב בנזין | מכונאות רכב דיזל,מסאלחה מוחמד
90852,נאאל ג'יוסי  - ג'יוסי מוטורס,מוסך מורשה,נוף הגליל,הפריון 3  א.תעשייה ג,050-3553902,17000,57553190,2,מכונאות רכב בנזין | מכונאות רכב דיזל,ג'יוסי נאאל
90853,א.מ.אבו רמזי - מועאד ואשרף,מוסך מורשה,ריינה,א.תעשייה ריינה,04-6562755,16410,32742561,2,מכונאות רכב בנזין | מכונאות רכב דיזל,גזאוי פאיז
90854,צמח רועי  מוסך בולי בייק,מוסך מורשה,פרדס חנה,התדהר 12,050-8621745,37000,205705031,2,מכונאות אופנועים וקטנועים | תיקון טרקטורונים,לוי אלירן אל
90855,סייד אחמד סאמר  מוסך אדם,מוסך מורשה,מג'דל שמס,ת.ד. 929 א.תעשיה מערב,052-6887061,12438,28200004,2,מכונאות רכב בנזין | מכונאות רכב דיזל,סייד אחמד סאמר
90857,אגבאריה יוסף  פחחות וצבע,מוסך מורשה,זלפה,זלפה  ת.ד. 569 מעלה עירון,052-5777316,30920,23477276,2,תיקון מרכבי רכב | צבעות רכב,אגבארייה יוסף | זועבי חאלד
90859,ג'רה שאדי  מוסך שאדי,מוסך מורשה,גת (קיבוץ),ת.ד. 925  א.תעשיה,050-7155596,30091,303170724,2,מכונאות רכב בנזין | מכונאות רכב דיזל,ג'רה שאדי
90861,ג'נאיימה הייתם  קור מזוג לרכב,מוסך מורשה,באקה אל-גרביה,א.תעשיה בק'ה אלגרבייה,050-8665866,30100,303102917,1,שירות תיקון למזגן אויר לרכב,גנאיימה בלאל
90863,יעקוב בריק-מיזוג אויר לרכב בע מ,מוסך מורשה,עכו,א.תעשיה עכו דרום,073-7955690,24207,517085478,1,אוטוטק רכב קל,בריק יעקוב
90865,חוסאם בוטו  מוסך חוסאם,מוסך מורשה,נצרת,א.תעשיה דרומי נצרת,050-7533028,16000,25993395,2,מכונאות רכב בנזין | מכונאות רכב דיזל,חוסאם בוטו
90866,אוטו פרו למסחר ופרויקטים בע מ,מוסך מורשה,כפר קרע,מתחם ת.דלק דור אלון,050-3611371,30075,515886364,1,תיקון והחלפת צמיגים,כבהא אחמד
90867,מוחמד בלאטה מוסך מ.מ,מוסך מורשה,באקה אל-גרביה,כביש שרות,050-5699956,30100,34309823,2,מכונאות רכב בנזין | מכונאות רכב דיזל,בלאטה מוחמד
90868,מולטי ריטייל גרופ בע מ,מוסך מורשה,נוף הגליל,העמק 41,050-8572383,17000,515546224,1,תיקון והחלפת צמיגים,כיואן עימאד
90869,פנצ'ריית מימון אלמקיאס ובניו,מוסך מורשה,בית שאן,רח' העמל 7 א.תעשיה,050-4205922,10900,27027879,1,תיקון והחלפת צמיגים,אלמקיאס מימון
90870,זכנון אילי   אילי מוטורס,מוסך מורשה,ראש פינה,א.תעשיה צ.ח.ר.,04-6531474,12000,56925316,4,מכונאות רכב בנזין | מכונאות רכב דיזל | טרקטורים ומכונות ניידות | תיקון מלגזות הרמה,זכנון אילי
90871,זבולון ניר שירותי רכב,מוסך מורשה,חדרה,רח' פרידלנדר 8  ת.ד. 446,04-6330327,38133,,2,מכונאות רכב בנזין | מכונאות רכב דיזל,כהן יוסף
90873,מרכז טיפולים  סעיד נואל,מוסך מורשה,יאנוח,ת.ד. 591   כפר יאנוח,054-5692806,25145,27643212,1,תיקון והחלפת צמיגים,בסל חסין
90874,פנצ'ריית ג'בן סאלח,מוסך מורשה,טורעאן,ת.ד. 111  מכיוון המחצבה ת.ד. 111,054-9190304,16950,201174380,1,תיקון והחלפת צמיגים,ג'בן סאלח
90877,מוסך דיזל עלי שלבי בע מ,מוסך מורשה,כפר קרע,ת.ד.  420  כניסה לכפר,050-8265462,30075,515398485,2,מכונאות רכב דיזל | מכונאות דיזל משאיות ואוטובוסים,שלבי אחמד
90878,קרלוס ח'ורי. מוסך סי.אץ.פרפורמנס,מוסך מורשה,פקיעין (בוקייעה),ת.ד. 613  כביש ראשי פקעין,04-9575308,24914,,3,מכונאות רכב בנזין | מכונאות רכב דיזל | חשמלאות רכב,קרלוס ח'ורי
90879,פרח ח'טיב מוסך דר' מוטורס,מוסך מורשה,מג'ד אל-כרום,ת.ד. 108 כביש פנימי מגד אלכרום,054-2065652,20190,39650452,2,אוטוטק רכב קל | תיקון אחזקת רכב חשמלי/היברידי,ח'טיב פרח
90882,אסף אלפחילי  מוסך 10000,מוסך מורשה,קריית שמונה,ת.ד. 9791  א.ת. צפוני,052-8576706,11612,321548968,1,אוטוטק רכב קל,שעלאן חסן
90883,סברי אבו מוך רוסלוס דיטלינג,מוסך מורשה,באקה אל-גרביה,ת.ד. 639  א.תעשיה,053-8253122,30100,208515213,2,תיקון מרכבי רכב | צבעות רכב,עלאא אבו חוסין
90885,מ.ח. צמיגי נהריה בע מ,מוסך מורשה,נהרייה,עין שרה  ת.דלק סונול,04-9520306,22447,515736767,1,תיקון והחלפת צמיגים,חאג' מוחמד מוחמ
90888,אוסאמה מזגנים בע מ,מוסך מורשה,אום אל-פחם,שכ'  עין אברהים,050-3068085,30010,515320463,3,חשמלאות רכב | תחזוקה ובדיקת מערכת כיבוי אש באוטו' | שירות תיקון למזגן אויר לרכב,מחאמיד פיראס | אוסאמה מחאגנה | זובידאת עדנאן
90890,תעשיות אבן וסיד בע מ,מוסך מורשה,טורעאן,ת.ד. 942  מחצבות גולני טורעאן,04-6840019,16950,520007477,4,אישור כשירות לצמ ה ומכונה ניידת | טרקטורים ומכונות ניידות | תיקון טרקטורונים | תיקון מלגזות הרמה,בכרי מאדי
90892,מוסך צנובר אלטל טכנלוגסטיק בע מ,מוסך מורשה,קצרין,מחנה צנובר,053-8338878,15255,510816374,2,מכונאות רכב בנזין | מכונאות רכב דיזל,ח'טיב סעיד
90893,חקלאות שדה אליהו אגש ח בע מ,מוסך רישוי לציוד חקלאי,שדה אליהו,ד.נ. עמק המעיינות בית שאן,04-6096520,10810,570056192,6,בדיקות עשן ברכב דיזל | מוסך רישוי לציוד חקלאי | אישור כשירות לצמ ה ומכונה ניידת | טרקטורים ומכונות ניידות | תיקון טרקטורונים | תיקון מלגזות הרמה,כהן שלמה
90894,בטחיש נזאר  פנצ'ריית הגולן,מוסך מורשה,מסעדה,ת.ד. 1029 ביציאה לבוקעתה ת.דלק סונול,052-3787448,12435,37319415,1,תיקון והחלפת צמיגים,בטחיש נזאר
90895,מוסך אקספרס,מוסך מורשה,בענה,אחרי תחנת פז ת ד 250,050-7380000,20189,,2,תיקון מרכבי רכב | צבעות רכב,אסדי אחמד
90896,קוסטה קרסנופיורוב - קוסטה צבעים,מוסך מורשה,חיפה,העבודה 7,04-8725283,26290,313719239,2,מכונאות רכב בנזין | מכונאות רכב דיזל,קרסנופיורוב קונ
90901,דור צורכי  מוסך דור אופנועים,מוסך מורשה,עבדון,130  מושב עבדון,052-3926689,25260,311282396,2,מכונאות אופנועים וקטנועים | תיקון טרקטורונים,בן חמו ליאור
90903,חילף מוחמד  מוסך נופית,מוסך מורשה,כפר חסידים א',ת.ד. 171  כפר חסידים,04-8550025,20400,25879412,2,תיקון מרכבי רכב | צבעות רכב,חילף מוחמד
90904,טופ ויילס ס.פ בע מ,מוסך מורשה,עפולה,רח' חרוד 4    ת.ד. 3151,050-9002976,18350,516903226,1,תיקון והחלפת צמיגים,גזאוי סאלם
90905,יעקוב חילף  מוסך שירות מהיר,מוסך מורשה,חילף,ת.ד. 1021      כפר חילף,052-5366080,36008,32646648,3,מכונאות רכב בנזין | מכונאות רכב דיזל | חשמלאות רכב,חילף יעקוב
90906,ג'וסף סמעאן מוסך יוסף פחחות צבע,מוסך מורשה,קריית שמונה,ת.ד. 9791 א.תעשיה צפוני,050-3500775,10200,326899309,2,תיקון מרכבי רכב | צבעות רכב,סמעאן ג'וסף
90909,עבדאלסלאם חטיב מוסך הכיכר השלישי,מוסך מורשה,יפיע,כביש ראשי - כיכר שלישית,050-6618010,,58965112,2,תיקון מרכבי רכב | צבעות רכב,עבד אלסלאם חטיב
90910,אשרף גבארין - פחחות רכב אשרף,מוסך מורשה,,שכ' עין אלנבי 1,050-6307236,30010,32742892,1,אוטוטק מרכבי רכב וצביעתם +מסגרות,ג'בארין אשרף
90912,מוחמד מנאע - צמיגי התותח,מוסך מורשה,חיפה,קצנשטיין אריה 3,052-6651612,,312356694,1,תיקון והחלפת צמיגים,סמיר מנאע
90913,אבו שאהין תיסיר מוסך,מוסך מורשה,בוקעאתא,ת.ד. 2176  א.תעשיה,050-5598625,12437,80964281,2,מכונאות רכב בנזין | מכונאות רכב דיזל,אבו שאהין תיסיר
90914,תאמר אבו ריש  מרכז הרכב,מוסך מורשה,ירכא,ת.ד.   6002 מתחם ת.דלק,04-9563793,24967,36800902,2,חשמלאות רכב | שירות תיקון למזגן אויר לרכב,סעד קאסם
90917,חסן מואסי שירות,מוסך מורשה,באקה אל-גרביה,אלכלפאא אלראשדיון,050-5610029,30100,,2,מכונאות רכב בנזין | מכונאות רכב דיזל,מואסי חסין
90918,שלבי פארוק'  פחחות וצבע,מוסך מורשה,מזרע,קבוץ מזרע - מפעלי העמק,04-6217606,19312,25962085,2,תיקון מרכבי רכב | צבעות רכב,שלבי פארוק' | שלבי פארוק
90921,סע דליה-הסעות ושרותים (1991)בע מ,מוסך מורשה,נשר,בר יהודה 107,04-8397882,36883,511639890,2,מכונאות רכב בנזין | מכונאות רכב דיזל,עבד אלחלים מואמ
90922,מוסך בירת העמק עפולה בע מ,מוסך מורשה,עפולה,רח' ירושליים 100 עפולה,04-8532000,18251,515389203,6,מכונאות רכב בנזין | מכונאות רכב דיזל | מכונאות דיזל משאיות ואוטובוסים | חשמלאות רכב | טרקטורים ומכונות ניידות | שירות תיקון למזגן אויר לרכב,נויבואר צבי יהו | נויבואר יהונתן
90923,סעיד חאג' עיסא  חשמל רכב סעיד,מוסך מורשה,נצרת,איכסאל 56/4060,050-7566213,16000,24737280,1,חשמלאות רכב,סעיד חאג' עיסא
90925,מוסך אלאמיר בע מ,מוסך מורשה,טמרה,כיכר שנייה  ת.ד. 1193,050-6568951,30811,515260073,1,תיקון מרכבי רכב,חג'אזי מוחמד
90927,*ס. מוסך דיזל המפרץ בע מ,מוסך מורשה,טמרה,א.תעשיה תמרה,050-9946116,30811,514891803,2,מכונאות רכב דיזל | מכונאות דיזל משאיות ואוטובוסים,עואד ראפת
90928,בדארנה יוסף  אקספרט מוטורס,מוסך מורשה,עראבה,א.תעשיה עראבה,052-3052853,30812,39585104,2,מכונאות רכב בנזין | מכונאות רכב דיזל,בדארנה יוסף
90929,שירה חברה לתיקון משאיות בע מ,מוסך מורשה,קדמה,ד.נ. גליל תחתון  א.ת.קדמת הגליל,04-6195200,15228,511494122,7,מכונאות רכב דיזל | מכונאות דיזל משאיות ואוטובוסים | חשמלאות רכב | תיקון מרכבי רכב | צבעות רכב | מוסך נייד לחילוץ ולתיקוני חירום | שירות תיקון למזגן אויר לרכב,וקנין אברהם | קבסה מישל מאי | חנא אבו רעד
90930,שירותי אוטוב מאוחדים נצרת בע מ,מוסך מורשה,ג'ולס,א.תעשייה גוליס,054-6705170,24967,513983593,4,אוטוטק רכב קל | מכונאות דיזל משאיות ואוטובוסים | תיקון מרכבי רכב | צבעות רכב,רשיד שאדי
90932,סעד ג'אסר  מוסך סעד ג'אסר ובניו,מוסך רישוי לציוד חקלאי,יאנוח,ת.ד.  474  כפר יאנוח,050-4999619,25145,56935034,7,מכונאות רכב בנזין | מכונאות רכב דיזל | בדיקות עשן ברכב דיזל | מוסך רישוי לציוד חקלאי | אישור כשירות לצמ ה ומכונה ניידת | טרקטורים ומכונות ניידות | תיקון טרקטורונים,סעד ג'אסר
90935,משה את חנן שירותי רכב בע מ,מוסך מורשה,חיפה,השיש 53,04-8721176,,515406551,2,מכונאות רכב בנזין | מכונאות רכב דיזל,שחאדה חנא
90937,מנסור מרעי  קולור אדם,מוסך מורשה,עכו,הגדוד העברי 22  א.תעשיה,04-9919464,24103,36558674,2,תיקון מרכבי רכב | צבעות רכב,מנסור מרעי
90938,דרור זויה  דרור שירותי רכב,מוסך מורשה,כרמיאל,רח'  מור 1  ת.ד .  3827,052-3398876,20100,310348099,2,חשמלאות רכב | תיקון והחלפת צמיגים,עסאם בכרי | מנאע מחמוד
90940,טיולי עתיד הסעות וטיולים1999בע מ,מוסך מורשה,באקה אל-גרביה,א.תעשייה ת ד 111,04-6383340,30100,512846338,3,מכונאות רכב דיזל | מכונאות דיזל משאיות ואוטובוסים | תחזוקה ובדיקת מערכת כיבוי אש באוטו',דיק עזמי
90941,ראמי אגבאריה מוסך ראמי,מוסך מורשה,עארה,א.תעשייה דרומי,050-7672107,30026,43199561,2,תיקון מרכבי רכב | צבעות רכב,ג'בארין מוחמד
90942,מרכז הצמיג והפרונט מ.י2019בע מ,מוסך מורשה,חדרה,צה ל 46 ת ד 129,04-6827292,38000,515977056,2,תיקון והחלפת צמיגים | תיקון וכוון מתלים ברכב,שעיבי ינון
90944,נדים שאהין מוסך נדים הפחח,מוסך מורשה,עראבה,דרך דיר חנא,050-5584633,30812,29228665,1,תיקון מרכבי רכב,שאהין נדים
90945,גלעד בן חיים  קאר פוינט,מוסך מורשה,קריית שמונה,מתחם גלילג עליון,04-8377707,10200,38262945,1,תיקון וכוון מתלים ברכב,בן חיים גלעד
90946,מ.ג מאיר אקסטרים ונגררים בע מ,מוסך מורשה,טבריה,רח' המאור 3  טבריה עילית,050-7586377,14133,516079738,3,מכונאות רכב בנזין | מכונאות רכב דיזל | אוטוטק אופנועים/קטונעים/טרקטרונים,גואטה מאיר
90948,עאיד מגאדלה צמיגי עאיד,מוסך מורשה,באקה אל-גרביה,כביש עוקף באקה ת ד 487,04-6281325,30100,29792967,1,תיקון והחלפת צמיגים,מגאדלה עאיד
90950,מוטו גז - סוכנות,מוסך מורשה,ראש פינה,א.תעשיה  חדש צ.ח.ר רח' ספיר 3,052-6286623,13100,52677457,2,מכונאות אופנועים וקטנועים | תיקון טרקטורונים,גז אליעד
90952,איוב מחמד  מ.איוב חשמל רכב,מוסך מורשה,שפרעם,מתחם ת.דלק סונול,052-2482876,20200,40087314,1,חשמלאות רכב,איוב מחמד
90956,פנצ'ריית פרץ  בהנהלת פרץ ניסים,מוסך מורשה,טבריה,רח' הפנס  א.ת. טבריה עילית,050-6524044,14133,55382279,1,תיקון והחלפת צמיגים,פרץ ניסים
90957,חלאילה אברהים  מוסך אלחלאל,מוסך מורשה,סח'נין,מול אצטדיון דוחא   א.תעשיה,050-4401559,30810,32731150,2,מכונאות רכב בנזין | מכונאות רכב דיזל,ח'לאילה מואמן
90959,חוג'יראת אשרף   מוסך המרכז,מוסך מורשה,שפרעם,ת.ד. 327 כניסה מזרחית,052-8419659,20200,36248490,2,תיקון מרכבי רכב | צבעות רכב,נסיר סוהיל
90960,כהן יעקב ארז  - מוסך א  ת,מוסך מורשה,חיפה,האיטלקים 3,04-8114884,33266,24345233,2,מכונאות רכב בנזין | מכונאות רכב דיזל,כהן יעקב ארז
90961,מוסך אמונה עפולה בע מ,מוסך מורשה,עפולה,רח' קהילת ציון 29,050-2888414,18350,515828754,6,מכונאות רכב בנזין | מכונאות רכב דיזל | תיקון אחזקת רכב חשמלי/היברידי | חשמלאות רכב | תיקון טרקטורונים | תיקון וכוון מתלים ברכב,אוחנה ציון | קוריש מתן
90962,אחים נעים יבוא ושווק צמיגים בע מ,מוסך מורשה,מעלות-תרשיחא,א.תעשיה תרשיחא,054-6709080,24952,515885895,1,תיקון והחלפת צמיגים,נעים אשרף
90963,מוסך המקצוענים,מוסך מורשה,עפולה,רח' קהילת ציון 4,052-8910197,18350,33116351,2,מכונאות רכב בנזין | מכונאות רכב דיזל,זועבי מחמוד
90964,קפוצ'י שחאדה  מוסך ושות',מוסך מורשה,כפר יאסיף,א.תעשיה  ת.ד. 2105,04-7799668,24908,300176765,2,מכונאות רכב בנזין | מכונאות רכב דיזל,סמו יצחק
90965,מיח'איל סאמר,מוסך מורשה,מעלות-תרשיחא,א.תעשיה מעלות תרשיחא,052-8343967,24952,,2,מכונאות רכב בנזין | מכונאות רכב דיזל,נסרה פיטר
90966,מסעוד ביאן מוסך מכונאות רכב,מוסך מורשה,מסעדה,ת.ד. 735  ד.נ. רמת הגולן,050-2499775,12435,40522559,2,מכונאות רכב בנזין | מכונאות רכב דיזל,מסעוד ביאן
90967,חנן דניאלוב  מוסך חנן מוטורס,מוסך מורשה,חדרה,רח' המתכת 3 חדרה,050-7278487,35801,306007998,2,מכונאות רכב בנזין | מכונאות רכב דיזל,חנן דניאלוב
90968,אוהד משעלי  מוסך מכונאות,מוסך מורשה,שעל,ד.נ. רמת הגולן  מושב שעל,050-5382290,12420,65737355,2,מכונאות רכב בנזין | מכונאות רכב דיזל,אוהד משעלי
90969,מוסך ג'י-אן  מטרו סוכניות בע מ,מוסך מורשה,כרמיאל,רח'  האופן  9  ליד מכון הרישוי,04-8312230,20100,515383156,2,מכונאות אופנועים וקטנועים | תיקון טרקטורונים,עבאס סעיד
90970,סמיר נג'ם  צמיגי ספורי,מוסך מורשה,גדידה,גד'ידה מכר  ת.ד. 1628,050-7867084,25105,58921370,1,תיקון והחלפת צמיגים,נג'ם סמיר
90971,דניה נגררים בע מ,מוסך רישוי לרכב חדש,מגדל העמק,מפעלי העמק  מגדל העמק,050-3408888,,515417483,1,רישום ראשוני לרכב חדש,ערוק בשיר
90972,חאלד שייח סולימאן מיתל קאר,מוסך מורשה,חיפה,המוסכים 11,054-6836600,32951,201149887,2,תיקון מרכבי רכב | צבעות רכב,טנוס בסאם
90975,עבד חמדאן מוסך עבד,מוסך מורשה,מג'ד אל-כרום,ת.ד. 178 כניסה מזרחית,04-9983978,20190,20007373,2,מכונאות רכב בנזין | מכונאות רכב דיזל,חמדאן קאסם
90976,מוסך אוריאן  אליראן דג'ש,מוסך מורשה,מגאר,א.תעשיה,04-8688515,20128,216609040,2,מכונאות רכב בנזין | מכונאות רכב דיזל,שקיר סביח
90977,צמיגי רמזי ובניו בע מ,מוסך מורשה,נוף הגליל,מעלה יצחק 11,04-8336525,17000,513577320,1,תיקון והחלפת צמיגים,סאהר דבס
90979,טכנו הנאמן בע מ,מוסך מורשה,מעיין צבי,א.תעשייה,052-6987371,,516653482,4,אוטוטק רכב קל | תיקון אחזקת רכב חשמלי/היברידי | בדיקות-רכב )קניה ומכירה) | תיקון וכוון מתלים ברכב,חמדאן עלה
90983,מחאמיד איהאב - מוסך איהאב,מוסך מורשה,,עין גראר ת ד 695,052-7051262,30010,300697398,2,מכונאות רכב בנזין | מכונאות רכב דיזל,מחאמיד איהאב | מחאמיד  איהאב
90984,באקר מוסך וחשמליית חוף כרמל,מוסך מורשה,מעיין צבי,א.תעשייה,053-7818644,30898,,2,אוטוטק רכב קל | תיקון אחזקת רכב חשמלי/היברידי,אבו דאהש באקר
90985,א.נ. נגררים  חלייחל אשרף,מוסך רישוי לרכב חדש,דלתון,פארק תעשייה ת ד 12,052-3044472,13811,29233293,2,רישום ראשוני לרכב חדש | רישום ורישוי לרכב חדש,חלייחל אשרף
90987,בטחיש  ואיל   מוסך א.ב.,מוסך מורשה,מסעדה,ת.ד. 1048 מסעדה,050-7626732,12435,33375940,2,מכונאות רכב בנזין | מכונאות רכב דיזל,בטחיש ואיל
90988,מוסך משארק'ה בע מ,מוסך מורשה,עפולה,קהילת ציון,04-6593111,18301,512032863,4,מכונאות רכב בנזין | מכונאות רכב דיזל | תיקון אחזקת רכב חשמלי/היברידי | חשמלאות רכב,משארק'ה מוחמד | משארק'ה  מוחמד | משארקה אמיר | משארק'ה אמיר
90990,מוסך מסרי אחמד פחחות וצבע,מוסך מורשה,כרמיאל,רח'  הטוחן 2  ת.ד. 1063,052-7450797,21651,207659467,2,תיקון מרכבי רכב | צבעות רכב,ח'לאילה עבד אל
90992,מוסך סרוויס פלוס ציפורי בע מ,מוסך מורשה,ריינה,א.תעשייה רינה 20197 ת ד,04-6233453,16000,515503043,3,מכונאות רכב בנזין | מכונאות רכב דיזל | מכונאות דיזל משאיות ואוטובוסים,עבדאלחקאבראהים | עבד אלח'אלק אבר
90995,המרכז מרכבי נוע בע מ,מוסך רישוי לרכב חדש,כפר המכבי,קיבוץ כפר המכבי ת ד 126,00-8761311,30030,510838089,1,רישום ראשוני לרכב חדש,אסנפלד אייל
90997,בראשית שירותי רכב בע מ,מוסך מורשה,חדרה,המסגר 1,04-7799690,38300,515462000,3,מכונאות רכב בנזין | מכונאות רכב דיזל | אוטוטק מרכבי רכב וצביעתם,שאיב שחאדה | חשאן מוחמד
90998,אסולין ישראל - מוסך פלורי,מוסך מורשה,יקנעם (מושבה),א.תעשייה ישן,04-9894898,20692,68325315,2,מכונאות רכב בנזין | מכונאות רכב דיזל,מגדי שיבלי | מגדי שבלי
90999,שרבל סאפי - מוסך שרבל,מוסך מורשה,נצרת,שכונת אל בשארה ת ד 10613,052-2413486,16000,29865029,2,מכונאות רכב בנזין | מכונאות רכב דיזל,יאסין מוראד
91000,מולא פכרי - פנצ'ריה ועצי פח'רי,מוסך מורשה,ירכא,שכונת מזרחית ת ד 552,00-0,24967,49839541,1,תיקון והחלפת צמיגים,מולא פכרי
91001,ג' בארין  ואסים - פחחות אב בהגאת,מוסך מורשה,,ת ד 2842 שכונת אלעיון,052-5759075,30010,200603702,2,תיקון מרכבי רכב | צבעות רכב,ג' בארין ואסים | ג'בארין ואסים
91002,מוסך מוטופאן  בע מ,מוסך מורשה,עפולה,רח' השרטט 8,04-6723005,18350,514223957,2,מכונאות אופנועים וקטנועים | תיקון טרקטורונים,ידן צחי
91003,מוסך אחמד ריאן מכונאות,מוסך מורשה,כאבול,ת.ד. 11  כפר כאבול,054-4200765,24963,24722753,3,מכונאות רכב בנזין | מכונאות רכב דיזל | תיקון תיבות הילוכים אוטומטיות,אחמד ריאן
91004,מוסך יוסי ויעקוב בע מ,מוסך מורשה,עכו,רח' בלטימור  א.ת. עכו דרום,04-6401994,24103,515608479,2,תיקון מרכבי רכב | צבעות רכב,וטפא מילאד
91005,חטיב בילאל מוסך וואגן מוטורס,מוסך מורשה,מג'ד אל-כרום,ת.ד. 123  כביש שירות,04-9861882,20190,31166002,1,אוטוטק רכב קל,חראמי חוסיין
91007,רם אור קוגוט בע מ,מוסך רישוי לרכב חדש,חיפה,גיימס ווט 3,04-8420037,26110,511210221,1,רישום ורישוי לרכב חדש,קוגט  אורן
91008,יריב לוי  פנצ'ריית יריב לוי,מוסך מורשה,כפר חושן,מושב ספסופא,050-8227839,13875,28884963,1,תיקון והחלפת צמיגים,דדון אבינועם
91009,סלים זועבי  פנצ'ריית לב העמקים,מוסך מורשה,עפולה,רח' המלאכה  1,050-2999752,18350,39147897,1,תיקון והחלפת צמיגים,זועבי אחמד
91010,מסגריית ר. אליאס ובניו בע מ,מוסך רישוי לרכב חדש,כפר יאסיף,א.תעשייה  ת ד 10,04-9967359,24908,512166190,2,רישום ראשוני לרכב חדש | רישום ורישוי לרכב חדש,אליאס כארם | חילו פאדי
91011,מרכז שירות לרכב  ג'מיל חלאילה,מוסך מורשה,עכו,רח' החרש 1 א.ת. דרומי,050-5969293,24312,,3,מכונאות רכב בנזין | מכונאות רכב דיזל | תיקון תיבות הילוכים אוטומטיות,גולן אבי
91013,4 על 4  של אפי בע מ,מוסך רישוי לרכב חדש,עפולה,ת.ד. 2753 עפולה,04-6493333,18280,512945569,3,מכונאות רכב בנזין | מכונאות רכב דיזל | רישום ראשוני לרכב חדש,אסתרי איתן | שמואלי אפי
91014,השאם טריף   פרונט מג'אר,מוסך מורשה,מגאר,א.ת.עשיה   ת.ד. 2800,050-8320808,20128,,4,מכונאות רכב בנזין | מכונאות רכב דיזל | בדיקות-רכב )קניה ומכירה) | תיקון וכוון מתלים ברכב,טריף הישאם | השאם טריף
91015,מנסור חירבאוי ביסאן קסטרומוטורוס,מוסך מורשה,ירכא,כביש ראשי ת ד 535,04-6350766,24967,26184903,2,מכונאות אופנועים וקטנועים | תיקון טרקטורונים,אמנוני יעקב
91016,סקר סמיר  מוסך סמיר סקר,מוסך מורשה,מכר,בכניסה לכפר  ת.ד. 1015,050-7464992,25105,59527382,2,מכונאות רכב בנזין | מכונאות רכב דיזל,סקר מחמוד
91020,עידן חיים - כל נגרר,מוסך רישוי לרכב חדש,דן,קיבוץ דן ד.נע גליל עליון,052-3430430,12245,43110857,3,מכונאות רכב בנזין | מכונאות רכב דיזל | רישום ראשוני לרכב חדש,חיים עידן | עידן חיים
91021,איאד אבו עיסא - פנצריית מנטה,מוסך מורשה,חיפה,לוינטין 3,052-6760208,33303,66073560,1,תיקון והחלפת צמיגים,אבו עיסא אייאד
91022,ויסאם אבו רגיס - מוסך ויסאם,מוסך מורשה,עספיא,כביש ראשי עוספיא,04-8392109,30090,34244335,1,צבעות רכב,אבו רגיס ויסאם
91023,מוסך מירון ה.ר.נ בע מ,מוסך מורשה,חיפה,השיש 21,04-9001149,,516000379,2,מכונאות רכב בנזין | מכונאות רכב דיזל,וייצמן שגיב
91024,המוביל שירותי מוסכים בע מ,מוסך מורשה,דייר אל-אסד,ת.ד. 140  א. תעשיה,050-5266667,20188,515295152,5,מכונאות רכב בנזין | מכונאות רכב דיזל | מכונאות דיזל משאיות ואוטובוסים | תיקון והחלפת צמיגים | מוסך נייד לחילוץ ולתיקוני חירום,שעבי אחמד
91027,"מסרי,שיפוץ בידוד ומיזוג אוירבע מ",מוסך מורשה,באקה אל-גרביה,כביש ראשי ת ד 5068,04-6731936,30110,515050961,2,מכונאות רכב בנזין | מכונאות רכב דיזל,מגאדלה עמאד
91028,מוסך אבו האני חילו מטאנס האני,מוסך מורשה,ריינה,א.תעשיה ת  50440,04-6701015,16940,36652204,2,תיקון מרכבי רכב | צבעות רכב,חילו אמטאנס
91029,סעיד סלים ושות - סלים ואליאס,מוסך מורשה,כפר יאסיף,אזור  תעשייה ת ד 2310,04-6742426,24908,26319152,4,מכונאות רכב בנזין | מכונאות רכב דיזל | טרקטורים ומכונות ניידות | תיקון מלגזות הרמה,סעיד סלים
91030,ד ר פח וצבע חיפה בע מ,מוסך מורשה,חיפה,החרמש 52,04-8109111,,515323269,2,תיקון מרכבי רכב | צבעות רכב,מנסור עאיד
91031,סלים עואד  מוסך אבו אלהול,מוסך מורשה,מג'דל שמס,ת.ד. 421,054-4746230,12438,35943380,2,מכונאות רכב בנזין | מכונאות רכב דיזל,עואד סלים
91033,שק'יר אחמד  סונדס קאלר,מוסך מורשה,ראמה,ת.ד. 54  בכפר,054-5623367,30055,28222974,2,תיקון מרכבי רכב | צבעות רכב,שק'יר אחמד
91035,מוסך והובלות סמרי ובניו בע מ,מוסך מורשה,חיפה,השיש 49,00-5844802,,517278313,3,תיקון אחזקת רכב חשמלי/היברידי | תיקון מרכבי רכב | צבעות רכב,סמרי זאיד
91036,ניקולאינקו אלכסנדר -אוטו דוקטור,מוסך מורשה,חיפה,חלץ 14 א,050-4340530,,324400787,2,מכונאות רכב בנזין | מכונאות רכב דיזל,גיציס מרק
91037,עלי גראד - מוסך עלי,מוסך מורשה,עילוט,א.תעשייה,052-7391963,16970,303154603,2,תיקון מרכבי רכב | צבעות רכב,ג'ראד עלי
91040,חוראני חוראן  - מוטור ספורט,מוסך מורשה,עיילבון,ת.ד. 673  עילבון,054-6739481,16972,36644557,2,מכונאות רכב בנזין | מכונאות רכב דיזל,חוראני חוראן
91041,קרדוש נצרת בע מ,מוסך רישוי לרכב חדש,נוף הגליל,אזור תעשיה ציפורית,04-6412444,17501,512123282,1,רישום ראשוני לרכב חדש,כרדוש סליבא
91042,עתאמנה נדאל - תעשיית ריינה,מוסך רישוי לרכב חדש,ריינה,א.תעשייה,052-7900850,16940,33999319,1,רישום ראשוני לרכב חדש,עתאמה נדאל
91044,א.מ.מ שירותי רכב בע מ,מוסך מורשה,חדרה,יהודי פקיעין 11,04-8737995,38447,515842748,3,מכונאות רכב בנזין | מכונאות רכב דיזל | שירות תיקון למזגן אויר לרכב,מור יפים | מיוחס יוסף
91046,שדיד מנהל-מוסך אלהאני לשירותירכב,מוסך מורשה,גת (קיבוץ),יאסר ערפאת,050-7958350,30100,301986212,2,מכונאות רכב בנזין | מכונאות רכב דיזל,שדיד מנהל
91047,רכב חסון בע מ,מוסך מורשה,שפרעם,א.תעשיה חדש,04-9501813,20200,513591909,2,מכונאות רכב בנזין | מכונאות רכב דיזל,חסון יוסף
91049,קחלון אהרון - מרכז הגרורים,מוסך רישוי לרכב חדש,פרדס חנה,נורית 4,04-6271688,,50415090,2,רישום ראשוני לרכב חדש | רישום ורישוי לרכב חדש,כחלון אייל | אל חאמד שפיק
91050,אבו מוך למסגרות ונגררים בע מ,מוסך רישוי לציוד חקלאי,באקה אל-גרביה,א.תעשייה,04-6282130,30100,513516765,6,מוסך רישוי לציוד חקלאי | אישור כשירות לצמ ה ומכונה ניידת | רישום ורישוי לרכב חדש | טרקטורים ומכונות ניידות | תיקון טרקטורונים | תיקון מלגזות הרמה,עומר רפעאת
91052,מסעד מחמד פנצ'רייה ורחיצה סילאוי,מוסך מורשה,מכר,מכר ג'דיידה,054-8847326,25105,304876006,1,תיקון והחלפת צמיגים,מסעד מוחמד
91055,ג.ש.ר  גולן שיווק רכב 2005  בע מ,מוסך רישוי לרכב חדש,קצרין,א. תעשיה קצרין,04-6850551,12900,513715599,2,רישום ראשוני לרכב חדש | רישום ורישוי לרכב חדש,נס אסף
91056,ג.ג. מישל תעשיות ומסחר כפר יאסיף,מוסך רישוי לרכב חדש,כפר יאסיף,ת.ד. 35 כפר יאסיף,04-9961297,24908,57017329,1,רישום ראשוני לרכב חדש,ג'ורג' ג'ריס
91062,מובילי הצפון  ד.ע.ב. בע מ,מוסך מורשה,טורעאן,א.תעשיה  מכיוון המחצבות,053-7503040,16950,513499665,2,מכונאות דיזל משאיות ואוטובוסים | מוסך נייד לחילוץ ולתיקוני חירום,דחלה מחמוד
91064,אגבריה שרים פחחות וצבע אחים שרים,מוסך מורשה,,שכ אסכנדר גוש 20418 חלק 30,052-6555925,30010,36874493,1,אוטוטק מרכבי רכב וצביעתם +מסגרות,אגבאריה שריים
91065,גרין מוטורוס א. בע מ,מוסך רישוי לרכב חדש,טירת כרמל,המלאכה 5,04-8573355,,515092039,1,רישום ראשוני לרכב חדש,אופיר אזרד
91067,דרויש מרוה - פנצריית חוף הכרמל,מוסך מורשה,פוריידיס,כניסה צפונית,052-3978539,30898,302956297,1,תיקון והחלפת צמיגים,חרדאן נעים
91068,ברהם אדהם  פנצ'ריית טייר ברהם,מוסך מורשה,שפרעם,צומת גלעם  שפרעם,052-4319251,20200,36858504,1,תיקון והחלפת צמיגים,ברהם אדהם
91070,סמיר דרויש   מוסך סמיר דרויש,מוסך מורשה,טמרה,ת.ד. 4096  אזור תעשיה,050-7235154,30811,,3,מכונאות רכב בנזין | מכונאות רכב דיזל | שירות תיקון למזגן אויר לרכב,סמאר סמיר
91071,מוחמד אבו שאח - רכב אבו גמיל,מוסך מורשה,ג'ת,רח'  14 בתוך הכפר,050-7383691,30091,29135373,2,מכונאות רכב בנזין | מכונאות רכב דיזל,אבו שאח מוחמד
91072,פיראס שיח סלימאן מוסך  גיפ טק,מוסך מורשה,נצרת,רחוב 2/4089,050-7656685,16000,33921974,3,מכונאות רכב בנזין | מכונאות רכב דיזל | תיקון אחזקת רכב חשמלי/היברידי,שיחסלימאן פיראס | שיחסלימאן פראס | שייח' סלימאן פר
91073,טארק' עבד אלקאדר מוסך כאוכב,מוסך מורשה,כאוכב אבו אל-היג'א,ת.ד. 103  רח' דיב מול כיכר הדואר,054-3949893,20185,201141116,2,מכונאות רכב בנזין | מכונאות רכב דיזל,עבד אלקאדר טארק
91075,דיטיילינג גרופ  ולדימיר לבצ'ין,מוסך מורשה,כרמיאל,רח' החרמש 9,054-2678686,20100,313688327,2,תיקון מרכבי רכב | צבעות רכב,חוטבה וג'יה
91076,חג'ירי אחמד  מוסך אלבטוף,מוסך מורשה,עוזייר,ת.ד. 399 בתוך הכפר,054-3444485,17903,53014197,3,אוטוטק רכב קל | תיקון אחזקת רכב חשמלי/היברידי | תיקון וכוון מתלים ברכב,חג'ירי אחמד
91078,עמיר מרכז הצמיג ירכא בע מ,מוסך מורשה,ירכא,ת.ד. 1301  א.תעשיה,04-9568219,24967,515351567,4,מכונאות רכב בנזין | מכונאות רכב דיזל | תיקון והחלפת צמיגים | תיקון וכוון מתלים ברכב,מולא עיסמת | עמיר  עטאללה
91079,א.ב. ביליין בע מ,מוסך מורשה,קריית שמונה,ת.ד. 951  א.ת. צפוני  ק.שמונה,053-7775201,11018,515230092,2,אוטוטק רכב קל | תיקון תיבות הילוכים אוטומטיות,זילבר יאן
91081,ש.כ. שי נגררים ומרכבים בע מ,מוסך רישוי לרכב חדש,טבריה,א.תעשיה קידמת גליל,04-6733221,14368,515251056,1,רישום ראשוני לרכב חדש,שי כהן
91082,אבו חלף בילאל - מוסך פחחות וצבע,מוסך מורשה,כפר כנא,א.תעשייה ת ד 460,052-2772780,16930,36999308,2,תיקון מרכבי רכב | צבעות רכב,אגא עבדאללה
91083,אמין סלימאן - המלך לחשמלאות,מוסך מורשה,כפר כנא,א.תעשייה,052-6645271,16967,300421252,1,חשמלאות רכב,סלימאן אמין
91084,סוהייב מחאמיד - מוסך אלאדיב,מוסך מורשה,,שכ עין גראר ת ד 6096,050-6112727,30010,203588132,2,מכונאות רכב בנזין | מכונאות רכב דיזל,מחאמיד סוהייב
91085,אמיר מונדיה - צמיגי רם,מוסך מורשה,חיפה,בר יהודה 33,04-6552350,33043,209148873,1,תיקון והחלפת צמיגים,סיף בלאל
91086,עבד אשרף - מרכז שרותי אשרף חאלד,מוסך מורשה,כפר כנא,כביש המגרש  ת ד 490,052-4530010,16930,60930658,3,מכונאות רכב בנזין | מכונאות רכב דיזל | חשמלאות רכב,עבד ח'אלד | עבד חאלד
91088,אבראהים עלוש צמיגי עלוש אבראהים,מוסך מורשה,נצרת,רח 207/26 המוסכים,052-4746417,16000,32748162,1,תיקון והחלפת צמיגים,עלוש אבראהים
91089,קיה צפון אילן נחימוב בע מ,מוסך מורשה,חיפה,השיש 35,04-6558970,26219,512412156,2,תיקון מרכבי רכב | צבעות רכב,איוב אבראהים
91090,מרכז שירות נאסא בע מ,מוסך מורשה,טבריה,רח' לשם 1 א.ת. קדמת הגליל,054-2322159,14133,516083482,6,מכונאות רכב בנזין | מכונאות רכב דיזל | מכונאות דיזל משאיות ואוטובוסים | תיקון אחזקת רכב חשמלי/היברידי | חשמלאות רכב | שירות תיקון למזגן אויר לרכב,נח'אש יאסר
91092,כריים שאדי  פנצ'ריית הגבעה,מוסך מורשה,זרזיר,מתחם ת.דלק דלק,050-5313371,10600,32627374,1,תיקון והחלפת צמיגים,כריים שאדי
91093,חן סרור - המוסך של חן,מוסך מורשה,חדרה,הגדוד העברי 1,054-9161178,,27187681,2,מכונאות רכב בנזין | מכונאות רכב דיזל,יצחקי שלמה
91094,הנטר וויל אליימנט בע מ,מוסך מורשה,טירת כרמל,מוצקין 11,04-8482289,,515722379,4,מכונאות רכב בנזין | מכונאות רכב דיזל | תיקון אחזקת רכב חשמלי/היברידי | תיקון וכוון מתלים ברכב,חסון והיב
91098,השאם ריאן  מוסך  כאבול,מוסך מורשה,כאבול,ת.ד. 331 ליד בי ס אלנור,052-2979682,24963,29228889,2,מכונאות רכב בנזין | מכונאות רכב דיזל,ריאן השאם
91101,מסרי כמאל  צמיגי נחף,מוסך מורשה,נחף,ת.ד. 3516  כניסה ליד המגרש,04-9887033,20137,28276061,1,תיקון והחלפת צמיגים,מסרי כמאל
91102,סמון משה  מוסך הכרם,מוסך מורשה,טבריה,רח' המלאכה 2,054-3305450,14246,32372914,2,מכונאות רכב בנזין | מכונאות רכב דיזל,דהאן יוסף | דהן יוסף
91103,סמיר נחול מוסך,מוסך מורשה,טירת כרמל,קרן היסוד 13,050-7572175,30263,37035482,2,תיקון מרכבי רכב | צבעות רכב,נח'ול סמיר
91104,מטר סלים מוסך אופן,מוסך מורשה,חיפה,ניוטון 4,04-8664885,,20411666,1,מכונאות אופנועים וקטנועים,וילודרסקי אליעז
91105,מסרי פאדי פנצ'רייה,מוסך מורשה,סח'נין,ת.ד. 139 כביש ראשי,04-6742262,30816,66433962,2,תיקון והחלפת צמיגים | תיקון וכוון מתלים ברכב,מסרי פאדי | יוסף פרח
91106,טרקטורוני דישון בע מ,מוסך מורשה,דישון,כניסה ראשית ת ד 81,04-6997758,13825,513764324,1,תיקון טרקטורונים,פרסקי דוד
91107,צמיגי פרג 2024 בע מ,מוסך מורשה,,שכ' אלבאטן ת ד 4215,054-4668941,30010,517007878,1,תיקון והחלפת צמיגים,ג'בארין פרג'אלל
91111,מחמוד אגבאירה אביזרים וחשמל רכב,מוסך מורשה,מוסמוס,כניסה ראשית ת ד 401,054-4723220,30520,34513960,1,חשמלאות רכב,אגבאירה מחמוד
91113,אור אמינות המקצוע שירותי רכבבע מ,מוסך מורשה,נשר,התעשייה 23,04-8210389,,515095321,1,תיקון מרכבי רכב,ארמלי נור
91114,מוסך אחמד נסאר,מוסך רישוי לציוד חקלאי,עראבה.,מיקוד  30812,052-3080143,30812,302475348,8,מכונאות רכב בנזין | מכונאות רכב דיזל | בדיקות עשן ברכב דיזל | מוסך רישוי לציוד חקלאי | אישור כשירות לצמ ה ומכונה ניידת | טרקטורים ומכונות ניידות | תיקון טרקטורונים | תיקון מלגזות הרמה,נסאר אחמד | נסאר עדנאן
91115,בטחיש אמל פנצ'רית אלקיסר,מוסך מורשה,מסעדה,ד.נ. רמת הגולן,053-2313184,12435,203843891,1,תיקון והחלפת צמיגים,בטחיש נאג'י
91117,סאלח מוטורוס בע מ,מוסך מורשה,חיפה,האשלג 11,04-9041010,32951,513105312,5,אוטוטק רכב קל | תיקון אחזקת רכב חשמלי/היברידי | תיקון מרכבי רכב | צבעות רכב | אוטוטק מרכבי רכב וצביעתם +מסגרות,נעראני מוחמד
91118,אוטו דלתא שירותי רכב בע מ,מוסך מורשה,עפולה,ת.ד. 2838  רח' השרטט  18,04-6401202,18127,514112713,2,תיקון מרכבי רכב | צבעות רכב,מבארכי נאסר | מבאריכי נאסר
91119,ג'דיר מחמוד   צמיגי המוביל,מוסך מורשה,ביר אל-מכסור,מתחם ת.דלק בכניסה,050-4465222,19725,39482385,1,תיקון והחלפת צמיגים,גדיר מחמוד
91120,אוסאמה עבאס מוסך עבאס,מוסך מורשה,נצרת,רחוב 5111 ת ד 3100,054-5816915,16000,39586979,2,מכונאות רכב בנזין | מכונאות רכב דיזל,עבאס תאפיק | עבאס תאופיק
91121,מ.ג.א שירותי רכב בע מ,מוסך מורשה,צפת,א.תעשיה חדש,04-9990668,13217,515784023,4,אוטוטק רכב קל | מכונאות דיזל משאיות ואוטובוסים | תיקון והחלפת צמיגים | טרקטורים ומכונות ניידות,דר עופר
91122,עסאם כעבייה  מוסך כעבייה,מוסך מורשה,כעביה-טבאש-חג'אג'רה,רח' 116  כפר כעבייה,052-2476930,30925,29219011,2,מכונאות רכב בנזין | מכונאות רכב דיזל,כעביה עסאם | כעביה עיסאם
91124,טברי איאד  חשמל רכב,מוסך מורשה,מגאר,מול בנק הפועלים  ת.ד. 5194,050-5519486,20128,23255151,1,חשמלאות רכב,טברי איאד
91125,שפרבר החברה לפיננסים והשקעות בעמ,מוסך מורשה,חיפה,הסתדרות 218,052-8509903,26202,515290039,5,אוטוטק רכב קל | תיקון מרכבי רכב | צבעות רכב | תיקון והחלפת צמיגים | תיקון וכוון מתלים ברכב,אבו רג'ב עדנאן | חאג' עלי מרואן
91126,אגבאריה מוסטפא פנצרית אבו חפיזה,מוסך מורשה,,רחוב אלקודס ת ד 376,04-6112050,30010,21825419,1,תיקון והחלפת צמיגים,אגבאירה מוסטפא
91130,איאד אגבאריה איאד שרותי רכב,מוסך מורשה,,רח אלוקדס 43 ת ד 20205,050-7899463,30010,26325779,1,תיקון וכוון מתלים ברכב,איאד אגבאריה
91131,אמארה אשרף - מוסך אשרף,מוסך מורשה,זלפה,כביש ראשי ת ד 132,050-5932473,30920,31421431,2,מכונאות רכב בנזין | מכונאות רכב דיזל,אמארה אשרף
91132,פריים מוטורוס בע מ,מוסך מורשה,חיפה,המלאכה 9,04-8813500,31251,513969147,2,מכונאות רכב בנזין | מכונאות רכב דיזל,בחוס אקבאל
91134,א.א. אדיב איוב בע מ,מוסך מורשה,חיפה,יוחנן הסנדלר 10,053-7735257,31253,514178409,2,תיקון מרכבי רכב | צבעות רכב,איוב אדיב
91135,מוחמד עתאמנה פנצריה מוסךאבאלסאמי,מוסך מורשה,באקה אל-גרביה,כניסה צפונית רח ואדי אל חרובה,052-3948007,30091,316170166,2,מכונאות רכב בנזין | מכונאות רכב דיזל,עתאמנה מוחמד
91136,מלול ניר  מוסך סופר מוטו צפון,מוסך מורשה,נהרייה,א.תעשיה צפוני  רח' היוצרים,054-6860015,22447,37425931,3,תיקון והחלפת צמיגים | מכונאות אופנועים וקטנועים | תיקון טרקטורונים,מלול ניר | ניר מלול
91137,מוסך דנדנה - מחמוד ווסים,מוסך מורשה,ג'ת,א.תעשייה ת ד 818,052-2205265,30091,36513281,2,מכונאות רכב בנזין | מכונאות רכב דיזל,גבארין מחמוד
91141,מחמוד מחאמיד - סיכת האחים,מוסך מורשה,,שכ' ואדי אלנסור  ת ד 3217,052-2251135,30010,301106514,2,מכונאות רכב בנזין | מכונאות רכב דיזל,מחאמיד מחמוד
91142,עידו קובאי  מוסך טופ קאר,מוסך מורשה,עין יעקב,מושב עין יעקב,052-3159997,25135,49833536,2,מכונאות רכב בנזין | מכונאות רכב דיזל,קובאי עידו
91143,נגררי הצפון בע מ,מוסך רישוי לרכב חדש,קריית ביאליק,א.תעשייה ילואות,04-9847968,,512043019,1,רישום ראשוני לרכב חדש,פרץ מיכאל
91146,מוסך החברים הנרי בע מ,מוסך מורשה,יפעת,קיבוץ יפעת,052-8940659,36583,515813913,1,מכונאות דיזל משאיות ואוטובוסים,שייח' סלימאן אמ
91147,תורגמן רז - אוטו ניר,מוסך מורשה,חיפה,השיש 21,04-8210950,60319,22053532,2,מכונאות רכב בנזין | מכונאות רכב דיזל,תורגמן רז
91148,עודה חוסאם צמיגי אירופה,מוסך מורשה,נשר,בר יהודה 17,04-8203274,36883,,1,תיקון והחלפת צמיגים,עודה בילאל
91150,אריאל שרון  נגררים,מוסך רישוי לרכב חדש,אבני איתן,מושב אבני איתן,050-8371903,12925,66053349,1,רישום ראשוני לרכב חדש,אריאל שרון
91151,מרכבים טכנלוגיות תחבורה בעמ,מוסך רישוי לרכב חדש,קיסריה,גרניט 22 פארק תעשייה,04-6176001,3050,520026410,1,רישום ראשוני לרכב חדש,יוחנןאהרוןהרטוך
91152,חלבי פאדי סחר חלפים ותיווך רכבים,מוסך מורשה,דאלית אל-כרמל,שכונה מזרחית ת ד 2561,052-6550197,30056,40551574,2,מכונאות רכב בנזין | מכונאות רכב דיזל,חלבי פאדי
91153,נליונור סחר והובלות בע מ,מוסך רישוי לרכב חדש,ירכא,א.תעשייה ת ד 2010,04-6206644,24967,512938978,2,רישום ראשוני לרכב חדש | רישום ורישוי לרכב חדש,ראאד אבו גנב | שואח רימון
91156,דיאב מוחמד  מוסך אבו השאם,מוסך מורשה,טמרה,א.תעשיה  ת.ד  3421,04-8246006,24930,308035922,3,מכונאות רכב בנזין | מכונאות רכב דיזל | בדיקות-רכב )קניה ומכירה),חסן סאלח
91158,מרכז החד פעמי בע מ,מוסך מורשה,ברטעה,אל מלעב 16,050-2567819,30023,515186880,2,חשמלאות רכב | תיקון והחלפת צמיגים,אגבאריה אחמד | אלחטיב אחמד
91159,מוסך וי יו הצפון,מוסך מורשה,מג'ד אל-כרום,ת.ד. 271   מגד אלכרום,054-2437837,20190,,2,מכונאות רכב בנזין | מכונאות רכב דיזל,בשר סוהיל
91160,מוחמד סלימאן - מ.א.ע. מכונאות,מוסך מורשה,חיפה,האיצטדיון 37,052-8027299,,34783159,2,מכונאות רכב בנזין | מכונאות רכב דיזל,לפגיאן מסרוב
91161,מלגזות המפרץ בע מ,מוסך מורשה,קריית ביאליק,רח' יוסף הלוי 36,04-6808761,27511,515800076,2,אישור כשירות לצמ ה ומכונה ניידת | תיקון מלגזות הרמה,חטיב עבדאללה
91162,מוסך אהאב רדא,מוסך מורשה,מסעדה,ביציאה כיוון נביא איליא ת.ד. 2085,050-7942515,12435,39139340,2,מכונאות רכב בנזין | מכונאות רכב דיזל,ספדי מוהנד
91163,אסעד אבו סאלח מוסך המיישר,מוסך מורשה,מג'דל שמס,בכניסה לאזור תעשיה צד שמאל,04-6870558,12438,33331471,1,אוטוטק מרכבי רכב וצביעתם,אבו סאלח אסעד
91164,מנסור פהים  אוטו סטארט,מוסך מורשה,ראמה,ת.ד. 166 שכונה מערבית,052-7070710,30055,29936291,1,חשמלאות רכב,עיאשי אחמד
91165,מתא ג'ורג'  ג'ורג'יניו מוטורס,מוסך מורשה,עיילבון,א.תעשיה  ת.ד. 141,04-9074451,16972,43376482,2,מכונאות אופנועים וקטנועים | תיקון טרקטורונים,מתא ג'ורג'
91166,יוניברסל משאיות ישראל בע מ,מוסך מורשה,חיפה,אופיר 62,03-9120164,32235,512004235,6,מכונאות רכב בנזין | מכונאות רכב דיזל | מכונאות דיזל משאיות ואוטובוסים | חשמלאות רכב | תיקון מרכבי רכב | שירות תיקון למזגן אויר לרכב,חאיכ עסאם | גטאס עבדאללה
91168,דיראוי מוחמד  חשמל דיראוי,מוסך מורשה,כפר יאסיף,א.תעשיה כפר יאסיף,052-7496438,25105,300102357,1,אוטוטק רכב קל,דיראוי מוחמד
91169,כ.ה. תנורי חימום ירכא בע מ,מוסך רישוי לרכב חדש,ירכא,כביש אבו סנאן ירכא ת ד 654,050-9964575,24967,514554609,1,רישום ראשוני לרכב חדש,האני כחלול
91175,היסאם כיואן  מוסך אקסטרה,מוסך מורשה,מג'ד אל-כרום,ת.ד. 1222 כניסה מערבית,052-5810919,20190,37225588,6,מכונאות רכב בנזין | מכונאות רכב דיזל | חשמלאות רכב | תיקון מרכבי רכב | צבעות רכב | שירות תיקון למזגן אויר לרכב,כיואן היסאם
91176,אבראהים  עלוש - צמיגי עלוש אבראה,מוסך מורשה,נוף הגליל,עמל 20,052-5192222,16505,32748162,1,תיקון והחלפת צמיגים,עלוש מוחמד
91179,ערפאת מנאע  מוסך מנאע,מוסך מורשה,מג'ד אל-כרום,מרעז הכפר  ת.ד. 638,054-5754078,20190,62871009,2,מכונאות רכב בנזין | מכונאות רכב דיזל,ערפאת מנאע
91180,גדות מסופים לכימיקלים (1985)בע מ,מוסך מורשה,קריית אתא,מתחם דשנים ת ד 1428,054-5394639,31033,520040775,2,מכונאות רכב דיזל | מכונאות דיזל משאיות ואוטובוסים,לוי מייק
91181,עסלי רפקי ובניו בע מ,מוסך מורשה,כפר קרע,בתוך בכפר ת ד 204,050-3333659,30075,513352757,6,מכונאות רכב בנזין | מכונאות רכב דיזל | מכונאות דיזל משאיות ואוטובוסים | תיקון והחלפת צמיגים | אישור כשירות לצמ ה ומכונה ניידת | טרקטורים ומכונות ניידות,זיד עבד אלקא | עסלי אסלאם
91182,מרכז שירות א.עבד ובניו בע מ,מוסך מורשה,נוף הגליל,העבודה 12,04-6551476,,514563899,3,מכונאות רכב בנזין | מכונאות רכב דיזל | תיקון מרכבי רכב,גמאחנה אבראהים | אבו נסאר הנרי
91186,שרותי רכב  12 וולט,מוסך מורשה,עפולה,רח' פנקס צבי 42,054-7530687,18553,311706881,3,מכונאות רכב בנזין | מכונאות רכב דיזל | תיקון אחזקת רכב חשמלי/היברידי,אברמוב ולדיסלב
91187,מוסך סגול כרמיאל בע מ  טויוטה,מוסך מורשה,כרמיאל,רח' הצור 4  א.תעשיה חדש,076-5312223,21000,515330629,5,מכונאות רכב בנזין | מכונאות רכב דיזל | תיקון אחזקת רכב חשמלי/היברידי | תיקון מרכבי רכב | צבעות רכב,שאולי גוזל | גוזלי שאול | חורי אליאס | אסדי קאסם
91190,ב.ע בשטח בע מ,מוסך מורשה,מענית,בתוך הקביוץ ת ד 237,074-7408404,37855,515902450,1,תיקון טרקטורונים,ליברמן מתי
91191,אקוקה שלומי מוסך אקוקה,מוסך מורשה,קריית ביאליק,רח' הסדנא  6,054-7317316,26363,42824011,2,מכונאות רכב בנזין | מכונאות רכב דיזל,אקוקה שלומי
91193,בשיר את סלים שירותי רכב בע מ,מוסך מורשה,עפולה,רח' צבי פנקס 28  עפולה עילית,04-9032777,68011,515934925,3,מכונאות רכב בנזין | מכונאות רכב דיזל | שירות תיקון למזגן אויר לרכב,סלים זועבי
91194,ראני גאנים מוסך,מוסך מורשה,באקה אל-גרביה,רח אלבוסתאן ת ד 1254,050-2288225,30100,35707090,2,מכונאות רכב בנזין | מכונאות רכב דיזל,ביאדסי מסעד
91195,סלים עזאת סלימאן מוסך פחחות,מוסך מורשה,נצרת,רחוב איכסאל,052-6039861,16000,23337496,1,תיקון מרכבי רכב,חורי אניס
91197,מוסך אופיר מוטורוס בחוס וסאםבע מ,מוסך מורשה,חיפה,ביל אלכסנדר 6,04-8727171,,515777548,5,מכונאות רכב בנזין | מכונאות רכב דיזל | תיקון אחזקת רכב חשמלי/היברידי | תיקון מרכבי רכב | צבעות רכב,בחוס ראיד | פרח נעמה
91198,מרכז שירות גלילי עליון בע מ,מוסך מורשה,קריית שמונה,א.תעשיה דרומי ק.שמונה,053-3033422,12100,515960821,3,מכונאות רכב דיזל | מכונאות דיזל משאיות ואוטובוסים | שירות תיקון למזגן אויר לרכב,שמס מונג'ד | קליינר אסף
91199,מ.ח שידרוגים בע מ,מוסך מורשה,חדרה,הזגג 1,050-9025254,,515740561,2,מכונאות רכב בנזין | מכונאות רכב דיזל,שמעוני אריה
91200,חברת חשמל לישראל בע מ,מוסך מורשה,חדרה,תחנת הכוח אורות רבין,076-8635794,,520000472,5,מכונאות רכב בנזין | מכונאות רכב דיזל | אישור כשירות לצמ ה ומכונה ניידת | טרקטורים ומכונות ניידות | תיקון מלגזות הרמה,תורגמן עובדיה | תוג'מן עובדיה
91203,אי.ג'י.אס. אגרו בע מ,מוסך מורשה,עפולה,א.תעשיה אלון תבור,053-4202199,18350,516800521,1,תיקון והחלפת צמיגים,שיין אסף
91204,צמיגי אורי בגלבוע בע מ,מוסך מורשה,בית השיטה,קבוץ בית השיטה,054-7008911,10801,517154183,1,תיקון והחלפת צמיגים,דאוד חסן
91205,ר.נ. אוטו ספורט סאלח בדארנה,מוסך מורשה,עראבה.,כביש שירות ליד ת.דלק,050-7572243,30812,32743411,2,מכונאות רכב בנזין | מכונאות רכב דיזל,זאיד אבו חליל
91206,פנצ'ריית זערור  חג'אזי סאלח,מוסך מורשה,טמרה,רח' צפוני תמרה ת.ד. 3254,052-8271747,30811,300550233,1,תיקון והחלפת צמיגים,חג'אזי עבדאלרחם
91211,סלים חטאב - מוסך אל חטאב,מוסך מורשה,נוף הגליל,הפריון 2,052-8934154,,26382085,1,חשמלאות רכב,חטאב סלים
91212,טייר 4 יור בע מ,מוסך מורשה,מענית,מועצה אזורית מנשה,052-6567833,38815,515838464,1,תיקון והחלפת צמיגים,זחלקה מחמוד
91215,סאליקאר ג'אפאקום בע מ,מוסך רישוי לרכב חדש,יפיע,כביש ראשי ת ד 78,073-7973021,16955,513909010,1,רישום ראשוני לרכב חדש,מסעד חביב
91217,דודי סעדון - מרכז דודי,מוסך מורשה,טירת כרמל,העוצמה 17,054-2448337,39015,34939801,5,מכונאות רכב בנזין | מכונאות רכב דיזל | תיקון אחזקת רכב חשמלי/היברידי | תיקון מרכבי רכב | צבעות רכב,סרירו יהושע אי | תלחמי נאדר
91219,סאלח מקאזחה נשיונל גיר,מוסך מורשה,נצרת,כרם אל סאחב,050-7971728,16000,,1,תיקון תיבות הילוכים אוטומטיות,מקאזחה סאלח
91221,עימאד בראנסה  מוסך עימאד,מוסך מורשה,ריינה,כביש ראשי ת ד 458,050-8852949,16940,,1,תיקון וכוון מתלים ברכב,בראנסה עימאד
91222,מוסטפא אבו דאהש מוסך חוף הכרמל,מוסך מורשה,בנימינה-גבעת עדה*,א.תעשייה צפוני רח 652,04-6396846,30500,,3,מכונאות רכב בנזין | מכונאות רכב דיזל | תיקון מרכבי רכב,טמיר אורי | אבו דאהש מסוטפא
91223,מוסך ספרינטר,מוסך מורשה,עפולה,רח' המלאכה  ליד אפי,050-3047745,18000,,4,מכונאות רכב בנזין | מכונאות רכב דיזל | חשמלאות רכב | שירות תיקון למזגן אויר לרכב,תקיוי ברא
91224,גלדיס פחחות וצבע בע מ,מוסך מורשה,חיפה,השיש 35,04-6568811,26291,515976249,2,תיקון מרכבי רכב | צבעות רכב,חסאן מועין | נאטור אבראהים
91225,מוסטפא זטמה מוסך קשת,מוסך מורשה,מגידו,מתחם מועצה אזורית מגידו,04-9935501,,316028372,2,תיקון מרכבי רכב | צבעות רכב,זטמה מוחסן
91226,מריואן עסלייה מוסך עסלייה,מוסך מורשה,חיפה,העמלים 3,04-8429429,26247,39933577,2,מכונאות רכב בנזין | מכונאות רכב דיזל,עסלייה מריואן
91227,אבראהים עבדאלהאדי מוסך בני חדר,מוסך מורשה,נצרת,רח 10/90001 ת ד 7529,050-2001196,16010,32882862,2,מכונאות רכב בנזין | מכונאות רכב דיזל,בהותי סח'ר
91233,מח'ול מח'אייל  דר' קאר,מוסך מורשה,אבו סנאן,כביש שרות ראשי,054-7351432,24905,66233156,2,מכונאות רכב בנזין | מכונאות רכב דיזל,מח'ולי מיחאיל
91235,סלאח חמדה  מוסך סלאח חשמל רכב,מוסך מורשה,כפר יאסיף,כניסה לאולמי דאוד,054-8161243,24908,308139245,2,אוטוטק רכב קל | תיקון אחזקת רכב חשמלי/היברידי,חמדה סלאח
91236,חסן בדארנה מכון טסט נהריה,מכון רישוי,נהרייה,רח' היוצרים 1   ת.ד. 338,04-8850020,22102,34743179,3,בדיקות עשן ברכב דיזל | בדיקות-רכב )קניה ומכירה) | מכון רישוי-פתוח לשרות הציבור,טרכטנברג פליק
91237,מוסך יד המקצוענים בע מ,מוסך מורשה,נהרייה,רח' היוצרים 3  א.תעשיה,04-8169559,22447,510751217,2,מכונאות רכב בנזין | מכונאות רכב דיזל,קרעאוי זוהייר
91238,מונדר יוסף  מוסך מעיין,מוסך מורשה,עין קנייא,ת.ד.  375  עין קנייה,04-6981504,12432,33330986,2,מכונאות רכב בנזין | מכונאות רכב דיזל,מונדר יוסף
91242,ר.גבריאל חלפים ומכונאות רכב בע מ,מוסך מורשה,יקנעם עילית,התעשיה 7,04-6588000,20692,515941268,5,מכונאות רכב בנזין | מכונאות רכב דיזל | תיקון אחזקת רכב חשמלי/היברידי | תיקון מרכבי רכב | צבעות רכב,עראם סוהיל | מוגרבי מראד
91243,אוטו לגו שירותי רכב אמג'ד גנדור,מוסך מורשה,ראמה.,ת.ד. 514  מול בי ס חקלאי,050-8861804,30055,203585963,3,אוטוטק רכב קל | תיקון אחזקת רכב חשמלי/היברידי | בדיקות-רכב )קניה ומכירה),גנדור אמג'ד
91246,רב טריילר בע מ,מוסך רישוי לרכב חדש,מגידו,קיבוץ מגידו,050-7266447,19230,515836005,1,רישום ראשוני לרכב חדש,זנו סתיו
91247,ש.א.מ.נצרת יבוא בע מ,מוסך רישוי לרכב חדש,נוף הגליל,א.תעשייה,04-6535600,17000,513983593,1,רישום ראשוני לרכב חדש,חרירי ואיל
91248,אוטו פרו למסחר ופרויקטים בע מ,מוסך מורשה,כפר קרע,כביש ראשי ת ד 254,050-3611371,30075,515886364,5,מכונאות רכב בנזין | מכונאות רכב דיזל | מכונאות דיזל משאיות ואוטובוסים | מכונאות אופנועים וקטנועים | תיקון טרקטורונים,עויס סאמי | זר דוד שי
91249,סופיאן מסארוה - מוסך נייד,מוסך מורשה,יפיע,ת ד 2459,052-4012628,16955,32678161,1,מוסך נייד לחילוץ ולתיקוני חירום,בסול ויסאם
91251,יניב מועלם מוסך שניר,מוסך מורשה,שניר,א.תעשיה,054-9280589,12250,29972544,5,מכונאות רכב בנזין | מכונאות רכב דיזל | טרקטורים ומכונות ניידות | תיקון טרקטורונים | תיקון מלגזות הרמה,מועלם יניב
91252,עאוני גבארין - מוסך עסליה,מוסך מורשה,,אלעיון ת ד 30566,052-2476479,30010,58159823,2,מכונאות רכב בנזין | מכונאות רכב דיזל,פרחאת מחאגנה
91253,מוסך אוסאמה אבו עיד פחחות וצבע,מוסך מורשה,חמאם,ת.ד.  24  ואדי חמאם,054-7924452,14970,23242142,2,תיקון מרכבי רכב | צבעות רכב,אבו עיד אוסאמה
91254,מולטי ריטייל גרופ בע מ,מוסך מורשה,רגבה,מתחם מסחרי רגבה,04-9117603,25223,515546224,1,תיקון והחלפת צמיגים,סיאגה דני
91255,מרכז הטורבו בע מ,מוסך מורשה,עין חרוד (מאוחד),עין חרוד מאוחד,04-6215622,18965,515367514,4,מכונאות רכב בנזין | מכונאות רכב דיזל | תיקון טרקטורונים | שירות תיקון למזגן אויר לרכב,כהן אליהו
91257,ראגד חוטבא מרכז המזגנים לרכב,מוסך מורשה,נוף הגליל,היצירה 83,050-5364050,17720,23318413,1,שירות תיקון למזגן אויר לרכב,ח'וטבא ראגד
91259,סייקל מוטורי בע מ,מוסך מורשה,טמרה,א.תעשיה חדש  ת.ד. 35,050-4777666,30811,517151742,2,מכונאות אופנועים וקטנועים | תיקון טרקטורונים,חג'אזי אבראהים
91261,אמיר קשת - צמיגי איתי ואיל,מוסך מורשה,פרדס חנה,תדהר 12,054-7336883,37000,28819357,1,תיקון והחלפת צמיגים,קשת אמיר
91262,גאדה עואדה אללה מוסך חסן עתילי,מוסך מורשה,באקה אל-גרביה,כביש ראשי ת ד 215,050-5268665,30100,61296919,2,מכונאות רכב בנזין | מכונאות רכב דיזל,ותד עבד אל ק
91263,גלבוע טריילר בע מ,מוסך רישוי לרכב חדש,דבורייה,ת.ד. 540  א.תעשיה,054-5748853,16910,515709350,1,רישום ראשוני לרכב חדש,עזאיזה פארס
91264,מואנס באשא פנצריית באשא,מוסך מורשה,נוף הגליל,החרושת 91/4,052-6440163,17840,39113279,1,תיקון והחלפת צמיגים,באשא מואנס
91265,רוני כסאברי - טכנו פרונט,מוסך מורשה,נוף הגליל,הפריון 2 נוף הגליל,052-5334999,,37184017,1,תיקון וכוון מתלים ברכב,כסאברי רוני
91266,מוסך האלופים נוף הגליל,מוסך מורשה,נוף הגליל,נוף הגליל,050-2622143,,,2,מכונאות רכב בנזין | מכונאות רכב דיזל,שהואן האני
91267,סאלח חמיס ובניו בע מ,מוסך מורשה,נוף הגליל,א.תעשיה ציפורית רח היוצר 5,04-6412359,16967,511972945,1,תיקון והחלפת צמיגים,סאלח מוחמד
91268,אלמגור נ.י.א בע מ,מכון רישוי,יקנעם עילית,פארק תעשייה מבוא כרמל,04-6030600,,513571216,6,בדיקות עשן ברכב דיזל | בדיקות-רכב )קניה ומכירה) | מכון רישוי-פתוח לשרות הציבור | תיקון וכוון מתלים ברכב | בדיקת רכב לאחר תאונה | בדיקה לאחר תאונה-איסור שימוש,ברנד רונן
91269,טסט פיקס בע מ,מכון רישוי,מגדל העמק,האריג 3,04-8860361,23094,513623082,4,בדיקות עשן ברכב דיזל | בדיקות-רכב )קניה ומכירה) | מכון רישוי-פתוח לשרות הציבור | תיקון וכוון מתלים ברכב,סעאידה מוחמד
91270,שירות הייטק מוטורס בע מ,מוסך מורשה,טירת כרמל,העוצמה 17,053-7372321,39026,514706787,1,אוטוטק מרכבי רכב וצביעתם +מסגרות,גזמאווי מרואן
91271,מרכז אמריקה שרותי רכב בע מ,מוסך מורשה,נשר,התעשייה 41,04-8491000,36601,513556282,2,מכונאות רכב בנזין | מכונאות רכב דיזל,חייקין דמיטרי
91272,אדהם דראשוה - אופנועי אדהם,מוסך מורשה,אכסאל,א.תעשייה ת ד 93,054-3026985,16920,300776457,1,מכונאות אופנועים וקטנועים,עבאס ג'מאל
91273,מגט תעשיות בע מ,מוסך רישוי לרכב חדש,מעלות-תרשיחא,ת.ד. 367  א.ת. מעלות תרשיחא,04-9976212,24952,510556194,1,רישום ראשוני לרכב חדש,טריפמן שחר
91274,גולני ארגזים ונגררים בע מ,מוסך רישוי לרכב חדש,טבריה,א.תעשיה קדמת גליל,04-8880888,15228,514142504,1,רישום ראשוני לרכב חדש,עדוי מוחמד
91275,פחחות וצבע הכוכב נחלה בע מ,מוסך מורשה,נשר,התעשייה 41,052-5001555,36601,514043298,2,תיקון מרכבי רכב | צבעות רכב,נח'לה עפיף
91277,בלמי ס.ח.ב גרגורה סוהיל,מוסך מורשה,אעבלין,אעבלין,050-5354990,30012,52605821,1,רפידות ותופי בלם,ג'רג'ורה סוהייל
91278,איליי - שירותי רכב בע מ,מוסך מורשה,חדרה,האומן 3 פינת החרש א.ת דרומי,04-6030144,,516097987,4,מכונאות רכב בנזין | מכונאות רכב דיזל | תיקון מרכבי רכב | צבעות רכב,יחיא רשאד | אבו חוסין נצר
91279,אליאס חאג - צמיגי טירת הכרמל,מוסך מורשה,טירת כרמל,עוצמה 17,053-3331518,39015,29101987,1,תיקון והחלפת צמיגים,חאג' אליאס
91280,א.בטון מואסי בע מ,מוסך מורשה,ג'ת,רחוב הפלדה,050-5580441,30100,512842444,1,מכונאות דיזל משאיות ואוטובוסים,עתאמנה מוחמד
91281,חואלדה אוסאמה מוסך סמי,מוסך מורשה,חיפה,המוסכים 11,04-6229070,20299,40502783,2,מכונאות רכב בנזין | מכונאות רכב דיזל,ח'ואלד אוסאמה
91282,עסאם אבראהים- מוסך עסאם,מוסך מורשה,כפר יאסיף,א.תעשייה ת ד 218,054-4929899,24908,25891953,2,מכונאות רכב בנזין | מכונאות רכב דיזל,אבראהים עסאם
91283,מוסך הולשוט בע מ,מוסך מורשה,נהרייה,סולד 1,04-6203065,22447,517218889,1,מכונאות אופנועים וקטנועים,מלכה שלמה
91284,מוסך הכוכבים,מוסך מורשה,כפר יאסיף,ת ד 270  כביש ראשי אולמי בעלבק,052-6009328,24908,36881993,2,מכונאות רכב בנזין | מכונאות רכב דיזל,מסרי תאמם
91285,מוחמד אבו מוך מוסך אבו עלי,מוסך מורשה,ערערה,כביש ראשי 65,054-5424549,30026,301178190,1,אוטוטק רכב קל,אבו מוך מוחמד
91286,אגבאריה אתיר אבזרים ושרותי אכב,מוסך מורשה,כפר קרע,שכונת מסאלחה ת ד 38,050-3036684,30075,315768259,2,מכונאות רכב בנזין | מכונאות רכב דיזל,מסלחה עבד אל ר
91287,יורו טריילר בע מ,מוסך רישוי לרכב חדש,חיפה,אופיר 3,052-9591665,,515506012,1,רישום ראשוני לרכב חדש,קורן רותם
91290,יוסף וינס - מוסך משמרות,מוסך מורשה,פרדס חנה,רחוב סביון פרדס - חנה,054-4606763,37000,33193194,2,מכונאות רכב בנזין | מכונאות רכב דיזל,וינס יוסף
91292,פחחות וצבע פיראס דאוד,מוסך מורשה,כפר יאסיף,כפר יאסיף,054-5519767,24908,,2,תיקון מרכבי רכב | צבעות רכב,ביסאן ראג'י
91294,מוסך טופ פחחות וצבע לרכב בע מ,מוסך מורשה,אור עקיבא,ההדס 15,04-6362826,30600,514215763,2,תיקון מרכבי רכב | צבעות רכב,זריהן אהרן | חשאן ריאד
91296,מוסך דוד מ. ב.,מוסך מורשה,יפעת,קיבוץ יפעת,050-6599833,30069,,3,אישור כשירות לצמ ה ומכונה ניידת | טרקטורים ומכונות ניידות | תיקון מלגזות הרמה,דוד בוסקילה | בוסקילה דוד משה
91297,מטרו מוטור שיווק (1981) בע מ,מוסך מורשה,טבריה,רח' הפלדה 1  קדמת גליל,04-8864251,16972,510892490,2,אוטוטק אופנועים/קטונעים/טרקטרונים | תיקון טרקטורונים,בר סער | ח'לאילה מופיד
91298,פודובדוב מיכאל מוסך טנדם,מוסך מורשה,גונן,קיבוץ גונן,054-6754855,,321179327,2,תיקון מרכבי רכב | צבעות רכב,אלכסנדרוב איוון
91300,מוסך נדין פחחות וצבע בע מ,מוסך מורשה,פרדס חנה,ערער 3,050-7775692,3700,517030904,2,תיקון מרכבי רכב | צבעות רכב,ג'מאל עבד אלנא
91301,א. טוף טריילר בע מ,מוסך רישוי לרכב חדש,דבורייה,כפר דבוריה,050-9456557,,516029642,1,רישום ראשוני לרכב חדש,מואמן עזאיזה
91302,מיגל מתכות וייצור נגררים מיכאל,מוסך רישוי לרכב חדש,קריית ביאליק,יוסף לוי 7,04-8644355,,321944316,1,רישום ראשוני לרכב חדש,מיכאל גכריאלוב
91303,ידידיה תעשיות ונכסים בע מ,מוסך רישוי לרכב חדש,קריית אתא,המעפילים 1,04-8419411,28228,513553453,1,רישום ראשוני לרכב חדש,ידידיה יוסף יוס
91304,פארס גומייד-מוסך מהיר אחמד,מוסך מורשה,נצרת,כביש ואדי אלחארגי,052-3544311,,32747610,2,מכונאות רכב בנזין | מכונאות רכב דיזל,גומייד פארס
91306,מוסך אוטובן בע מ,מוסך מורשה,קריית ביאליק,יוסף לוי 3,054-5282054,,516214624,2,אוטוטק רכב קל | תיקון וכוון מתלים ברכב,בשקירוב רומן
91307,עאמר בחוס - מוסך עאמר,מוסך מורשה,חיפה,קצנשטיין 28,054-8324353,,26432310,1,אוטוטק מרכבי רכב וצביעתם,בחוס עאמר
91308,רוני גזאלין מוסך רוני גזאלין,מוסך מורשה,יפיע,מראח אלגוזלאן,052-8950212,19655,37750080,2,תיקון מרכבי רכב | צבעות רכב,גזאלין נאזם
91311,אמ.אנד.בי צפון בע מ,מוסך מורשה,נשר,הבונים 3,052-2471380,36880,516093630,2,אוטוטק רכב קל | תיקון וכוון מתלים ברכב,סקרבובסקי איליה
91312,מוסך אלדוחא,מוסך מורשה,סח'נין,ת ד 14686,050-7807243,,,2,מכונאות רכב בנזין | מכונאות רכב דיזל,קסום עימאד
91314,מוסך פדא - נייד,מוסך מורשה,טובא-זנגרייה,טובא זנגריה ת ד 152,054-6372966,12310,,1,מוסך נייד לחילוץ ולתיקוני חירום,עוקלה אל פאר פד
91315,מעיין טל - מעין החלפים,מוסך רישוי לרכב חדש,כרמיאל,צור 7 אזור תעשיה כרמיאל,052-7515551,20145,308291707,1,רישום ראשוני לרכב חדש,טל מעיין
91318,מוסך נאג'י 2004 בע מ,מוסך מורשה,חיפה,המוסכים 22,052-2844485,,513624254,2,מכונאות רכב בנזין | מכונאות רכב דיזל,לוי חיים
91319,סאלח עלי מוסך הרכב עוספיא,מוסך מורשה,עספיא,שכונה מזרחית ת ד 2027,054-4250559,30090,300925120,2,מכונאות רכב בנזין | מכונאות רכב דיזל,עלי סאלח
91320,פאדי מסרי - מוסך פאדי,מוסך מורשה,באקה אל-גרביה,אל חלפאא אל ראשדיון,052-4386820,30100,36917391,1,תיקון מרכבי רכב,מסרי פאדי
91321,חשאי יונתן סופר צמיג חדרה,מוסך מורשה,חדרה,המסגר 4,052-8680445,38908,206887986,2,תיקון והחלפת צמיגים | תיקון וכוון מתלים ברכב,לביא אליהו
91322,השמונה מוטורס פ. צ. בע מ,מוסך מורשה,קריית שמונה,ת.ד. 634 מתחם גליל עליון,052-5545754,10200,514799063,4,אוטוטק רכב קל | תיקון אחזקת רכב חשמלי/היברידי | תיקון מרכבי רכב | צבעות רכב,ח'טיב מוחמד עב | עבוד גסאן
91326,ה.מ.ישראל בע מ,מוסך מורשה,גן שמואל,מפעלי גרנות כביש 65,053-8331238,,514286939,1,מכונאות אופנועים וקטנועים,ברדה נסים
91327,ג'נרל אוטו מוטיב,מוסך מורשה,סח'נין,ת.ד. 3308  א.תעשיה סחנין,054-5980426,,,1,אוטוטק רכב קל,ח'לאילה נור
91328,פייט - טק הנדסה בר לב בע מ,מוסך מורשה,עצמון שגב,פארק תעשיות הרותם 13 בר לב,052-5585857,,513346650,2,מכונאות רכב בנזין | מכונאות רכב דיזל,רפאל גיא
91329,מוסך ש.מ קומטיקאר בע מ,מוסך מורשה,דאלית אל-כרמל,שכונת סקעב ת ד 6774,04-6283483,30056,517109013,2,תיקון מרכבי רכב | צבעות רכב,מפלח שאדי
91330,רוני מוטורוס סוכנות רכב בע מ,מוסך רישוי לרכב חדש,עספיא,שד אבא חושי 116,04-8396775,30090,514849918,1,רישום ראשוני לרכב חדש,רוחאנא ראני
91331,לואי אלמווסי - נגררי מלניום,מוסך רישוי לרכב חדש,באקה אל-גרביה,ת ד 478,050-5726766,30100,23234735,1,רישום ראשוני לרכב חדש,אלמווסי לואי
91333,עלי סלאמה - פחחות וצבע,מוסך מורשה,ירכא,ירכא ת ד 983,052-2363850,24970,,2,תיקון מרכבי רכב | צבעות רכב,מוסא אחמד
91334,סטי קאר ירכא בע מ,מוסך מורשה,ירכא,א. ת. ירכא,050-4202334,,516266442,3,בדיקות-רכב )קניה ומכירה) | תיקון וכוון מתלים ברכב | בדיקת רכב לאחר תאונה,חמוד ראיף
91335,צמיגי אחמד כיאל,מוסך מורשה,אבו סנאן,"אבו סנאן , תחנת דלק סונול ת ד 2115",054-47615280,,,1,תיקון והחלפת צמיגים,כיאל אחמד
91336,אלמאז צמיגים בע מ,מוסך מורשה,נצרת,חלת אלדיר,050-3783772,3004,516245008,1,תיקון והחלפת צמיגים,זועבי עלי
91337,המומחים ר.נ. לפחחות וצבע בע מ,מוסך מורשה,שפרעם,אזור תעשיה שפרעם,04-8254774,,516153244,2,תיקון מרכבי רכב | צבעות רכב,דלאל ג'ורג' | כתאנה חליל
91338,ניב רוגל,מוסך מורשה,שרונה,מושב שרונה ת.ד. 148,054-5300900,15232,,1,מוסך נייד לחילוץ ולתיקוני חירום,רוגל ניב אלכס
91339,טופ קאר פואז בדארנה,מוסך מורשה,סח'נין,ת.ד.  1441   אחרי אצטדיון דוחא,050-6993064,30810,40104903,2,תיקון מרכבי רכב | צבעות רכב,בדארנה פאוזי
91340,השלום - פחחות וצבע - קדירי חוסין,מוסך מורשה,טמרה,אזור תעשיה טמרה,054-4362230,30811,,2,תיקון מרכבי רכב | צבעות רכב,קדירי חוסין
91341,תעשיות פוני ייצורמרכביםלמשאיותבע,מוסך רישוי לרכב חדש,חדרה,שד ביאליק חלקה 6 ת ד 246,04-6222446,38100,513636480,1,רישום ראשוני לרכב חדש,פוני יוסי
91342,גל הרצל מוסך גל ארנב,מוסך מורשה,חיפה,בר יהודה ישראל 1,054-4341789,32627,54108584,1,מכונאות אופנועים וקטנועים,גל הרצל
91343,ספורי פואד און ) י.ק.ל ( פחחות ו,מוסך מורשה,חיפה,השיש 22,04-8420346,20644,300976081,2,תיקון מרכבי רכב | צבעות רכב,כתאנה חאלד
91345,אמיר מוסך רם-טק,מוסך מורשה,חיפה,המוסכים 3,052-6359359,35424,50479112,2,מכונאות רכב בנזין | מכונאות רכב דיזל,הואש אמיר
91346,מוסך הסרגל גל אור פרץ,מוסך מורשה,בית שאן,רח' היוזמה 8 א.תעשיה צפוני,052-6961252,10900,558429791,4,מכונאות רכב בנזין | מכונאות רכב דיזל | תיקון והחלפת צמיגים | טרקטורים ומכונות ניידות,אלבז אלעד
91347,סגל ש.מ.ג  נכסים והשקעות בע מ,מוסך מורשה,ראש פינה,רח' היהלומים  א.ת.  צ.ח.ר,050-9550770,12000,514563592,4,מכונאות רכב בנזין | מכונאות רכב דיזל | מכונאות דיזל משאיות ואוטובוסים | תיקון אחזקת רכב חשמלי/היברידי,ח'רייס גואד
91348,מחמד גבארין מוסך אבו גרור,מוסך מורשה,,שכ אבו זיידון,054-9934465,30010,28363364,2,מכונאות רכב בנזין | מכונאות רכב דיזל,מחאמיד חסן
91349,גלאל סעיד מוסך גלאל סעיד,מוסך מורשה,יאנוח,רח מלונה ת ד 2115,054-46743335,25145,300437340,2,אוטוטק רכב קל | תיקון אחזקת רכב חשמלי/היברידי,סעיד גלאל
91350,נאדר נאג'ר מוטורס,מוסך מורשה,אבו סנאן,אבו סנאן ת.ד. 1273,052-6009326,24905,,2,מכונאות רכב בנזין | מכונאות רכב דיזל,נג'אר נאדר
91351,רמי א.ר.מ שרותי רכב,מוסך מורשה,חיפה,רחוב ת א 3,054-24616232,35026,26355990,2,מכונאות רכב בנזין | מכונאות רכב דיזל,מרידך אליהו
91352,מרכז שירות ר.כ פרסון בע ם,מוסך מורשה,כרמיאל,מתכת 26 כרמיאל,04-6144297,,516292869,2,תיקון מרכבי רכב | צבעות רכב,פרסון בשיר
91353,באסל סאלח שרותי מוסך,מוסך מורשה,דאלית אל-כרמל,שכ  חלת עלי,052-6398740,,33347840,2,מכונאות רכב בנזין | מכונאות רכב דיזל,סאלח באסל
91354,מוסטפא ותד מ.ו מוטורוס,מוסך מורשה,ג'ת,רח אלמוארס,050-9876610,30091,301309738,2,מכונאות רכב בנזין | מכונאות רכב דיזל,ותד מוסטפא
91356,מוחמד קואסמי מוסך חמודה לפחחות ו,מוסך מורשה,באקה אל-גרביה,מחלף כביש 6,052-7883540,30100,,2,תיקון מרכבי רכב | צבעות רכב,ג'בארין אחמד | קואסמי שקייר
91357,צמיגי הצפון  הייב מוחמד,מוסך מורשה,ראש פינה,ת ד 64 טובה זנגרייה מתחם ת.דלק סונול,052-8142852,12000,,1,תיקון והחלפת צמיגים,דאוד ראיד
91358,סאדק ואלאא דין מוסך החלומות,מוסך מורשה,טמרה,א.תעשייה,054-8140483,,302795000,2,תיקון מרכבי רכב | צבעות רכב,דבדוב מחמוד
91359,מגדי בלאטה מוסך מגדי גזמאוי,מוסך מורשה,באקה אל-גרביה,כביש ראשי ת ד 1331,052-8592447,30100,36888899,2,מכונאות רכב בנזין | מכונאות רכב דיזל,ביאדסי זיאד
91360,מוחמד חשאן מוסך חשאן,מוסך מורשה,באקה אל-גרביה,כביש ראשי ת ד 1427,050-8656000,30100,36889186,2,מכונאות רכב בנזין | מכונאות רכב דיזל,מרעי פאיז
91361,חנא כסאברי מוסך המקצוענים,מוסך מורשה,נצרת,רח 4090 מס 10 רח המוסכים,052-8732313,16000,204443733,2,תיקון מרכבי רכב | צבעות רכב,ח'יו כסאברי חנא
91362,פואז פ.שאמי שירותי רכב ואביזרים,מוסך מורשה,דאלית אל-כרמל,רחוב הורדים,054-2331023,30056,206132243,2,מכונאות רכב בנזין | מכונאות רכב דיזל,עראקיה מחמד
91363,אלמוג ש.ח.בע מ,מוסך מורשה,באקה אל-גרביה,כביש באקה גת ת ד 765,04-8617666,30100,513628107,2,תיקון מרכבי רכב | צבעות רכב,קואסמה מועתז
91364,מוחמד דיב - פחחות וצבע,מוסך מורשה,מג'ד אל-כרום,אבן אלהייתם מג'דאל כרום,054-9262028,,,2,תיקון מרכבי רכב | צבעות רכב,חוראני עלי
91365,אוחנה חיים,מוסך מורשה,טבריה,הקרן 8  טבריה עילית,050-7754321,,,2,מכונאות רכב בנזין | מכונאות רכב דיזל,גבאי אמנון
91366,מרכז שירות נהוראי,מוסך מורשה,ראש פינה,אזור תעשיה צ.ח.ר,050-7847570,,,2,אוטוטק רכב קל | תיקון אחזקת רכב חשמלי/היברידי,רובין קריאף נעמ
91367,אמגד אבו רימה מוסך אלנור,מוסך מורשה,ערערה,רח סלאח אל דין 31,050-6941325,,36393262,2,מכונאות רכב בנזין | מכונאות רכב דיזל,אבו רימה אמג'ד
91368,מוחמדעבד אלרחמאן מוסךהביתשלטויטה,מוסך מורשה,ריינה,רח 7079 א.תעשייה,053-7810138,16950,66521386,2,מכונאות רכב בנזין | מכונאות רכב דיזל,עתאמלה ג'מאל
91370,מוסך ראמי שמאלי מכונאות רכב,מוסך מורשה,עראבה,רח' אלביאדר  עראבה,050-44826077,30812,37753753,2,מכונאות רכב בנזין | מכונאות רכב דיזל,אבו ג'נב טלעת
91371,יאיר רביד מוסך טרקטורים,מוסך מורשה,הגושרים,קבוץ הגושרים,054-6693631,12250,33278284,2,טרקטורים ומכונות ניידות | תיקון מלגזות הרמה,רביד עלי
91372,צמיגי הגליל  חדאד ג'קי,מוסך מורשה,מעיליא,א.תעשיה מעליא,054-4611861,25140,25887407,1,תיקון והחלפת צמיגים,חדאד זקי
91373,הנרי ודני מרכזשרותאיווקובעמ,מוסך מורשה,נוף הגליל,א.תעשייה ת ד 897,04-851524,17108,516451556,4,מכונאות רכב בנזין | מכונאות רכב דיזל | מכונאות דיזל משאיות ואוטובוסים | חשמלאות רכב,ביטון מרדכי | רואשדה עבדאללה
91374,השאם פחחות וצבע,מוסך מורשה,סח'נין,רח' אלפיל 8 סכנין,052-8135235,,,2,תיקון מרכבי רכב | צבעות רכב,אבו ריא השאם
91376,מוסך כמאל בשארה,מוסך מורשה,ראמה,ת.ד.  84  ראמה,052-2485635,30055,,2,מכונאות רכב בנזין | מכונאות רכב דיזל,מנסור כמאל
91378,עלי מלחם מוסך אחים ארקאן,מוסך מורשה,ערערה,רחוב אלדהראת,050-9174422,30026,40512071,2,מכונאות רכב בנזין | מכונאות רכב דיזל,תותרי בשארה
91379,אחמד את אחמד  מוסך עירון,מוסך מורשה,,עין אלשערה,052-2978830,30010,29834793,2,תיקון מרכבי רכב | צבעות רכב,מחאג'נה אחמד
91380,קיס כסאב מוסך ואדי עארה,מוסך מורשה,ערערה,כביש ראשי,052-6361882,30026,301985818,2,מכונאות רכב בנזין | מכונאות רכב דיזל,בדראן חאלד
91382,עבד אלחלים אחמד צמיגי עבד אלחלים,מוסך מורשה,שפרעם,שכונת עוסמאן,050-4275658,20200,311535728,1,תיקון והחלפת צמיגים,עבד אלחלים אחמד
91383,גואד גמאל מוסך גואד,מוסך מורשה,,שכונת אלביר,052-8733387,30010,32771644,2,מכונאות רכב בנזין | מכונאות רכב דיזל,ג'מאל ג'ואד
91384,מאגד אבו סעדה צמיגי מגיק,מוסך מורשה,שפרעם,מתחם סמארה - שכונת אלברקה,052-8157609,20200,305335994,1,תיקון והחלפת צמיגים,אבו סעדה מאג'ד
91386,יוניברסל מוטורס בע ם,מוסך מורשה,עפולה,א.תעשיה עפולה עילית  7/5,04-8138559,18712,511809071,2,תיקון מרכבי רכב | צבעות רכב,תלחמי מהאראן
91388,תאאיר אבו וואצל מוסך תאאיר,מוסך מורשה,ערערה,כביש אלדהראת שכונה מערבית,052-2617781,30026,36434165,2,מכונאות רכב בנזין | מכונאות רכב דיזל,אבו וואצל ת'אאי
91389,חיר שעבאן מוסך אלחיר,מוסך מורשה,שפרעם,א.ת שפרעם,052-2127356,20200,307842724,2,תיקון מרכבי רכב | צבעות רכב,אשקר כמאל
91390,מוסך הצפון טמרה,מוסך מורשה,טמרה,אזור תעשיה טמרה,052-3585031,,,2,מכונאות רכב דיזל | מכונאות דיזל משאיות ואוטובוסים,סלבאק זיאד
91391,צמיגי אלבר  שי אלבר,מוסך מורשה,רמת ישי,רחוב הצפצפה 5,04-8664399,30064,29697364,1,תיקון והחלפת צמיגים,אלבר שי
91392,היהי פאוור בע מ,מוסך מורשה,כפר כנא,איבן רושד  ת ד 1799,052-7599066,16930,516324928,2,מכונאות רכב בנזין | מכונאות רכב דיזל,דוח'אן וסאם
91393,מורן זיידאן מוסך מורן,מוסך מורשה,דאלית אל-כרמל,מתן 6,054-6316927,30056,208637314,2,מכונאות רכב בנזין | מכונאות רכב דיזל,סאלח יוסף
91394,פרו צ ק בע מ,מוסך מורשה,חיפה,ניוטון 4,054-9441834,,516249943,1,בדיקות-רכב )קניה ומכירה),אשקר רוני
91395,מוסך נסרה מאתיוס,מוסך מורשה,ראמה,ראמה כביש ראשי,054-5526226,30055,,3,מכונאות רכב בנזין | מכונאות רכב דיזל | חשמלאות רכב,נסרה מאתיוס
91397,די אנד אס מוטורוס בע מ,מוסך מורשה,חדרה,מנאי 8,04-9999519,37858,516531829,3,תיקון והחלפת צמיגים | מכונאות אופנועים וקטנועים | תיקון טרקטורונים,לוי יהודה בן
91399,חליל דבס צמיגי האלוף,מוסך מורשה,טירת כרמל,הפטיש 1,050-3900097,39026,34632505,1,תיקון והחלפת צמיגים,דבס ח'ליל
91401,יוסף פדול - מוסך ופנצ'רייה,מוסך מורשה,פקיעין (בוקייעה),אזור תעשיה חדש ת ד 78,054-9450250,,,3,מכונאות רכב בנזין | מכונאות רכב דיזל | תיקון והחלפת צמיגים,פדול יוסף | ח'יר פאדל
91402,צמיגי כאבול,מוסך מורשה,כאבול,תחנת דלק סונול,054-6591844,24963,,1,תיקון והחלפת צמיגים,חמדוני עוסמאן
91403,מרכז שרות ש.ה.ב בע מ,מוסך מורשה,יקנעם עילית,השקד 11,04-3024200,,515120236,5,מכונאות רכב בנזין | מכונאות דיזל משאיות ואוטובוסים | תיקון אחזקת רכב חשמלי/היברידי | תיקון מרכבי רכב | צבעות רכב,עויס מוחמד | נמורה שארבל
91404,שרבל איוב מוסך אלמגד,מוסך מורשה,שפרעם,א.ת חדש רחוב נרקיס 19,054-2990331,20200,39471289,1,צבעות רכב,פרהוד ג'אד
91405,מוסך טריפ - ג'יפ,מוסך מורשה,עכו,הגדוד העברי 22 עכו,052-7277891,,,2,אוטוטק רכב קל | תיקון אחזקת רכב חשמלי/היברידי,סגל יניב
91406,אבראהים שלבי מוסך,מוסך מורשה,אכסאל,אזור תעשייה ת ד 309,050-7228470,16920,26386482,2,מכונאות רכב בנזין | מכונאות רכב דיזל,שלבי אבראהים
91408,עדו שיפורי רכב בע מ,מוסך רישוי לרכב חדש,פרדס חנה,תדהר 10,050-5520013,,512971094,1,רישום ראשוני לרכב חדש,ניסן כהן נועה מ
91411,פנצ'רייה ורחיצת רודי,מוסך מורשה,אבו סנאן,,054-6739472,24905,,1,תיקון והחלפת צמיגים,סגל אהרון
91412,מוסך מוחמד חלאילה,מוסך מורשה,סח'נין,,050-5834115,30810,,2,אוטוטק רכב קל | תיקון אחזקת רכב חשמלי/היברידי,ח'לאילה מוחמד
91413,עלי עזב מוסך אלהודא,מוסך מורשה,כפר קרע,רח אלסלאם ת ד 748,050-5438044,30075,54797220,2,מכונאות רכב בנזין | מכונאות רכב דיזל,עזב עזב
91414,מ.א.נ.ה יזמות נדל ן ופיתוח בע מ,מוסך רישוי לציוד חקלאי,דאלית אל-כרמל,חלת עלי ת ד 5081,052-7048555,,515070175,11,אוטוטק רכב קל | מכונאות דיזל משאיות ואוטובוסים | תיקון אחזקת רכב חשמלי/היברידי | מוסך רישוי לציוד חקלאי | אישור כשירות לצמ ה ומכונה ניידת | בדיקות-רכב )קניה ומכירה) | טרקטורים ומכונות ניידות | תיקון טרקטורונים | תיקון מלגזות הרמה | תיקון וכיול טכוגרפים | בדיקת רכב לאחר תאונה,נאטור מאג'ד
91416,חן יצחקיאן פרו 4 על 4,מוסך מורשה,חדרה,בעלי המלאכה 13,054-3022021,38402,66429614,2,מכונאות רכב בנזין | מכונאות רכב דיזל,יצחקיאן חן
91417,סי אס פרוקיטצ'ן בע מ אופנועים,מוסך מורשה,קריית שמונה,א.תעשיה דרומי   מתחם גפן,050-2695871,10200,514894328,2,מכונאות אופנועים וקטנועים | תיקון טרקטורונים,חאין אנטוני
91418,אלופי השטח בע מ,מוסך מורשה,כפר קרע,רח סונבולה,054-7744629,30075,516617701,2,אוטוטק רכב קל | תיקון טרקטורונים,עבד אל גני מוחמ
91419,גריפאת אברהים צמיגי ופרונט זרזיר,מוסך מורשה,זרזיר,כביש שרות בכניסה לכפר,054-4939365,8026,206007981,1,תיקון והחלפת צמיגים,גריפאת אבראהים
91420,אושרי פרץ סחר והשקעות בע מ,מוסך רישוי לרכב חדש,חיפה,הדשנים 10,050-6560003,,514632173,1,רישום ראשוני לרכב חדש,פרץ אושרי
91421,אלהודהוד בע מ,מוסך מורשה,זרזיר,כביש שירות בכניסה לזרזיר,054-3232711,61817,516530706,1,תיקון והחלפת צמיגים,ארבייעי פואד
91422,לאון ויסאם קפיצי המפרץ,מוסך מורשה,חיפה,יוסף לוי 14,050-2060853,,29980778,1,תיקון קפיצים ברכב מנועי,חכים האני
91424,אסיה טורס בע מ,מוסך רישוי לרכב חדש,כפר קרע,כביש ראש ת ד 425424,052-8540752,30075,511001778,1,רישום ראשוני לרכב חדש,אעלימי גסאן
91425,ביאטרה ניהאד חשמלאות רכב אלעפיפי,מוסך מורשה,נצרת,ואדי אלחאג 33,052-3030130,16086,33998865,1,חשמלאות רכב,ביאטרה ניהאד
91427,מוסך חאג' עודה מאזן ובניו,מוסך מורשה,זרזיר,א.תעשיה  כביש שירות,052-5786029,16817,57582082,1,חשמלאות רכב,חאג' עודה אחמד
91428,עסאף אחמד ניידת שירות,מוסך מורשה,בענה,ת.ד.  1124,050-4535216,20189,23467590,2,מכונאות דיזל משאיות ואוטובוסים | מוסך נייד לחילוץ ולתיקוני חירום,עסאף אחמד
91429,אס.איי.פי.גי.טרמינל בייפורט חברה,מוסך מורשה,חיפה,יוליוס סימון 60,054-9794199,26248,515246833,4,מכונאות רכב בנזין | מכונאות רכב דיזל | מכונאות דיזל משאיות ואוטובוסים | תיקון אחזקת רכב חשמלי/היברידי,דקסי אייל
91431,נאטור אמג'ד מוסך אמגד נאטור,מוסך מורשה,ג'ולס,א.ת גולס,052-8122802,24980,300438223,2,תיקון מרכבי רכב | צבעות רכב,נאטור אמג'ד
91432,אנדרי נזרוב  מוסך  בוקס 9,מוסך מורשה,עפולה,רחוב המלאכה 12,052-6700605,18350,313986788,2,מכונאות רכב בנזין | מכונאות רכב דיזל,נזרוב אנדריי
91435,צ'מפיון מוטורס בע מ,מוסך רישוי לרכב חדש,חיפה,מחסן ק -6 נמל הקישון,053-3223269,,513973255,2,רישום ראשוני לרכב חדש | רישום ורישוי לרכב חדש,פרחדל איילת | בלאן ענאן
91436,מרכז שירות לרכב בע מ,מוסך מורשה,אשדות יעקב (איחוד),קבוץ אשדות יעקב איחוד,050-9970446,15155,511926685,2,אוטוטק רכב קל | תיקון וכוון מתלים ברכב,מלכה שמעון
91437,אי.אס.טי  טרייד בע מ,מוסך מורשה,נוף הגליל,מעלה  יצחק 13,052-2271891,17000,513150516,2,תיקון מרכבי רכב | צבעות רכב,ח'אלד סאהר
91438,מעאויה כבהא מוסך ד ר רכב,מוסך מורשה,באקה אל-גרביה,ואדי אל חרוב,050-7424388,30100,36889293,4,מכונאות רכב בנזין | מכונאות רכב דיזל | תיקון אחזקת רכב חשמלי/היברידי | תיקון וכוון מתלים ברכב,כבהא מועאויה
91439,עלי עוטר -מוסך משאיות,מוסך מורשה,אבו סנאן,אזור תעשייה,054-2177400,24905,23446974,2,מכונאות רכב דיזל | מכונאות דיזל משאיות ואוטובוסים,עיאש עזמי
91440,מ.דיזל מימון וסחר בע מ,מוסך רישוי לרכב חדש,טבריה,יהודה הלוי 41,050-7369092,,515558153,1,רישום ראשוני לרכב חדש,זיתוני אילן
91441,השמיים הם הגבול לפחחות וצבע בע מ,מוסך מורשה,נצרת,רחוב 2017,054-3553529,,516661691,1,תיקון מרכבי רכב,וני ח'ליל
91442,אוטו חן מוביליטי שותפות מוגבלת,מוסך מורשה,עפולה,רח' הרצל  33  עפולה עילית,050-5738802,18550,,4,מכונאות רכב בנזין | מכונאות רכב דיזל | מכונאות דיזל משאיות ואוטובוסים | מכונאות רכב גפ מ,חביב שלמה
91443,רכב איהאב   חלאילה איהאב,מוסך מורשה,סח'נין,כניסה מערבית   ת.ד.  4314,052-4588123,30810,203006879,1,חשמלאות רכב,ח'לאילה איהאב
91444,האני עבדאלה מוסך השמונה קאר בס,מוסך מורשה,שפרעם,איזור תעשיה חדש כניסה מזרחית,053-7301214,20200,59486761,2,תיקון מרכבי רכב | צבעות רכב,חלאג' סלמאן | עבדאללה האני
91446,מוסך פחחות וצבע  חליל עלי,מוסך מורשה,עראבה.,כביש מפעל בטון,052-6437131,30812,300421476,1,תיקון מרכבי רכב,ח'ליל עלי
91447,פואד חרב פחחות וצבב חרב ובניו,מוסך מורשה,בית ג'ן,כניסה ראשית ת ד 1161,04-6315737,24990,311273023,2,תיקון מרכבי רכב | צבעות רכב,חרב פואד
91448,שירות רכב - מוסך רוני חמוד,מוסך מורשה,ירכא,א. ת. ירכא,053-8838853,24967,,2,מכונאות רכב בנזין | מכונאות רכב דיזל,עטאללה ג'מיל
91450,מוסך גלגלים - חלאחלה מוחמד,מוסך מורשה,קריית ביאליק,קריית ביאליק 22,054-5809473,27113,,2,תיקון מרכבי רכב | צבעות רכב,ענבתאוי אסמאעיל
91452,מנעם לאון מוסך לאון מונעם,מוסך מורשה,שפרעם,א.ת חדש,052-3808725,20200,,1,צבעות רכב,לאון מונעם
91455,שגיא פול פאוור מוסך,מוסך מורשה,חיפה,הקיטור 5,050-9755424,,201306230,2,מכונאות רכב בנזין | מכונאות רכב דיזל,ויטקין שגיא
91457,א.אמיר סחר והפצה צמיגים בע מ,מוסך מורשה,כפר קרע,כניסה מערבית כפר קרע,050-5716994,30075,516363520,1,תיקון והחלפת צמיגים,אבו חמד סעיד
91458,עאסלה כנאן מוסך בית הרכב,מוסך מורשה,צפת,רח' השקולד א.תעשיה צפת,053-4837611,13210,318617370,2,מכונאות רכב בנזין | מכונאות רכב דיזל,עאסלה אוסאמה
91459,מוסך האחים  חליחל ח'יר,מוסך מורשה,חצור הגלילית,רחוב המסגר 30  א.תעשיה,052-6936109,10300,,1,אוטוטק רכב קל,חלייחל ח'יר
91460,עלי שלאעטה שירותי רכב,מוסך מורשה,סח'נין,א.תעשיה  אחרי דוחה מול טופ קאר,054-5932823,30810,32694978,1,אוטוטק רכב קל,שלאעטה עלי
91461,מוסך בילאל זידאני,מוסך מורשה,טמרה,טמרה,052-6868152,30811,,1,תיקון מרכבי רכב,זידאני מוסטפא
91462,מוסך חובב משלי,מוסך מורשה,איילת השחר,קבוץ איילת השחר,054-5640015,12200,22734826,4,אישור כשירות לצמ ה ומכונה ניידת | טרקטורים ומכונות ניידות | תיקון טרקטורונים | תיקון מלגזות הרמה,משלי חובב
91463,ח.נ מאייסטר (2024) בע מ,מוסך רישוי לרכב חדש,עראבה,ת ד 5654 כביש ראשי,04-8329944,30812,516910726,1,רישום ראשוני לרכב חדש,נעאמנה חאתם
91466,עודה צמיגי עודה,מוסך מורשה,חיפה,חלוצי התעשייה 92,050-2965449,32960,21812847,1,תיקון והחלפת צמיגים,עודה עודה
91467,קיה  ק.שמונה שרות בע מ,מוסך מורשה,קריית שמונה,א.תעשיה צפוני  ק.שמונה,052-3254693,10200,516607579,4,אוטוטק רכב קל | תיקון אחזקת רכב חשמלי/היברידי | תיקון מרכבי רכב | צבעות רכב,מוצניק רפאל | מוצניק צבי חנוך
91469,ר.ב.ב.ר ליזמות ובניה בע מ,מוסך רישוי לרכב חדש,בוקעאתא,ת ד 1339,050-2443005,,515853661,1,רישום ראשוני לרכב חדש,אבו ראפע מוסטפא
91470,ראיד אביזרי רכב אבו גרור,מוסך מורשה,,שכ אלביר בניין 14,053-6227634,30100,29925542,1,חשמלאות רכב,מחאג'נה נדמי
91472,הורן שירותי מוסך בע מ,מוסך מורשה,עפולה,רח' העמל 3 עפולה עילית,050-5921192,19145,516668217,7,אוטוטק רכב קל | מכונאות רכב דיזל | מכונאות דיזל משאיות ואוטובוסים | תחזוקה ובדיקת מערכת כיבוי אש באוטו' | אישור כשירות לצמ ה ומכונה ניידת | טרקטורים ומכונות ניידות | תיקון מלגזות הרמה,הורן רועי
91473,אמין אגבאריה - תחזוקת וסיכת אמין,מוסך מורשה,,אלביר 301,052-4204461,,203728241,2,מכונאות רכב בנזין | מכונאות רכב דיזל,עומר רפעאת
91474,חבשי מוחמד א.ח צמיגי אכסאל,מוסך מורשה,אכסאל,א.ת ישן,050-7769562,16920,,1,תיקון והחלפת צמיגים,חבשי מוחמד
91475,חשמל ומיזוג רכב חורי יוסף,מוסך מורשה,אבו סנאן,אבו סנאן,052-25607957,,,2,חשמלאות רכב | שירות תיקון למזגן אויר לרכב,ח'ורי יוסף
91476,מוסך אמיל חליל לפחחות,מוסך מורשה,אעבלין,מרכז הכפר אעבלין,052-9862194,,,1,תיקון מרכבי רכב,ח'ליל אמיל
91477,פנצ'ריית ח.מ.  כאוכב,מוסך מורשה,כאוכב אבו אל-היג'א,כביש שרות  ת.ד. 416,052-8431176,20185,26526756,1,תיקון והחלפת צמיגים,מנסור חוסיין
91478,דילוקס מרכז שירותי רכב בע מ,מוסך מורשה,ראש פינה,רח' היהלום  22  צ.ח.ר ראש פינה,053-7218132,12000,516686490,2,תיקון מרכבי רכב | צבעות רכב,מריסאת פואז
91479,מוסך סאפי שירותי רכב,מוסך מורשה,ראש פינה,א.תעשיה  צ.ח.ר  ליד המכון,053-8882520,12000,21544721,2,אוטוטק רכב קל | מכונאות דיזל משאיות ואוטובוסים,הייב ספואן
91482,רביע עסלי שירותי רכב רביע,מוסך מורשה,כפר קרע,רחוב אבן סינא ת ד 1193,050-4477298,30075,206791584,2,מכונאות רכב בנזין | מכונאות רכב דיזל,כעיבה יוסף | כעביה יוסף
91484,עורוה מסארוה  מוסך אבו אלגוד,מוסך מורשה,כפר קרע,כביש ראשי,050-3958900,30075,301578118,2,מכונאות רכב בנזין | מכונאות רכב דיזל,אבו שרקייה רביע
91486,עמית כהן ס.א. שירותי רכב ואחזקות,מוסך מורשה,חדרה,עמרם אברהם 10,050-7915274,38245,515965036,2,מכונאות רכב בנזין | מכונאות רכב דיזל,כהן עמית
91487,ס.מ. זגגות רכב בע מ,מוסך מורשה,נצרת,שכונת חלת אלדיר רחוב 3004,050-5305795,16000,514610930,2,תיקון מרכבי רכב | צבעות רכב,בשתאוי מוחמד
91989,מוסך מוביל הצפון,מוסך מורשה,זרזיר,בית זרזיר,050-8918314,,,1,מכונאות דיזל משאיות ואוטובוסים,הייב אוסאמה
91992,זאהר נגם מוסך הכוכב הזוהר,מוסך מורשה,דאלית אל-כרמל,דאלית כרמל כניסה דרומית כביש ראשי,04-8339737,30056,66705153,5,מכונאות רכב בנזין | מכונאות רכב דיזל | תיקון אחזקת רכב חשמלי/היברידי | חשמלאות רכב | שירות תיקון למזגן אויר לרכב,זאהר נגים
91994,מוסך ג'וד פחחות וצבע,מוסך מורשה,טמרה,אזור תעשיה ת.ד. 3379,052-5051944,30811,,2,תיקון מרכבי רכב | צבעות רכב,שיח' ח'ליל פאדי
91996,סמניה אמיר מוסך האחים,מוסך מורשה,מגדל העמק,היצירה 9,04-8474444,23094,,1,אוטוטק מרכבי רכב וצביעתם,סמניה אמיר
91997,אייקאר מ.ש.ט. בע מ,מוסך מורשה,חיפה,השיש 40,04-8724304,26291,515138659,2,תיקון מרכבי רכב | צבעות רכב,עבוד בסאם
91999,מוסך קדאח וליד אחמד,מוסך מורשה,מג'ד אל-כרום,מג'דאל כרום,054-5735322,,,2,חשמלאות רכב | שירות תיקון למזגן אויר לרכב,קדאח וליד
92001,מוסך ח.ב. הובלות חטיב חיר,מוסך מורשה,טמרה,א.ת. טמרה,054-4456665,,,3,מכונאות רכב בנזין | מכונאות רכב דיזל | תיקון טרקטורונים,ח'טיב חיר
92002,אנדריי דיוריאגין מוסך פרוסטרייד,מוסך מורשה,חיפה,הסתדרות 73,054-8093960,,323339911,3,מכונאות רכב בנזין | מכונאות רכב דיזל | תיקון וכוון מתלים ברכב,מחאמיד מחמוד | דיוריאגין אנדרי
92003,עתאמנה שאדי צמיגי 6,מוסך מורשה,באקה אל-גרביה,ביר באקה,052-7070783,30100,,1,תיקון והחלפת צמיגים,עתאמנה שאדי
92004,מ.ת.מ מוטורס אי.וי בע מ,מוסך מורשה,חיפה,יוחנן הסנדלר 9,053-7360963,31253,516460219,2,אוטוטק רכב קל | תיקון אחזקת רכב חשמלי/היברידי,חדאד מייקל
92005,זיו את טובי ושות בע מ,מוסך מורשה,נשר,התעשיה 10,052-8784000,36601,516960218,2,תיקון מרכבי רכב | צבעות רכב,דיאב והיב
92006,רפאל קמחי מוסך 18,מוסך מורשה,חיפה,ספיר 1,058-5859919,32951,40550352,1,אוטוטק מרכבי רכב וצביעתם,קונדה איגור
92008,סופר טראק י.ש צמיגים בע מ,מוסך מורשה,חדרה,המתכת 12,050-5764820,37858,515818987,2,תיקון והחלפת צמיגים | תיקון וכוון מתלים ברכב,אבקסיס עופר | קטאוי יאסין
92009,מוסך קארטק לוקמאן עפיף,מוסך מורשה,נצרת,12/4046 שכונה מזרחית,050-7401375,16000,34639542,2,אוטוטק רכב קל | חשמלאות רכב,ביאטרה עפיפי עד | ביאטרה עפיפי עפ
92010,מוסך אודי שירותי רכב,מוסך מורשה,ירכא,"אזור תעשיה ירכא, ת ד 3372",052-3815087,,,1,אוטוטק רכב קל,סעב רביע
92011,זבדאד ורד ביקי מוטור סייקל,מוסך מורשה,סח'נין,אזור תעשייה ת ד 3602,04-8111102,,314987306,1,אוטוטק אופנועים/קטונעים/טרקטרונים,ביכי מוחמד
92012,עסאם עיסא מוסך גוד,מוסך מורשה,ערערה,ת ד 116 שכונת אל באטן,050-5505307,,203914056,2,מכונאות רכב בנזין | מכונאות רכב דיזל,מסארווה עבד אל
92013,גירייס תאברי מוסך ענק הרכב,מוסך מורשה,נוף הגליל,רחוב הפריון 8,054-7874749,17870,308149202,2,מכונאות רכב בנזין | מכונאות רכב דיזל,אבו ליל מראד
92014,מוסך נאיף מריסאת,מוסך מורשה,עראבה.,א.תעשיה מזרחי,050-5722146,24945,,1,אוטוטק רכב קל,מריסאת נאיף
92015,הקריה נ.ע. - מוסך בע מ,מוסך מורשה,עפולה,קהילת ציון  46,053-5926001,18350,512571068,4,מכונאות רכב בנזין | אוטוטק רכב קל | מכונאות רכב דיזל | תיקון אחזקת רכב חשמלי/היברידי,בן משה הרצל | מור רוני
92016,מוסך כמאל זועבי,מוסך מורשה,תל יוסף,צומת תל יוסף,052-2922080,,,2,מכונאות רכב בנזין | מכונאות רכב דיזל,בן צבי גד
92018,מוסך אוטו טכניקו,מוסך מורשה,מג'ד אל-כרום,ת ד 1384 מג'דאל כרום,052-6032521,20190,,1,אוטוטק רכב קל,סריס עלאאדין
92019,עדי פאהום מוסך אלארז,מוסך מורשה,נצרת,רחום אלסלאם איזור המוסגים,050-7457232,16000,35557966,2,מכונאות רכב בנזין | מכונאות רכב דיזל,פאהום פח'ר אל
92020,טכנו מנוע צפון בע מ צמיגי בוסתן,מוסך מורשה,בוסתן הגליל,דרך הגנים בוסתן הגליל ת.ד. 1050,04-9915582,,511380792,1,תיקון והחלפת צמיגים,מח'ולה עבדו עמר
92021,מ.ע.ח שירותי ואחזקות אוטובוסים ב,מוסך מורשה,נצרת,חלת אלדיר,054-2818817,16000,516388832,1,תיקון מרכבי רכב,מרואת מוחמד
92022,אוטו טרוניק סאלח בע מ,מוסך מורשה,ראש פינה,רח' יהלום 14 א.תעשיה  צ.ח.ר,050-8465949,12000,516452653,2,מכונאות רכב בנזין | מכונאות רכב דיזל,עטור פארוק
92023,הובלות המפרץ בע מ,מוסך מורשה,עכו,רח' היוצר 1 עכו,050-4977777,,512442153,3,מכונאות רכב בנזין | מכונאות רכב דיזל | מכונאות דיזל משאיות ואוטובוסים,מוסא מוסטפא
92024,שטיפת הלבנוני,מוסך מורשה,נהרייה,לוחמי הגטאות נהריה,050-8683649,22447,,1,תיקון והחלפת צמיגים,אסדי ח'אלד
92025,אליאס מוסך אליאס עבוד,מוסך מורשה,חיפה,דרך יפו 104,052-5084664,31047,25997008,2,מכונאות רכב בנזין | מכונאות רכב דיזל,כעביה עומר
92026,נידאל מנסור - נידו מוטורס,מוסך מורשה,מג'ד אל-כרום,סלאח אל דין 2 א ת ז 1448,052-2729714,20190,303164768,2,מכונאות אופנועים וקטנועים | תיקון טרקטורונים,מנסור נידאל
92028,טיולי מירא בע מ,מוסך מורשה,טמרה,רח סלמאן אל פארסי,04-9945222,,512338740,2,מכונאות רכב דיזל | מכונאות דיזל משאיות ואוטובוסים,כרכבי האני
92030,אוטו ציק  אבו מוך נסים,מוסך רישוי לציוד חקלאי,באקה אל-גרביה,אלמוחתריפין  תחנת דלק 10,00-0,,43065465,6,מכונאות רכב בנזין | תיקון והחלפת צמיגים | מוסך רישוי לציוד חקלאי | טרקטורים ומכונות ניידות | תיקון וכוון מתלים ברכב | בדיקת רכב לאחר תאונה,אבו מוך יאסר | רמאל איוב
92031,מרכז שרות גרנות עמק חפר בע מ,מוסך מורשה,גורנות הגליל,מפעלי גרנות,050-3333250,,516908852,1,מכונאות דיזל משאיות ואוטובוסים,בנדק גבריאל
92032,מריסאת  מוחמד מ.מ פחחות וצבע,מוסך מורשה,חיפה,ההסתדרות 206,052-7370934,,307954248,2,תיקון מרכבי רכב | צבעות רכב,עטאריה מחמוד
92034,זיאדני מרכז שירות רכב,מוסך מורשה,טמרה,רח' אלכראגאת 10 א. ת. טמרה,054-4946716,30811,,2,מכונאות רכב בנזין | מכונאות רכב דיזל,חמאד מחמוד
92035,אחמד שיח אחמד א.ש שירותי רכב,מוסך מורשה,שפרעם,רחוב נבטיה 12,052-4388605,20200,206234379,2,מכונאות רכב בנזין | מכונאות רכב דיזל,שיח' אחמד אחמד
92036,מפרם סוכנויות (1999)בע מ,מוסך רישוי לטרקטורים ורכב חדש,קיסריה,גרניט 22,04-6059000,,512808981,7,מוסך רישוי לציוד חקלאי | אישור כשירות לצמ ה ומכונה ניידת | רישום ראשוני לרכב חדש | רישום ורישוי לרכב חדש | טרקטורים ומכונות ניידות | תיקון טרקטורונים | תיקון מלגזות הרמה,אברמוביץ חיים | ניסנוב לביא לוי
92037,פהמי איוי מוסך איוי,מוסך מורשה,יפיע,שכונת אום אלעדאם,055-9937085,16955,56979214,1,תיקון מרכבי רכב,סאפיה אליאס
92038,נביל דקה מוסך אדם פחחות וצבע,מוסך מורשה,ג'ת,כביש ראשי גת,054-2223928,30091,37731874,2,תיקון מרכבי רכב | צבעות רכב,גנאים בשיר
92039,מוחמד מזאריב מוסך סאם,מוסך מורשה,זרזיר,רחוב אלמלוק,050-7269255,61817,203589056,2,מכונאות רכב בנזין | מכונאות רכב דיזל,מזאריב ח'אלד
92040,פארס זועבי מוסך פחחות רכב,מוסך מורשה,ריינה,א.ת ריינה,052-8237300,16410,315911487,2,תיקון מרכבי רכב | צבעות רכב,עואד בוטרוס
92041,יוניברסל מוטורס ישראל בע מ,מוסך מורשה,קריית שמונה,א.ת דרומי רח' החושן 14,050-4045942,10200,511809071,2,תיקון מרכבי רכב | צבעות רכב,קראקרה חוסין
92043,צמיגי רונן יאיר,מוסך מורשה,טבריה,הנשיא ויצמן טבריה עלית,050-5299011,14362,,1,תיקון והחלפת צמיגים,יאיר רונן
92044,אלמסריה לדיקור בע מ,מוסך מורשה,גן נר,א.תעשיה גן נר,054-7304699,17042,513244822,2,תיקון מרכבי רכב | צבעות רכב,רשיד עבדאללה
92045,פנצ'ריית מבואות הגלבוע,מוסך מורשה,חבר,א.תעשיה מבואות הגלבוע,054-7002509,19165,200579217,1,תיקון והחלפת צמיגים,דאוד לואי
92047,טליע חלבי מוסך מכונאות,מוסך מורשה,מג'דל שמס,ת.ד. 989 א.תעשיה חדש,052-3254693,12438,40935504,2,מכונאות רכב בנזין | מכונאות רכב דיזל,אבו עואד מוחמד
92048,אמג'ד ג'נטוס מוסך אלתפיק',מוסך מורשה,סח'נין,ת.ד. 7669  מול אצטדיון דוחא,050-4572285,30810,66073586,1,אוטוטק רכב קל,גנטוס אמג'ד
92049,דני פולריס בע מ,מוסך מורשה,נוף הגליל,המרכבה 2 ציפורית,04-6415328,17000,515314391,2,טרקטורים ומכונות ניידות | תיקון טרקטורונים,יוסף כעביה
92050,אר אץ אנרגיה מסחר והשקעות בע מ,מוסך מורשה,חורפיש,ת ד 1093,052-6630644,25155,515895613,3,תיקון מרכבי רכב | צבעות רכב | תיקון וכוון מתלים ברכב,ח'טיב מונזר | עבד אל האדי חמז
92051,שחאדה אחמד מוסך שחאדה אחמד,מוסך מורשה,ריינה,א.ת חדש,054-3812255,,308226489,2,מכונאות רכב בנזין | מכונאות רכב דיזל,הלון מרון
92052,זערורה עובידה פנצריית זערורה,מוסך מורשה,שפרעם,אלמידאן 1,052-8139910,20200,,1,תיקון והחלפת צמיגים,יאסין ואסים
92053,מתיתיהו מוסך פיקס איט שירותי רכב,מוסך מורשה,נוף הגליל,הפריון 8 נוף הגליל,050-8107587,5114,312317431,2,מכונאות רכב בנזין | מכונאות רכב דיזל,בנימינוב מתיתיה
92054,מוסך המומחים כסאברי בע מ,מוסך מורשה,ריינה,א.ת חדש,052-4450074,16940,516446697,1,תיקון מרכבי רכב,ח'ורי איימן
92055,עלי איוב טייר פוינט,מוסך מורשה,שפרעם,חסן נימר חוסין,052-6986457,20200,316037324,1,תיקון והחלפת צמיגים,איוב עלי
92056,מוסך חיש 2020,מוסך מורשה,קריית ביאליק,היוזם 4 קריית ביאליק,04-8754090,27513,,3,מכונאות רכב בנזין | מכונאות רכב דיזל | תיקון אחזקת רכב חשמלי/היברידי,עבאסי טאהר
92058,מגאדלה היתאם הילוך מהיר,מוסך מורשה,באקה אל-גרביה,רחוב אלכולפאא אלראשדון,054-7986111,30100,308350735,2,מכונאות רכב בנזין | מכונאות רכב דיזל,מג'אדלה היתאם
92059,מוסך אחמד,מוסך מורשה,טמרה,א. ת. טמרה ת. .ד. 3067,053-2496559,30811,,1,אוטוטק רכב קל,עבד אל עזיז אחמ
92060,מוסך פנדי מוסטפא,מוסך מורשה,אבטין,ת.ד. 112 אבטין,054-5537928,36592,,3,מכונאות רכב בנזין | מכונאות רכב דיזל | תיקון אחזקת רכב חשמלי/היברידי,פנדי מוסטפא
92062,ואיל ניגם אחים ניגם,מוסך מורשה,ריינה,א.ת חדש ריינה מול תחנת דלק דיזול,050-5636134,16940,,1,תיקון והחלפת צמיגים,ניג'ם ואיל
92063,שי קיזמן - קיזמן שירותי רכב,מוסך מורשה,נוף הגליל,הפריון 2,052-3200012,17000,33009242,1,תיקון מרכבי רכב,סימעאן טנאס
92064,האלופים פחחות וצבע בע מ,מוסך מורשה,נצרת,א.ת נצרת ליד מכון ציפורי,054-4241351,16000,516819737,2,תיקון מרכבי רכב | צבעות רכב,חאג' עיסא אמין
92066,מוסד הטכניון למחקר ופתוח בע מ,מוסך רישוי לרכב חדש,חיפה,קרית הטכניןן,052-8460934,,510097918,1,רישום ראשוני לרכב חדש,בק חגי
92068,סובחי אבו אחמד מוסך האחים,מוסך מורשה,נוף הגליל,א.ת עשייה ב  רחוב עמל 4,052-5976051,16000,,2,מכונאות רכב בנזין | מכונאות רכב דיזל,ברגות וסאם
92069,כרם מוסך מוניר ב.מ.וו,מוסך מורשה,באקה אל-גרביה,רחוב אלביארק,054-9966616,30100,206042202,2,מכונאות רכב בנזין | מכונאות רכב דיזל,ביאדסי חוסאם
92070,כראם פרנקו רחיצת ופנצרית הציקפוס,מוסך מורשה,חיפה,האודם 2,052-8349405,32951,,1,תיקון והחלפת צמיגים,שמאי דוד
92071,אמפייר המפרץ בע מ,מוסך מורשה,חיפה,ההסתדרות 200,053-3333769,32960,516701992,2,תיקון מרכבי רכב | צבעות רכב,משאעל יוסף
92072,מוסך קיסר פחחות וצבע בע מ,מוסך מורשה,מגאר,א.תעשיה חדש,052-4292415,20128,517013355,2,תיקון מרכבי רכב | צבעות רכב,סרחאן זיאד
92073,מוסך תבור גליל אגש ח בע מ,מוסך מורשה,מגדל העמק,א.ת כניסה דרומית,04-6070204,23094,570067306,1,מכונאות דיזל משאיות ואוטובוסים,גנאים פחרי
92074,קלאס קאר זועבי מחמוד,מוסך מורשה,עפולה,רח' החרמש 12,052-2710025,18350,207709072,1,תיקון והחלפת צמיגים,אליהו אלי
92075,דיאב ראני - כיוון פרונט,מוסך מורשה,מג'ד אל-כרום,ת ד 95 מג'דאל כרום,050-8811032,20190,,1,תיקון וכוון מתלים ברכב,דיאב ראני
92076,פקטורי 5 בע מ,מוסך מורשה,עכו,אזור תעשיה דרומי,054-9968511,,516929353,2,תיקון מרכבי רכב | צבעות רכב,דעקה לביב
92077,שתייוי עאמר מוסך ע.שתייוי,מוסך מורשה,נצרת,ביר אלאמיר רחוב 1040,050-2287769,16000,,2,מכונאות רכב בנזין | מכונאות רכב דיזל,שתייוי עאמר
92078,פנצ'רית ושטיפת אלאמני אימן אבו ז,מוסך מורשה,עראבה.,"רחוב אלברכה ,ליד ת.דלק סונול",052-8931427,30812,207263039,1,תיקון והחלפת צמיגים,כריים ראשד
92079,שאדי עמאשה  קאר פאינט,מוסך מורשה,בוקעאתא,מול ת.דלק  בוקעתה,054-2567546,30023,209020395,2,תיקון מרכבי רכב | צבעות רכב,עמאשה שאדי
92080,בלאל חטיב מוסך מאגד קאר,מוסך מורשה,שפרעם,בורג אלסוכר,050-9862514,20200,,1,תיקון מרכבי רכב,שהאב איהאב
92081,מוסך חוסאם מטאנס,מוסך מורשה,ג'ולס,ת.ד. 541 אבו סנאן,050-9443867,24090,,2,מכונאות רכב בנזין | מכונאות רכב דיזל,בחוס פריד
92082,עמאשה ח'אלד  טייר ספייד,מוסך מורשה,בוקעאתא,ת.ד.  1543  ד.נ. רמת הגולן,050-6969988,12437,206652935,1,תיקון והחלפת צמיגים,עמאשה חאלד
92083,מכלוף אליהו צמיגי אור עקיבא,מוסך מורשה,אור עקיבא,קופולוביץ 24,050-6898300,30600,,1,תיקון והחלפת צמיגים,מכלוף אליהו
92084,פנצ'רייה ורחיצת חמודי,מוסך מורשה,אבו סנאן,"תחנת דלק טן, בית העמק",052-4812877,25248,,1,תיקון והחלפת צמיגים,פארס אחמד
92087,מהדי מוחמד מוסך מהדי אבו פתא,מוסך מורשה,עראבה,מפעלי בטון  כביש שרות,052-4668763,24945,201296324,2,מכונאות רכב בנזין | מכונאות רכב דיזל,מוחמד מהדי
92088,ע.ר.ן  מוטורס בע ם,מוסך מורשה,עפולה,רחוב המגל 9,052-5111350,18350,515732055,2,מכונאות אופנועים וקטנועים | תיקון טרקטורונים,פרח פרנסוא
92089,עלי שחאדה ע.מ מוסך האלופים,מוסך מורשה,כפר כנא,א.ת ליד תחנת המשטרה,052-7707964,16506,,2,מכונאות רכב בנזין | מכונאות רכב דיזל,שחאדה מוהנד
92090,עלי אל סאלח מוחמד פחחות וצבע עלי,מוסך מורשה,יפיע,רחוב 504,052-6574080,16955,,2,תיקון מרכבי רכב | צבעות רכב,אבו סמחה מוחמד | ספדי נעמאן
92091,טאטור סמיר שאם שירותי רכב,מוסך מורשה,ריינה,איזור תעשייה חדש ריינה,052-5155911,16410,,2,מכונאות רכב בנזין | מכונאות רכב דיזל,טאטור סמיר
92092,מוחמד עבד אל קאדר מוסך גרמן גרופ,מוסך מורשה,נצרת,רחוב 2008,054-3057312,,39152228,2,מכונאות רכב בנזין | מכונאות רכב דיזל,מוחמד עבד אל
92093,פח סטייל עפולה בע מ,מוסך מורשה,עפולה,רחוב המלאכה 4,052-2885689,18252,516972031,2,תיקון מרכבי רכב | צבעות רכב,עואד ראיד
92095,מופלח סואעד - מוסך ב.מ.וו . מיני,מוסך מורשה,אבו סנאן,אל בוסתאן  ת ד 2233,054-7284095,24905,39242094,3,מכונאות רכב בנזין | מכונאות רכב דיזל | תיקון אחזקת רכב חשמלי/היברידי,סואעד מופלח
92096,ר.ב. מכונות טייח וגבס בע מ,לא ידוע קוד 0,דייר חנא,ת.ד. 5380   א.תעשיה,054-5421545,24973,516799939,1,רישום ראשוני לרכב חדש,בדארנה נימר
92100,מוסכי דאבל יו אם בע מ,מוסך מורשה,נשר,תעשיות מלט,054-8878161,36601,516946795,2,תיקון מרכבי רכב | צבעות רכב,עזר אלי
92103,עומר אבו עומר פרונט עומר הממוחשב,מוסך מורשה,פרדס חנה,ערר 3 ליד מכון רישוי חן בע מ,052-3901068,37000,,1,תיקון וכוון מתלים ברכב,אבו עומר עומר
92104,פנצריית כחול לבן המאם חליל,מוסך מורשה,חיפה,הסתדרות 277,052-7070715,,212689541,1,תיקון והחלפת צמיגים,חנא דאוד
92106,טרקטורים מוסך הקיבוץ בע מ,מוסך מורשה,עין המפרץ,ד.נ אשרת,052-3967099,25210,516922572,2,טרקטורים ומכונות ניידות | תיקון מלגזות הרמה,פרידמן נעם
92107,חיר מריסאת לפחחות ו,מוסך מורשה,אעבלין,אעבלין 1 כניסה מערבית,052-5502039,30012,,1,תיקון מרכבי רכב,מריסאת חיר
92109,אליאס ג'ובראן,מוסך מורשה,דלתון,א.תעשיה רמת דלתון,050-8841016,13811,66536319,4,מכונאות רכב בנזין | מכונאות רכב דיזל | טרקטורים ומכונות ניידות | תיקון מלגזות הרמה,ג'ובראן אליאס
92111,טייסון צמיגים בע מ,מוסך מורשה,באקה אל-גרביה,כביש ראשי כניסה כביש 6,050-9700055,30100,516978095,1,תיקון והחלפת צמיגים,אבו מוך סאלח
92113,איאד פרונט איאד הממוחשב,מוסך מורשה,ג'ת,ליד בית ספר אלפארוק,054-4750275,30091,,1,תיקון וכוון מתלים ברכב,ח'לף אחמד
92114,אבו חליל טייר,מוסך מורשה,סח'נין,אזור תעשיה סכנין,052-5332383,,,1,תיקון והחלפת צמיגים,בשיר עזיז
92115,מישיל רדיאטור פאר מישיל,מוסך מורשה,נצרת,מרג אבן עאמר 43,054-6761512,16000,,1,תיקון צנורות פליטה ודודי עמם,פאר מישיל
92116,מוסך מרואן גמאל )ארז(בע מ,מוסך מורשה,חיפה,מקלף 11 ציק פוסט,04-8477277,26112,515330918,4,מכונאות רכב בנזין | מכונאות רכב דיזל | תיקון מרכבי רכב | צבעות רכב,עודה נור אלדי | ג'מאל מרואן
92117,פאעור מוניר ובניו פחחות וצבע בע,מוסך מורשה,נשר,המסילה 18,050-6729917,20302,516085354,2,תיקון מרכבי רכב | צבעות רכב,סיני יעקב
92118,מוסך הצפון גורג והנרי דור בע מ,מוסך מורשה,נצרת,רח 2008,054-4640333,16000,511106528,5,מכונאות רכב בנזין | מכונאות רכב דיזל | תיקון אחזקת רכב חשמלי/היברידי | חשמלאות רכב | שירות תיקון למזגן אויר לרכב,דור ג'ון | מרג'יה מרואן
92119,וסים גבארין מוסך החברים,מוסך מורשה,,שכונת אל שרפה ת ד 4538,052-4544049,30010,36827046,1,תיקון מרכבי רכב,אגבאריה חוסין
92121,קואטרו מוטורס מירון בע מ,מוסך מורשה,מירון,ד.נ. מרום הגליל,050-9006246,13910,516521325,1,תיקון טרקטורונים,עבאס גסאן
92122,מוסך ג'לאל,מוסך מורשה,אבו סנאן,אבו סנאן,054-3900130,24905,,2,מכונאות רכב בנזין | מכונאות רכב דיזל,מג'דוב סמיר
92123,טייר סנטר רשת צמיגים בע מ,מוסך מורשה,חיפה,הנופר 2,050-5757790,26294,514583558,1,תיקון והחלפת צמיגים,ענף רחמים
92124,פנצ'ריית דג'ש סעיד,מוסך מורשה,דייר חנא,מתחם ת.ד. סונול,050-2521463,24973,205879927,1,תיקון והחלפת צמיגים,אבו סאלח מרואן
92125,מרכז שירות א.מ. דיזל בע מ,מוסך מורשה,זרזיר,ת.ד. 32  א.תעשיה,052-8845333,10600,517041281,3,מכונאות רכב בנזין | מכונאות רכב דיזל | מכונאות דיזל משאיות ואוטובוסים,אבו גוש מוחמד
92126,פופאי יבוא ושיווק צמיגים בע מ,מוסך מורשה,טבריה,רח' חיים שפר 12,054-3337077,14102,516527884,1,תיקון והחלפת צמיגים,פואז נזאל
92127,סעיד שווה הולילאנד אביזרי רכב,מוסך מורשה,ג'ת,"רח אל קודס ת,ד 2186",054-5395157,30091,29194503,2,מכונאות רכב בנזין | מכונאות רכב דיזל,אבו מוך עאוני
92128,אסלאם ועבד מוסך וולוו טיק,מוסך מורשה,גת (קיבוץ),א.תעשייה ת ד 1534,054-9711117,30091,305288391,2,אוטוטק רכב קל | מכונאות דיזל משאיות ואוטובוסים,אבו אל רוב אסלא
92129,91236,מוסך מורשה,עפולה,רחוב השרטט 18,050-6769997,18350,517083192,2,אוטוטק רכב קל | תיקון אחזקת רכב חשמלי/היברידי,אגבאריה עבד אלע
92131,פיניש ליין,מוסך מורשה,מג'ד אל-כרום,כביש ראשי מג'דאל כרום,054-6137005,20190,,1,תיקון והחלפת צמיגים,מנאע מוהנאד
92132,זעאתרה שאדי להברקת צבע ופנסים,מוסך מורשה,יפיע,כביש ראשי,054-6877220,16955,21819180,1,צבעות רכב,עואד בולוס
92133,מוסך סאמח מרעי,מוסך מורשה,בית ג'ן,"שכ' חיילים משוחררים, בית ג'ן",052-5982351,24990,,2,מכונאות רכב בנזין | מכונאות רכב דיזל,חמזה פנדי
92135,בחרי בנימין  שליו נגררים,מוסך רישוי לרכב חדש,מגדל,רחוב הערבה  מושב מגדל,050-5255368,14950,54622790,1,רישום ראשוני לרכב חדש,בנימין שלו
92137,ביאן אבו עואד פחחות וצבע,מוסך מורשה,בוקעאתא,כביש נביא אלחדר,054-6408332,12437,200243426,2,תיקון מרכבי רכב | צבעות רכב,עואד מילאד
92138,אדמוני אריאל - אדמוני אופנועים,מוסך מורשה,חדרה,פרידלנר 8,054-5653313,38130,314958760,1,מכונאות אופנועים וקטנועים,אורצ'ה רוברט טי
92139,יוניברסל מוטור אל בע מ,מוסך מורשה,פרדס חנה,תדהר 1,052-8916662,,511809071,5,מכונאות רכב בנזין | מכונאות רכב דיזל | תיקון אחזקת רכב חשמלי/היברידי | תיקון מרכבי רכב | צבעות רכב,מלכה יחיאל | אבו פני נהאד | נהאד אבו פני | אבו פני ניהאד
92140,צמיגי השלום,מוסך מורשה,כעביה-טבאש-חג'אג'רה,כעביה מול קופת חולים כללית,052-7715428,36591,,1,תיקון והחלפת צמיגים,נדב שלמה
92141,ש.מ מוסך שרות כרמיאל בע מ,מוסך מורשה,כרמיאל,רח' המלאכה 26   ת.ד. 81  כרמיאל,052-2439004,21651,515537546,2,מכונאות רכב בנזין | מכונאות רכב דיזל,עאבד מוחמד
92142,מירו נתנאל מירו קרוס לאופנועים,מוסך מורשה,חיפה,חטיבת גולני 14,053-4297894,31282,,1,מכונאות אופנועים וקטנועים,מאירסון גיל
92143,אגד חברה לתחבורה בע מ,מוסך מורשה,חדרה,רחוב רמבם 8 תחנה מרכזית,03-9143531,38361,516041118,1,מכונאות דיזל משאיות ואוטובוסים,תירם יחי
92144,מוסך אחים אסדי פחחות וצבע,מוסך מורשה,גדידה,ת ד 5425 ג'דיידה מכר,054-4257723,25105,,2,תיקון מרכבי רכב | צבעות רכב,אסדי מוחמד
92146,ערן מוטורס  כחלון ערן,מוסך מורשה,עפולה,רחוב פנקס צבי 28,052-4145055,18350,205394356,2,מכונאות רכב בנזין | מכונאות רכב דיזל,גרינבאום יואל
92147,מוסך קריית הרכב ירכא בע מ,מוסך מורשה,ירכא,ת.ד.784 כביש ראשי חלקה 32 קריית הרכב ירכ,050-4010603,24967,512905332,3,מכונאות דיזל משאיות ואוטובוסים | תיקון והחלפת צמיגים | תיקון וכוון מתלים ברכב,שקור חוסאם | חידרי ואליד
92148,רמקו מוטורס בע מ,מוסך מורשה,טבריה,רחוב הפנס 3 טבריה עילית,052-3378832,14133,516928488,3,אוטוטק רכב קל | תיקון אחזקת רכב חשמלי/היברידי | אוטוטק מרכבי רכב וצביעתם,נג'אר מארק
92149,אבי בן סעדון אבי פרונט,מוסך מורשה,חדרה,בעלי המלאכה 13,050-7393352,38402,37703501,2,מכונאות רכב בנזין | מכונאות רכב דיזל,כחלון שלום
92150,מוחמד זוביידאת מוסך טופ גיר,מוסך מורשה,חיפה,העמילים 7,052-5359690,26247,318474152,2,מכונאות רכב בנזין | מכונאות רכב דיזל,ג'מאל תאופיק
92153,יהלום מור ורז סחר ותיווך בע מ,מוסך מורשה,מגאר,א. תעשיה מראר רח' 47,052-2250531,14930,517039350,2,תיקון מרכבי רכב | צבעות רכב,חמוד אשרף
92154,חמידו צמיגים,מוסך מורשה,טמרה,א.ת. טמרה,052-6808520,30811,,1,תיקון והחלפת צמיגים,דיאב מחמוד
92156,סופר טסט 2005 בע מ,מוסך מורשה,חיפה,המוסכים 20,052-2486211,,513762385,2,תיקון מרכבי רכב | צבעות רכב,תלחמי עיסא
92157,אולניק חברה להובלה בע מ,מוסך מורשה,חדרה,בעלי המלאכה 25,052-3366386,,510783335,7,מכונאות רכב בנזין | מכונאות רכב דיזל | מכונאות דיזל משאיות ואוטובוסים | תיקון והחלפת צמיגים | אישור כשירות לצמ ה ומכונה ניידת | טרקטורים ומכונות ניידות | תיקון מלגזות הרמה,בן שושן גיא | חיים משה
92158,צמיגי נעמן יבוא ושיווק 1988 בע מ,מוסך מורשה,חיפה,צומת כרם מהרל,052-2271159,,511335382,1,תיקון והחלפת צמיגים,ברקוביץ מיכאל
92159,מוסך שירותי דרך,מוסך מורשה,כפר מסריק,קיבוץ כפר מסריק,054-7821326,25208,,4,מכונאות רכב בנזין | מכונאות רכב דיזל | מכונאות דיזל משאיות ואוטובוסים | טרקטורים ומכונות ניידות,סעיד חביב
92160,הנדסת נירוסטה חמוד ג'מאל,מוסך רישוי לרכב חדש,מג'ד אל-כרום,,052-5526247,20190,200404895,1,רישום ראשוני לרכב חדש,חמוד גמאל
92161,מאליק עזאיזה מוסך מאליק,מוסך מורשה,דבורייה,רחוב אלואד דבוריה,050-9988421,16910,34645705,1,אוטוטק רכב קל,עזאיזה מאלכ
92162,קלעאני אג'וד חשמל ומזוג הרמה,מוסך מורשה,בוקעאתא,ת.ד. 2309  בוקעתה,050-8588359,12437,40523854,2,חשמלאות רכב | שירות תיקון למזגן אויר לרכב,קלעאני אגוד
92163,עלא אלדין אבו מוך מוסך תחנת סיכה,מוסך מורשה,באקה אל-גרביה,רח ראשי ת ד 1464,04-6229544,30100,23380256,2,מכונאות רכב בנזין | מכונאות רכב דיזל,אבו מוסך יאסר | אבו מוך יאסר
92164,פנצרית וג'נטים ליאן סח'ניני בלאל,מוסך מורשה,דבורייה,רחוב אלזהרא     ת.ד. 829,052-7043738,16910,302760798,1,תיקון והחלפת צמיגים,סח'ניני בילאל
92165,הנדסת נרוסטה,מוסך רישוי לרכב חדש,מג'ד אל-כרום,ת ד 189 מג'דאל כרום,052-5526247,20190,200404895,1,רישום ראשוני לרכב חדש,חמוד גמאל
92166,מוסך אחים דרויש,מוסך מורשה,נחף,א.תעשיה חדש,052-2417842,30137,58608290,2,מכונאות רכב בנזין | מכונאות רכב דיזל,חוסין עלי
92168,נור צמיגי אבו זאמל,מוסך מורשה,כפר כנא,דרב אלשוק,052-3900601,16930,315881888,1,תיקון והחלפת צמיגים,אבו זאמל מרואן
92169,מ.א.  מוסך אייל בע מ,מוסך מורשה,ראש פינה,א.תעשיה  צ.ח.ר  ראש פינה,052-5720443,12000,516313277,2,מכונאות רכב בנזין | מכונאות רכב דיזל,אבו זהייא לטיף
92170,אלכסנדר שומרין פי די אר פיקס קאר,מוסך מורשה,קריית ביאליק,בעלי המלאכה 5,053-3327924,27513,337836654,3,מכונאות רכב בנזין | מכונאות רכב דיזל | תיקון מרכבי רכב,אבו הלאל חאלד | שומרין אלכסנדר
92171,אמגד עבאס אופנועי אמגד,מוסך מורשה,נצרת,49/70,052-6470654,16506,307856831,2,מכונאות אופנועים וקטנועים | טרקטורים ומכונות ניידות,עבאס אמג'ד
92172,דחלה עומר  פנצ'ריית אוטו עומר,מוסך מורשה,טורעאן,רחוב אלמטל 32,054-7938715,10661,203009493,1,תיקון והחלפת צמיגים,דחלה עומר
92174,ג.ש.מוסך נתיבי הצפון בע מ,מוסך מורשה,חיפה,השיש 6,053-5205543,26291,517167979,2,תיקון מרכבי רכב | צבעות רכב,כורזום נביל
92175,פחחות וצבע המעיין  ג'בארין עלי,מוסך מורשה,תל יוסף,מעלה עירון א.תעשיה תל יוסף,054-2279831,19132,28293611,1,אוטוטק מרכבי רכב וצביעתם +מסגרות,ג'בארין עלי
92176,חוסם יוסף מוסך ספיד קאר,מוסך מורשה,כפר יאסיף,אזור תעשייה ת ד 490,050-7573974,24908,40759441,2,מכונאות רכב בנזין | מכונאות רכב דיזל,פרח הדאיה
92177,טרקטורים וציוד אי.טי.אי  בע מ,מוסך מורשה,תענכ,מחנה עמוס  בסיס תובלה,050-7887100,19145,512994054,5,מכונאות רכב בנזין | מכונאות רכב דיזל | מכונאות דיזל משאיות ואוטובוסים | חשמלאות רכב | שירות תיקון למזגן אויר לרכב,בוזגלו דניאל | יוגב גד עופר
92178,מילניום שרותים ולוגיסטיקה בע מ,מוסך מורשה,קריית אתא,התעשייה 52,052-5510075,28000,512592064,1,מכונאות דיזל משאיות ואוטובוסים,אלבז יגאל
92179,מוסך מוהנד,מוסך מורשה,כפר מנדא,ת ד 108 כפר מנדא,052-2182020,17907,,2,מכונאות רכב בנזין | מכונאות רכב דיזל,זידאן מוהנד
92180,מוסך מלגזות הצפון בע מ,מוסך מורשה,ראש פינה,רח' הספיר 1 אזור תעשיה צ.ח.ר,050-3423434,1200,516007002,2,טרקטורים ומכונות ניידות | תיקון מלגזות הרמה,מרום צבי
92181,בנימין נסאר מוסך חצור,מוסך מורשה,חצור הגלילית,א.תעשיה רח' הנפח  ת.ד  3958,050-6667013,10300,58157108,2,מכונאות רכב בנזין | מכונאות רכב דיזל,קוגמאן דוד קובי
92182,מוסך  א.תי.וי  צ'מפיון,מוסך מורשה,פקיעין (בוקייעה),ת.ד. 3009   פיקעין,054-8953800,24914,200403616,1,תיקון טרקטורונים,ח'יר אסעד
92183,ק'לעאני וג'די מוסך,מוסך מורשה,בוקעאתא,ת.ד. 2305  בוקעתה,050-8614711,12437,40528804,2,מכונאות רכב בנזין | מכונאות רכב דיזל,קלעאני וג'די
92184,מוחמד אגבאריה מוסך אחים שרים,מוסך מורשה,,שכ  בידר דבאלה ת ד 4158,050-2621723,,200692341,2,מכונאות רכב בנזין | מכונאות רכב דיזל,אגבאריה מוחמד
92186,דג'ש אחסאן מכון הצפון,מוסך מורשה,עפולה,רחוב החרוד 5  ת.ד. 2877,050-7441969,19115,29882222,3,בדיקות-רכב )קניה ומכירה) | תיקון וכוון מתלים ברכב | בדיקת רכב לאחר תאונה,דגש אחסאן
92187,אם אן  ישראל אבו ג'נב נאאל,מוסך מורשה,מגאר,ח'לת אלשריף ת.ד. 5287,050-7423778,20128,34789354,2,מכונאות רכב בנזין | מכונאות רכב דיזל,אבו ג'נב נאיל
92188,מרכז שירות צרפתי,מוסך מורשה,מג'ד אל-כרום,ת ד 980 מג'דאל כרום,054-5246793,20190,,1,אוטוטק רכב קל,מנאע חסן
92189,מוסך יפן  סעד מחמוד,מוסך מורשה,מג'דל שמס,ת.ד. 1065 א.תעשיה מול ת.דלק סונול,052-3645394,12438,80919822,1,אוטוטק מרכבי רכב וצביעתם,מחמוד סאפי
92190,טסלה מוטורס ישראל בע מ,מוסך מורשה,קריית אתא,דרך חיפה 26,054-7836006,28000,516106986,3,אוטוטק רכב קל | תיקון אחזקת רכב חשמלי/היברידי | תיקון וכוון מתלים ברכב,פורטנר ליאו
92191,סעיד מוסך אחים מחאמיד סעיד,מוסך מורשה,,דרך עין גראר 113,052-3296310,30010,,2,מכונאות רכב בנזין | מכונאות רכב דיזל,מחאמיד סעיד
92192,פלסן סאסא בע מ,מוסך מורשה,סאסא,קבוץ סאסא,050-8877597,13870,513768341,1,מוסך נייד לחילוץ ולתיקוני חירום,קאלו גיא
92193,מוסך ווואגן מוטורליין בע מ,מוסך מורשה,כרמיאל,רחוב להב 43,04-6971979,20100,517245023,1,אוטוטק רכב קל,עבד אל גני עבד
92194,מוחמד זידאן ז.מ מוטורס,מוסך מורשה,חיפה,ההסתדרות 238,053-8229668,17907,32980005,2,מכונאות רכב בנזין | מכונאות רכב דיזל,זידאן מוחמד
92195,עטיה עבדאללה חיראלדין היי בוסט,מוסך מורשה,ריינה,רחוב אל אנדלס,054-7275703,16940,,3,מכונאות רכב בנזין | מכונאות רכב דיזל | חשמלאות רכב,אמארה מוחמד | עטיה עבדאללה
92196,צמיגי השלום,מוסך מורשה,עין יעקב,מושב עין יעקב 33,052-6172428,25135,,1,תיקון והחלפת צמיגים,סגל אהרון
92197,מוסך הוותיקים - פחחות וצבע,מוסך מורשה,עין המפרץ,ד.נ. גליל מערבי קיבוץ עין המפרץ,054-6745142,25210,,1,אוטוטק מרכבי רכב וצביעתם,עווד פהד
92199,מוסך מנהל עלו 4 על 4,מוסך מורשה,עספיא,כביש ראשי ת ד 1303,054-5800703,,39937974,2,מכונאות רכב בנזין | מכונאות רכב דיזל,אמארה מוחמד
92200,פרוד-אקס א.נ. בע מ,מוסך מורשה,חיפה,מקלף 30,054-5801991,31250,516848686,3,מכונאות רכב בנזין | מכונאות רכב דיזל | תיקון והחלפת צמיגים,דהן שמעון מש | שחאודה אלון חזי
92201,אנור מרגיה מוסך מרצדס,מוסך מורשה,יפיע,כניסה דומית,050-8332748,16955,,2,מכונאות רכב בנזין | מכונאות רכב דיזל,מרג'יה אנור
92202,מרכז פחחות  מוטורס כרמיאל בע מ,מוסך מורשה,כרמיאל,החרושת 44 כרמיאל,052-6011919,20100,511809071,1,אוטוטק מרכבי רכב וצביעתם,עבד אל ראזק מוח
92203,סופר פרונט תיקון ושירות בע מ,מוסך מורשה,חדרה,מיזר 3,050-7560980,38000,517293288,2,מכונאות רכב בנזין | מכונאות רכב דיזל,ויצמן שלומיק
92204,מטרופלין שירותי  פח וצבע בע מ,מוסך מורשה,חיפה,חלוצי התעשייה  6,054-6705235,,516889359,2,תיקון מרכבי רכב | צבעות רכב,רוקח נסים
92205,סלימאן חליך מוסך סולי,מוסך מורשה,חיפה,מרקוני 22,050-5268891,20188,23407646,1,צבעות רכב,ח'ליף אנטון
92206,מוסך גורג סרוגי ובניו בע מ,מוסך מורשה,נוף הגליל,הפריון 6,04-6451137,17000,516686516,3,מכונאות רכב בנזין | מכונאות רכב דיזל | חשמלאות רכב,זהר סאמי | סרוג'י ג'ורג'
92207,מוסך חרושת לפחחות וצבע בע מ,מוסך מורשה,חיפה,השיש 49,052-4717788,26291,515217370,1,תיקון מרכבי רכב,חג'אזי אמין
92208,מחאמיד אחמד מוסך דבאח,מוסך מורשה,,רחוב עין גראר,050-9039923,30010,203350921,2,מכונאות רכב בנזין | מכונאות רכב דיזל,מחאמיד אחמד
92209,מידן פרטוש מוסך מידן טרקטורונים,מוסך מורשה,פרדס חנה,האורנים 117,054-3534148,37000,305255572,1,תיקון טרקטורונים,פרטוש יצחק מיד
92210,חואלד מרואן מוסך מרואן,מוסך מורשה,ריינה,איזור תעשייה חדש,052-8220558,16940,59343400,2,מכונאות רכב בנזין | מכונאות רכב דיזל,ח'ואלד מרואן
92211,ניצני משהד פחחות וצבע בע מ,מוסך מורשה,קריית אתא,ההסתדרות 236,04-6226224,32951,517057741,2,תיקון מרכבי רכב | צבעות רכב,סואעד נאסר
92212,שירותי אוטובוס מאוחדים בע מ,מוסך מורשה,חוסן,א.תעשייה,053-5964211,25180,513983593,2,מכונאות רכב דיזל | מכונאות דיזל משאיות ואוטובוסים,סבאג ניסים
92213,יוסי מוטורס שירותי רכב,מוסך מורשה,חיפה,חלוצי התעשייה 12,050-3557766,31012,,2,תיקון מרכבי רכב | צבעות רכב,גולדשטיין ליאור
92214,א.מ.י צמיגים דבוריה בע מ,מוסך מורשה,דבורייה,כביש שירות בכניסה לדבוריה,052-7579955,16910,515116523,1,תיקון והחלפת צמיגים,שיבלי שאדי
92215,קאר בק פחחות וצבע בע מ,מוסך מורשה,נוף הגליל,העבודה 12,054-4237112,17000,517284998,2,תיקון מרכבי רכב | צבעות רכב,איוב ויסאם
92216,נגררי ומתכת העמק אפיקים,מוסך מורשה,אפיקים,קבוץ אפיקים,054-4933135,15148,52449915,1,מכונאות דיזל משאיות ואוטובוסים,אבו אחמד המאם
92217,ירון גלזר על הדרך,מוסך מורשה,עין הנצי ב,עין הנציב,055-8835234,10805,27220821,1,מוסך נייד לחילוץ ולתיקוני חירום,גלזר ירון עוד
92218,א.ל. רגינסקי השקעות בע מ,מוסך מורשה,עפולה,רח' מנחם בגין 70,050-7316310,18350,517241436,2,מכונאות רכב בנזין | מכונאות רכב דיזל,נדאף עפיף
92219,א..סדנת הרכב,מוסך מורשה,מעלות-תרשיחא,רחוב האלה  תפן,052-8818015,24959,211854245,2,מכונאות רכב בנזין | מכונאות רכב דיזל,כהן אברהם
92220,דרך אור ר.מ בע מ,מוסך רישוי לרכב חדש,חיפה,בהרב יקותאל 49,050-9228402,,514210574,1,רישום ראשוני לרכב חדש,הלוי יפתח
92221,מוסך דויטש נאות מרדכי,מוסך מורשה,נאות מרדכי,קבוץ נאות מרדכי,054-6565560,12120,24593162,1,אוטוטק רכב קל,דויטש רונן
92222,א.דאהר בע מ,מוסך מורשה,עפולה,רחוב קהילת ציון 34,054-5833417,18350,512308099,2,אוטוטק רכב קל | תיקון אחזקת רכב חשמלי/היברידי,מריסאת נסים
92223,אמיר הורנשטיין שירות לרכב,מוסך מורשה,אפיקים,פארק אדיסון עמק הירדן,050-8651911,15148,41244369,1,אוטוטק רכב קל,גורן אמנון
92224,א.מ. חשמל רכב,מוסך מורשה,שפרעם,תאופיק זיאד 70,050-2665375,20200,,1,חשמלאות רכב,זערורה מוראד
92226,אוברסיז קומרס בע מ,מוסך מורשה,חיפה,הנופר 7,054-9079076,,510490071,1,תיקון מלגזות הרמה,שפרבר חיים
92228,פנצ'ריית רמת דוד איתי כהן,מוסך מורשה,רמת דוד,א.ת. רמת דוד,053-5300982,30093,39823489,1,תיקון והחלפת צמיגים,שיבלי נאדר
92229,מוסך טופ - קאר,מוסך מורשה,קריית ביאליק,לוי יוסף 9 א.ת. קריית ביאליק,052-6144904,26163,,2,תיקון מרכבי רכב | צבעות רכב,עזאם פיטר
92230,מוסך אחים דיב,מוסך מורשה,מכר,א.ת. כפר מכר ת.ד. 897,052-9281801,25105,,2,מכונאות רכב בנזין | מכונאות רכב דיזל,חדאד אילי
92231,עבד אלסלאם פנצריית האחים,מוסך מורשה,חדרה,קלז 4,050-69024448,,,1,תיקון והחלפת צמיגים,חליל עבד אל ס
92232,פאדי אל מור  מוסך אל מור,מוסך מורשה,מעיליא,אחוב אל מארג א.תעשייה,050-9978890,25140,318404910,1,אוטוטק מרכבי רכב וצביעתם,אלמור פאדי
